Symbol,OpenedAt,Name
SKHYNIXUSDT,2026-07-09 00:00:01.214721+00,Standard Scalping
SKHYNIXUSDT,2026-07-09 00:00:05.923377+00,Scalping Clone
BABAUSDT,2026-07-09 01:39:35.35691+00,Standard Scalping
BABAUSDT,2026-07-09 01:39:39.186214+00,Scalping Clone
ONGUSDT,2026-07-09 01:39:48.422914+00,LSE Counter-Trend 
VVVUSDT,2026-07-09 03:34:47.3048+00,LSE Counter-Trend 
TAGUSDT,2026-07-09 03:49:30.142521+00,Scalping Clone
TAGUSDT,2026-07-09 03:49:37.639548+00,Standard Scalping
TAGUSDT,2026-07-09 03:54:33.664938+00,MA Clone
JCTUSDT,2026-07-09 04:20:31.574948+00,MA Cross Momentum
JCTUSDT,2026-07-09 04:20:41.763249+00,Scalping Clone
JCTUSDT,2026-07-09 04:20:47.304381+00,Standard Scalping
HMSTRUSDT,2026-07-09 05:35:28.049478+00,Scalping Clone
HMSTRUSDT,2026-07-09 05:35:41.039386+00,Standard Scalping
PEOPLEUSDT,2026-07-09 05:39:25.761996+00,MA Cross Momentum
HPEUSDT,2026-07-09 15:35:44.676432+00,Standard Scalping
DOLOUSDT,2026-07-09 16:12:34.48513+00,Standard Scalping
DOLOUSDT,2026-07-09 16:27:36.105848+00,Standard Scalping
TUTUSDT,2026-07-09 16:52:34.687376+00,Standard Scalping
SIRENUSDT,2026-07-09 19:01:22.99178+00,LSE Counter-Trend 
ONUSDT,2026-07-09 19:03:30.661133+00,Scalping Clone
FIGHTUSDT,2026-07-09 19:41:41.939746+00,Standard Scalping
VIRTUALUSDT,2026-07-09 21:02:57.913907+00,LSE Counter-Trend 
BANANAS31USDT,2026-07-09 21:09:21.141249+00,Scalping Clone
STBLUSDT,2026-07-09 22:16:49.878471+00,Scalping Clone
RVNUSDT,2026-07-09 22:30:08.342122+00,Standard Scalping
ONUSDT,2026-07-09 23:15:51.298671+00,Standard Scalping
POWERUSDT,2026-07-10 01:43:24.819611+00,MA Clone
POWERUSDT,2026-07-10 01:43:30.16777+00,MA Cross Momentum
POWERUSDT,2026-07-10 01:43:42.235663+00,Standard Scalping
SLXUSDT,2026-07-10 02:15:43.495824+00,MA Cross Momentum
KATUSDT,2026-07-10 06:13:46.857694+00,MA Clone
KATUSDT,2026-07-10 06:13:52.694466+00,Scalping Clone
KATUSDT,2026-07-10 06:13:58.51005+00,Standard Scalping
BANANAUSDT,2026-07-10 07:15:33.056067+00,LSE Counter-Trend 
POPCATUSDT,2026-07-10 07:46:02.257443+00,LSE Counter-Trend 
NAORISUSDT,2026-07-10 07:46:15.733576+00,MA Clone
NAORISUSDT,2026-07-10 07:46:23.983712+00,Scalping Clone
NAORISUSDT,2026-07-10 07:46:29.059814+00,Standard Scalping
BERAUSDT,2026-07-10 08:02:14.484186+00,LSE Counter-Trend 
KGENUSDT,2026-07-10 08:29:45.101114+00,MA Clone
KGENUSDT,2026-07-10 08:29:50.119168+00,MA Cross Momentum
MUSDT,2026-07-10 09:34:07.594838+00,MA Cross Momentum
MUSDT,2026-07-10 09:34:17.340241+00,Scalping Clone
MUSDT,2026-07-10 09:34:22.433019+00,Standard Scalping
SEIUSDT,2026-07-10 11:29:15.291929+00,MA Clone
UNIUSDT,2026-07-10 11:54:48.294033+00,MA Clone
龙虾USDT,2026-07-10 12:20:01.127014+00,Standard Scalping
SYRUPUSDT,2026-07-10 14:28:08.298389+00,Standard Scalping
GRASSUSDT,2026-07-10 14:36:18.465223+00,LSE Counter-Trend 
RVNUSDT,2026-07-10 15:57:46.435711+00,MA Clone
RVNUSDT,2026-07-10 15:57:51.613139+00,MA Cross Momentum
RVNUSDT,2026-07-10 15:58:02.647708+00,Scalping Clone
B2USDT,2026-07-10 16:25:31.326404+00,MA Clone
B2USDT,2026-07-10 16:25:38.344699+00,MA Cross Momentum
MOVEUSDT,2026-07-10 18:06:45.91041+00,LSE Counter-Trend 
XANUSDT,2026-07-10 18:33:14.933805+00,MA Cross Momentum
CTRUSDT,2026-07-10 21:02:29.172981+00,MA Cross Momentum
CTRUSDT,2026-07-10 21:02:41.527357+00,Standard Scalping
APRUSDT,2026-07-10 23:00:58.402465+00,Standard Scalping
MONUSDT,2026-07-10 23:44:01.560947+00,Arrow Reversal
BLESSUSDT,2026-07-10 23:54:12.871441+00,MA Cross Momentum
BLESSUSDT,2026-07-10 23:54:24.497663+00,Scalping Clone
ALLOUSDT,2026-07-11 02:06:30.556229+00,MA Slope Caso 1
CBRSUSDT,2026-07-11 02:06:37.54717+00,MA Slope Caso 3
STGUSDT,2026-07-11 02:15:12.765445+00,MA Slope Caso 1
NVDAUSDT,2026-07-11 02:15:20.507637+00,MA Slope Caso 3
ADAUSDT,2026-07-11 02:23:01.605496+00,MA Slope Caso 1
TAKEUSDT,2026-07-11 02:23:08.879958+00,MA Slope Caso 2
EWYUSDT,2026-07-11 02:23:17.930312+00,MA Slope Caso 3
ORDIUSDT,2026-07-11 02:46:51.589966+00,MA Slope Caso 2
AWEUSDT,2026-07-11 02:55:51.755905+00,MA Slope Caso 2
EIGENUSDT,2026-07-11 03:53:39.044592+00,MA Slope Caso 2
KATUSDT,2026-07-11 04:21:05.76471+00,MA Clone
KATUSDT,2026-07-11 04:21:15.671769+00,MA Cross Momentum
KATUSDT,2026-07-11 04:21:33.794832+00,Scalping Clone
KATUSDT,2026-07-11 04:21:40.177408+00,Standard Scalping
RIVERUSDT,2026-07-11 14:21:47.152525+00,MA Slope Caso 1
HBARUSDT,2026-07-11 16:38:06.39334+00,MA Slope Caso 1
SXTUSDT,2026-07-11 16:44:53.403692+00,Standard Scalping
CLOUSDT,2026-07-11 18:47:33.827995+00,MA Clone
CLOUSDT,2026-07-11 18:47:41.950335+00,Scalping Clone
CLOUSDT,2026-07-11 18:47:47.694111+00,Standard Scalping
COINUSDT,2026-07-11 19:20:00.315048+00,LSE Counter-Trend 
COOKIEUSDT,2026-07-11 19:20:07.660915+00,Standard Scalping
APEUSDT,2026-07-11 19:28:06.230675+00,Arrow Reversal
CHZUSDT,2026-07-11 20:53:48.66841+00,Standard Scalping
ANKRUSDT,2026-07-11 21:59:37.225697+00,MA Clone
ANKRUSDT,2026-07-11 21:59:41.30217+00,MA Cross Momentum
ANKRUSDT,2026-07-11 21:59:50.2886+00,Scalping Clone
ANKRUSDT,2026-07-11 21:59:53.912567+00,Standard Scalping
DRIFTUSDT,2026-07-11 22:22:34.7122+00,Scalping Clone
TRADOORUSDT,2026-07-11 22:29:18.861492+00,Scalping Clone
HEIUSDT,2026-07-11 23:15:24.415915+00,MA Slope Caso 1
ENSOUSDT,2026-07-11 23:15:30.048964+00,MA Slope Caso 2
MAVUSDT,2026-07-11 23:24:30.468493+00,MA Slope Caso 2
GWEIUSDT,2026-07-12 00:06:45.607664+00,MA Clone
BLESSUSDT,2026-07-12 00:06:54.399011+00,MA Slope Caso 2
HMSTRUSDT,2026-07-12 00:31:18.832893+00,MA Clone
HMSTRUSDT,2026-07-12 00:31:22.14905+00,MA Cross Momentum
HMSTRUSDT,2026-07-12 00:31:38.262752+00,Standard Scalping
RVNUSDT,2026-07-12 00:42:00.541627+00,MA Slope Caso 2
BEUSDT,2026-07-12 02:15:50.528505+00,LSE Counter-Trend 
MANAUSDT,2026-07-12 03:05:03.733483+00,MA Slope Caso 1
UNIUSDT,2026-07-12 04:21:57.984088+00,Arrow Reversal
AGLDUSDT,2026-07-12 05:18:57.266541+00,Compresion ADN - Micro (5m)
RAREUSDT,2026-07-12 05:19:05.425024+00,FVG - 15m
AGLDUSDT,2026-07-12 05:19:11.547395+00,FVG - 1m
CHRUSDT,2026-07-12 05:19:16.467468+00,FVG - 5m
SKLUSDT,2026-07-12 05:29:10.787953+00,FVG - 15m
SXTUSDT,2026-07-12 05:29:16.858349+00,FVG - 1m
MITOUSDT,2026-07-12 05:29:24.942908+00,FVG - 5m
TACUSDT,2026-07-12 05:37:48.685545+00,FVG - 15m
ELSAUSDT,2026-07-12 05:37:54.793142+00,FVG - 1m
BEATUSDT,2026-07-12 05:38:00.883143+00,FVG - 5m
USUSDT,2026-07-12 05:47:55.10934+00,FVG - 15m
VANRYUSDT,2026-07-12 05:48:01.181614+00,FVG - 1m
YFIUSDT,2026-07-12 06:01:10.840407+00,Compresion ADN - Micro (5m)
SYNUSDT,2026-07-12 06:14:17.351191+00,Compresion ADN - Micro (5m)
MMTUSDT,2026-07-12 06:14:23.422348+00,FVG - 1m
UMAUSDT,2026-07-12 06:14:29.524867+00,FVG - 5m
C98USDT,2026-07-12 06:28:31.787629+00,Compresion ADN - Micro (5m)
JTOUSDT,2026-07-12 06:28:37.907018+00,FVG - 15m
SPELLUSDT,2026-07-12 06:28:43.982805+00,FVG - 1m
TUSDT,2026-07-12 06:28:50.041483+00,FVG - 5m
ZBTUSDT,2026-07-12 06:38:17.407325+00,FVG - 15m
ALLOUSDT,2026-07-12 06:38:25.523119+00,FVG - 1m
TLMUSDT,2026-07-12 06:50:00.360919+00,FVG - 1m
HOTUSDT,2026-07-12 07:02:31.219475+00,FVG - 1m
GUNUSDT,2026-07-12 07:15:44.804778+00,FVG - 15m
ZECUSDT,2026-07-12 07:24:57.637264+00,Compresion ADN - Micro (5m)
BLURUSDT,2026-07-12 07:33:37.604956+00,FVG - 1m
AIOUSDT,2026-07-12 07:43:56.27635+00,FVG - 15m
DEXEUSDT,2026-07-12 07:44:14.449976+00,FVG - 1m
SKYAIUSDT,2026-07-12 07:44:20.531835+00,FVG - 5m
VELVETUSDT,2026-07-12 07:52:57.837551+00,FVG - 15m
LABUSDT,2026-07-12 07:53:03.937055+00,FVG - 1m
QUSDT,2026-07-12 08:02:23.063092+00,FVG - 1m
CLOUSDT,2026-07-12 08:02:29.155138+00,MA Clone
CLOUSDT,2026-07-12 08:02:33.264522+00,Scalping Clone
CLOUSDT,2026-07-12 08:02:37.421916+00,Standard Scalping
AWEUSDT,2026-07-12 08:16:35.739813+00,FVG - 5m
DUSKUSDT,2026-07-12 08:16:41.81397+00,MA Slope Caso 2
TUTUSDT,2026-07-12 08:25:53.43951+00,FVG - 1m
EPICUSDT,2026-07-12 08:46:49.191212+00,FVG - 1m
SCRTUSDT,2026-07-12 09:20:13.209637+00,FVG - 1m
BANKUSDT,2026-07-12 09:28:50.747873+00,FVG - 1m
TSTUSDT,2026-07-12 09:50:27.585312+00,FVG - 1m
UBUSDT,2026-07-12 09:50:33.661669+00,LSE Counter-Trend 
UBUSDT,2026-07-12 09:50:47.823282+00,Scalping Clone
UBUSDT,2026-07-12 09:50:51.91038+00,Standard Scalping
ALTUSDT,2026-07-12 10:02:32.393937+00,FVG - 1m
MAGMAUSDT,2026-07-12 10:23:13.629841+00,FVG - 1m
ARBUSDT,2026-07-12 11:16:07.752898+00,FVG - 1m
ANKRUSDT,2026-07-12 11:46:00.814322+00,FVG - 1m
USUALUSDT,2026-07-12 12:48:02.090966+00,FVG - 1m
BABAUSDT,2026-07-12 14:22:53.114904+00,LSE Counter-Trend 
SOLUSDT,2026-07-12 14:23:01.27783+00,MA Slope Caso 1
HMSTRUSDT,2026-07-12 15:07:58.13265+00,MA Cross Momentum
HMSTRUSDT,2026-07-12 15:08:07.593353+00,Scalping Clone
HMSTRUSDT,2026-07-12 15:08:11.654654+00,Standard Scalping
FUSDT,2026-07-12 16:02:39.990362+00,Compresion ADN - Micro (5m)
GWEIUSDT,2026-07-12 16:29:55.846602+00,FVG - 1m
EVAAUSDT,2026-07-12 16:38:30.879498+00,FVG - 1m
2ZUSDT,2026-07-12 16:52:11.107008+00,FVG - 1m
STGUSDT,2026-07-12 16:52:16.505155+00,MA Slope Caso 1
PUNDIXUSDT,2026-07-12 17:03:57.180282+00,FVG - 5m
REDUSDT,2026-07-12 17:15:14.184423+00,FVG - 1m
HEIUSDT,2026-07-12 17:24:46.639196+00,FVG - 1m
STEEMUSDT,2026-07-12 17:44:10.418943+00,FVG - 5m
OGNUSDT,2026-07-12 17:55:52.456637+00,FVG - 5m
WLDUSDT,2026-07-12 18:26:59.393715+00,FVG - 5m
BEAMUSDT,2026-07-12 19:45:53.553118+00,FVG - 5m
FHEUSDT,2026-07-12 19:55:45.897906+00,FVG - 5m
BILLUSDT,2026-07-12 20:05:28.74036+00,FVG - 1m
BILLUSDT,2026-07-12 20:05:34.807356+00,FVG - 5m
APRUSDT,2026-07-12 20:14:55.72484+00,FVG - 1m
HUMAUSDT,2026-07-12 20:34:27.095439+00,FVG - 1m
PARTIUSDT,2026-07-12 20:34:33.155278+00,FVG - 5m
TWTUSDT,2026-07-12 20:45:36.139177+00,FVG - 1m
STORJUSDT,2026-07-12 21:09:52.370761+00,FVG - 1m
NILUSDT,2026-07-12 21:18:18.333399+00,FVG - 1m
MIRAUSDT,2026-07-12 21:34:20.251089+00,Compresion ADN - Micro (5m)
RESOLVUSDT,2026-07-12 22:10:23.48347+00,FVG - 5m
AVGOUSDT,2026-07-12 22:10:29.537742+00,MA Slope Caso 2
CATIUSDT,2026-07-12 22:27:06.814599+00,FVG - 1m
XPLUSDT,2026-07-12 22:36:29.956945+00,FVG - 1m
ENJUSDT,2026-07-13 00:05:51.535484+00,Compresion ADN - Micro (5m)
ESPORTSUSDT,2026-07-13 00:05:57.643123+00,FVG - 1m
UAIUSDT,2026-07-13 00:06:02.688427+00,FVG - 5m
XRPUSDT,2026-07-13 00:14:51.803956+00,Compresion ADN - Micro (5m)
XPINUSDT,2026-07-13 00:15:01.923538+00,MA Cross Momentum
PARTIUSDT,2026-07-13 00:15:23.492914+00,Standard Scalping
SNXUSDT,2026-07-13 00:25:01.051312+00,FVG - 1m
KITEUSDT,2026-07-13 00:32:48.08952+00,FVG - 1m
CYBERUSDT,2026-07-13 00:32:56.176378+00,FVG - 5m
JUPUSDT,2026-07-13 00:44:48.158976+00,LSE Counter-Trend 
BTCUSDT,2026-07-13 00:55:20.249524+00,MA Slope Caso 2
AXLUSDT,2026-07-13 01:14:22.05721+00,FVG - 1m
ESPUSDT,2026-07-13 01:31:46.01299+00,FVG - 15m
ZKUSDT,2026-07-13 01:31:52.112162+00,FVG - 1m
JCTUSDT,2026-07-13 01:32:06.496124+00,Standard Scalping
ERAUSDT,2026-07-13 01:53:33.349825+00,FVG - 5m
ATUSDT,2026-07-13 02:21:44.27858+00,FVG - 1m
TRXUSDT,2026-07-13 02:21:50.346833+00,MA Slope Caso 3
SUNUSDT,2026-07-13 02:29:52.966569+00,MA Slope Caso 3
RIVERUSDT,2026-07-13 02:38:47.502397+00,MA Slope Caso 1
PARTIUSDT,2026-07-13 02:38:59.704415+00,Standard Scalping
ZAMAUSDT,2026-07-13 02:53:29.255429+00,MA Slope Caso 3
PARTIUSDT,2026-07-13 03:07:58.93849+00,Standard Scalping
OPGUSDT,2026-07-13 03:18:19.738671+00,MA Slope Caso 1
SUIUSDT,2026-07-13 03:18:25.847489+00,MA Slope Caso 2
ENAUSDT,2026-07-13 03:27:33.335533+00,MA Slope Caso 2
NVDAUSDT,2026-07-13 05:07:09.593316+00,MA Slope Caso 2
GIGGLEUSDT,2026-07-13 05:28:08.410123+00,Compresion ADN - Micro (5m)
SKLUSDT,2026-07-13 05:36:42.161523+00,Compresion ADN - Micro (5m)
ELSAUSDT,2026-07-13 06:21:38.973257+00,MA Clone
ELSAUSDT,2026-07-13 06:21:43.038277+00,MA Cross Momentum
ELSAUSDT,2026-07-13 06:21:52.928574+00,Standard Scalping
PRLUSDT,2026-07-13 07:24:38.637117+00,LSE Counter-Trend 
ETCUSDT,2026-07-13 07:33:05.010457+00,Compresion ADN - Micro (5m)
HUSDT,2026-07-13 07:54:08.516594+00,MA Cross Momentum
TAOUSDT,2026-07-13 08:33:51.006922+00,LSE Counter-Trend 
GENIUSUSDT,2026-07-13 09:16:32.044109+00,Compresion ADN - Micro (5m)
MASKUSDT,2026-07-13 10:06:54.505838+00,LSE Counter-Trend 
ARBUSDT,2026-07-13 10:33:57.248453+00,Arrow Reversal
JTOUSDT,2026-07-13 10:47:23.877141+00,LSE Counter-Trend 
BUSDT,2026-07-13 10:47:29.983796+00,MA Clone
BUSDT,2026-07-13 10:47:35.456017+00,Scalping Clone
BUSDT,2026-07-13 10:47:41.572274+00,Standard Scalping
PYTHUSDT,2026-07-13 11:27:29.119031+00,Compresion ADN - Micro (5m)
SENTUSDT,2026-07-13 11:40:25.872771+00,Compresion ADN - Micro (5m)
OGUSDT,2026-07-13 12:42:05.469379+00,Compresion ADN - Micro (5m)
SKYAI1USDT,2026-07-13 13:13:52.602584+00,LSE Counter-Trend 
UBUSDT,2026-07-13 13:54:09.140633+00,Compresion ADN - Micro (5m)
TRBUSDT,2026-07-13 14:13:54.252874+00,Compresion ADN - Micro (5m)
BILLUSDT,2026-07-13 14:30:51.313833+00,Scalping Clone
BILLUSDT,2026-07-13 14:30:57.470238+00,Standard Scalping
UAIUSDT,2026-07-13 14:40:06.658887+00,MA Slope Caso 1
EGLDUSDT,2026-07-13 15:45:34.553675+00,MA Slope Caso 3
JUPUSDT,2026-07-13 16:08:07.086087+00,MA Cross Momentum
SOONUSDT,2026-07-13 16:58:26.967252+00,Compresion ADN - Micro (5m)
NAORISUSDT,2026-07-13 17:09:18.301812+00,LSE Counter-Trend 
CRVUSDT,2026-07-13 17:18:49.273972+00,MA Clone
CRVUSDT,2026-07-13 17:18:53.354081+00,MA Cross Momentum
ZECUSDT,2026-07-13 17:31:09.66937+00,MA Slope Caso 2
JASMYUSDT,2026-07-13 19:37:02.087376+00,Compresion ADN - Micro (5m)
FFUSDT,2026-07-13 19:59:03.742684+00,Compresion ADN - Micro (5m)
ZBTUSDT,2026-07-13 20:12:49.726372+00,Compresion ADN - Micro (5m)
AUSDT,2026-07-13 20:51:22.878463+00,Compresion ADN - Micro (5m)
C98USDT,2026-07-13 21:16:22.626695+00,MA Slope Caso 2
SAFEUSDT,2026-07-13 22:12:15.325116+00,MA Slope Caso 2
KITEUSDT,2026-07-13 22:24:38.098167+00,LSE Counter-Trend 
VANRYUSDT,2026-07-13 22:36:13.123266+00,MA Clone
VANRYUSDT,2026-07-13 22:36:19.250563+00,MA Cross Momentum
VANRYUSDT,2026-07-13 22:36:32.729064+00,Scalping Clone
VANRYUSDT,2026-07-13 22:36:38.825076+00,Standard Scalping
IDUSDT,2026-07-13 23:10:08.551941+00,FVG - 15m
COOKIEUSDT,2026-07-13 23:10:16.644343+00,FVG - 1m
ALLOUSDT,2026-07-13 23:10:22.734205+00,FVG - 5m
MANTAUSDT,2026-07-13 23:10:30.830372+00,MA Slope Caso 2
VICUSDT,2026-07-13 23:21:23.422397+00,FVG - 15m
SYNUSDT,2026-07-13 23:21:35.537634+00,FVG - 1m
PROMUSDT,2026-07-13 23:21:41.649146+00,FVG - 5m
USUALUSDT,2026-07-13 23:33:47.481566+00,FVG - 15m
LINEAUSDT,2026-07-13 23:33:55.583272+00,FVG - 1m
LAUSDT,2026-07-13 23:34:01.659059+00,FVG - 5m
MMTUSDT,2026-07-13 23:47:47.42927+00,FVG - 15m
THEUSDT,2026-07-13 23:47:59.551455+00,FVG - 1m
STGUSDT,2026-07-13 23:48:05.618841+00,FVG - 5m
0GUSDT,2026-07-13 23:59:40.514986+00,FVG - 15m
TUTUSDT,2026-07-13 23:59:48.586217+00,FVG - 1m
TUSDT,2026-07-14 00:12:03.350275+00,FVG - 1m
APRUSDT,2026-07-14 00:20:45.291355+00,Compresion ADN - Micro (5m)
HYUNDAIUSDT,2026-07-14 00:20:51.333266+00,FVG - 1m
EVAAUSDT,2026-07-14 00:20:57.392358+00,FVG - 5m
ADBEUSDT,2026-07-14 00:21:07.512257+00,MA Slope Caso 3
KGENUSDT,2026-07-14 00:39:36.078393+00,Compresion ADN - Micro (5m)
ALCHUSDT,2026-07-14 00:39:41.281707+00,FVG - 1m
DEXEUSDT,2026-07-14 00:49:14.816109+00,FVG - 5m
ETHFIUSDT,2026-07-14 00:56:17.836078+00,FVG - 5m
KAITOUSDT,2026-07-14 01:08:55.300451+00,FVG - 5m
AGLDUSDT,2026-07-14 01:14:25.639836+00,FVG - 15m
MANTRAUSDT,2026-07-14 01:28:56.153467+00,FVG - 5m
USDCUSDT,2026-07-14 01:57:04.940085+00,MA Slope Caso 2
BELUSDT,2026-07-14 02:03:51.604091+00,FVG - 5m
SXTUSDT,2026-07-14 02:34:10.329755+00,FVG - 15m
MEGAUSDT,2026-07-14 02:34:16.40409+00,FVG - 1m
STORJUSDT,2026-07-14 02:42:40.062609+00,FVG - 15m
REDUSDT,2026-07-14 02:42:44.358359+00,MA Slope Caso 2
XAUUSDT,2026-07-14 02:50:18.017036+00,MA Slope Caso 1
APRUSDT,2026-07-14 03:03:59.91951+00,MA Slope Caso 2
ZAMAUSDT,2026-07-14 03:25:09.30723+00,Compresion ADN - Micro (5m)
SXTUSDT,2026-07-14 03:25:15.406648+00,FVG - 15m
LITUSDT,2026-07-14 03:25:21.475664+00,MA Slope Caso 1
SENTUSDT,2026-07-14 03:34:00.245105+00,FVG - 15m
DEXEUSDT,2026-07-14 03:34:06.333412+00,FVG - 5m
JSTUSDT,2026-07-14 03:44:53.790677+00,Compresion ADN - Micro (5m)
MMTUSDT,2026-07-14 03:52:44.681287+00,FVG - 15m
STORJUSDT,2026-07-14 04:00:32.289753+00,FVG - 15m
WLDUSDT,2026-07-14 04:07:28.589375+00,FVG - 5m
ALLOUSDT,2026-07-14 04:21:31.365526+00,FVG - 15m
THEUSDT,2026-07-14 05:02:27.731373+00,FVG - 1m
SYNUSDT,2026-07-14 05:15:12.276+00,FVG - 1m
VANAUSDT,2026-07-14 06:10:19.496267+00,FVG - 1m
CLOUSDT,2026-07-14 06:19:42.699147+00,FVG - 1m
SKHYNIXUSDT,2026-07-14 06:24:35.397155+00,FVG - 1m
USUSDT,2026-07-14 06:36:23.640574+00,LSE Counter-Trend 
EVAAUSDT,2026-07-14 06:43:45.963225+00,FVG - 1m
MANAUSDT,2026-07-14 06:52:26.432343+00,LSE Counter-Trend 
VANRYUSDT,2026-07-14 07:00:13.197873+00,FVG - 1m
TUSDT,2026-07-14 07:10:43.042405+00,FVG - 1m
MUBARAKUSDT,2026-07-14 07:16:40.316554+00,FVG - 1m
ZKCUSDT,2026-07-14 07:31:01.775293+00,FVG - 1m
ZBTUSDT,2026-07-14 07:36:17.775693+00,FVG - 1m
POWERUSDT,2026-07-14 07:44:05.612547+00,LSE Counter-Trend 
SXTUSDT,2026-07-14 08:09:06.108308+00,Standard Scalping
BILLUSDT,2026-07-14 08:13:09.785536+00,FVG - 1m
LUMIAUSDT,2026-07-14 08:19:05.456168+00,FVG - 1m
CHIPUSDT,2026-07-14 08:24:41.301182+00,FVG - 5m
BBXUSDT,2026-07-14 08:24:50.08903+00,MA Slope Caso 1
UAIUSDT,2026-07-14 08:24:58.20975+00,Standard Scalping
LITUSDT,2026-07-14 08:29:58.26987+00,Standard Scalping
ZROUSDT,2026-07-14 08:34:24.066142+00,FVG - 5m
XPINUSDT,2026-07-14 08:41:40.568662+00,FVG - 1m
LABUSDT,2026-07-14 08:58:57.120571+00,FVG - 1m
EPICUSDT,2026-07-14 08:59:04.601364+00,FVG - 5m
BZUSDT,2026-07-14 08:59:26.838725+00,Standard Scalping
EGLDUSDT,2026-07-14 09:07:05.049216+00,FVG - 1m
GPSUSDT,2026-07-14 09:07:09.140175+00,FVG - 5m
MUSDT,2026-07-14 09:13:35.007671+00,Standard Scalping
CAPUSDT,2026-07-14 09:18:06.556365+00,FVG - 1m
HEIUSDT,2026-07-14 09:28:35.941469+00,Standard Scalping
COOKIEUSDT,2026-07-14 09:32:21.127369+00,FVG - 1m
ARCUSDT,2026-07-14 10:25:39.128771+00,FVG - 5m
AGLDUSDT,2026-07-14 10:29:43.308731+00,FVG - 5m
BICOUSDT,2026-07-14 10:49:22.563305+00,FVG - 5m
UNIUSDT,2026-07-14 11:09:59.579699+00,Compresion ADN - Micro (5m)
FFUSDT,2026-07-14 11:33:39.722233+00,FVG - 1m
BSBUSDT,2026-07-14 11:35:08.725105+00,Standard Scalping
MAGMAUSDT,2026-07-14 11:41:51.689434+00,FVG - 5m
ALCHUSDT,2026-07-14 11:56:21.873704+00,FVG - 5m
B3USDT,2026-07-14 12:04:07.939851+00,Scalping Clone
VELVETUSDT,2026-07-14 12:15:53.362397+00,FVG - 5m
KAITOUSDT,2026-07-14 12:20:51.503731+00,FVG - 1m
BLESSUSDT,2026-07-14 12:24:31.185629+00,FVG - 5m
XLMUSDT,2026-07-14 12:31:42.086359+00,Standard Scalping
GRASSUSDT,2026-07-14 12:31:53.829036+00,Standard Scalping
GWEIUSDT,2026-07-14 12:41:09.106847+00,FVG - 5m
HOMEUSDT,2026-07-14 12:41:15.197245+00,MA Slope Caso 1
ASTERUSDT,2026-07-14 12:41:19.232386+00,MA Slope Caso 3
IBMUSDT,2026-07-14 12:49:36.715022+00,FVG - 1m
JUPUSDT,2026-07-14 12:49:44.112423+00,MA Slope Caso 1
TRIAUSDT,2026-07-14 12:58:41.620243+00,FVG - 1m
EIGENUSDT,2026-07-14 13:07:48.867241+00,FVG - 1m
KITEUSDT,2026-07-14 13:17:42.408198+00,FVG - 5m
LAUSDT,2026-07-14 13:25:00.719896+00,FVG - 1m
AIGENSYNUSDT,2026-07-14 13:29:56.758707+00,FVG - 5m
ORCLUSDT,2026-07-14 13:42:07.951541+00,Compresion ADN - Micro (5m)
PAXGUSDT,2026-07-14 13:49:01.115488+00,FVG - 1m
HOLOUSDT,2026-07-14 13:49:08.205499+00,MA Slope Caso 1
MOVRUSDT,2026-07-14 14:02:14.5866+00,Compresion ADN - Micro (5m)
PIPPINUSDT,2026-07-14 14:49:01.220786+00,FVG - 15m
TREEUSDT,2026-07-14 14:49:07.295169+00,FVG - 5m
BUSDT,2026-07-14 15:01:05.657427+00,FVG - 5m
MORPHOUSDT,2026-07-14 15:12:00.480803+00,LSE Counter-Trend 
BEATUSDT,2026-07-14 15:19:14.234008+00,LSE Counter-Trend 
UBUSDT,2026-07-14 15:19:47.835457+00,Standard Scalping
YFIUSDT,2026-07-14 15:24:22.690377+00,MA Slope Caso 1
REDUSDT,2026-07-14 15:41:07.04009+00,MA Slope Caso 2
SAPIENUSDT,2026-07-14 15:47:28.830912+00,MA Slope Caso 2
ZESTUSDT,2026-07-14 16:05:09.793132+00,MA Slope Caso 2
SNXXUSDT,2026-07-14 16:10:20.272572+00,FVG - 5m
币安人生USDT,2026-07-14 16:31:33.946719+00,FVG - 5m
SOXLUSDT,2026-07-14 16:34:50.229281+00,FVG - 5m
1000CHEEMSUSDT,2026-07-14 16:50:26.030103+00,FVG - 5m
AKEUSDT,2026-07-14 16:57:40.554565+00,FVG - 5m
BTWUSDT,2026-07-14 17:30:15.077293+00,LSE Counter-Trend 
SLXUSDT,2026-07-14 17:41:50.979033+00,FVG - 5m
SLXUSDT,2026-07-14 17:42:01.115691+00,MA Slope Caso 1
TOWNSUSDT,2026-07-14 17:50:03.95961+00,FVG - 5m
EDUUSDT,2026-07-14 18:29:20.287067+00,Standard Scalping
BTRUSDT,2026-07-14 18:29:28.393999+00,Standard Scalping
HOODUSDT,2026-07-14 18:33:46.0906+00,FVG - 1m
HANAUSDT,2026-07-14 18:39:56.516553+00,FVG - 15m
1000RATSUSDT,2026-07-14 18:52:14.945897+00,FVG - 5m
SYRUPUSDT,2026-07-14 18:58:58.500047+00,FVG - 1m
HUSDT,2026-07-14 19:05:20.312507+00,FVG - 1m
STABLEUSDT,2026-07-14 19:05:26.394518+00,MA Slope Caso 2
AXTIUSDT,2026-07-14 19:15:08.161123+00,Standard Scalping
SPXUSDT,2026-07-14 19:34:39.897174+00,FVG - 15m
FOLKSUSDT,2026-07-14 19:47:27.779411+00,FVG - 15m
TLMUSDT,2026-07-14 19:47:31.659149+00,FVG - 1m
ALPINEUSDT,2026-07-14 19:54:45.120388+00,FVG - 1m
CRWDUSDT,2026-07-14 19:55:01.240685+00,Standard Scalping
INTWUSDT,2026-07-14 20:06:48.598013+00,FVG - 5m
ALPINEUSDT,2026-07-14 20:40:43.92533+00,Standard Scalping
MSFTUSDT,2026-07-14 21:06:10.899772+00,MA Slope Caso 2
TACUSDT,2026-07-14 21:19:32.200382+00,FVG - 1m
ESPORTSUSDT,2026-07-14 21:30:46.115977+00,FVG - 1m
1000XECUSDT,2026-07-14 21:42:26.501406+00,FVG - 15m
SNXUSDT,2026-07-14 21:42:32.559704+00,FVG - 1m
MVLLUSDT,2026-07-14 23:56:46.037522+00,FVG - 15m
NAORISUSDT,2026-07-14 23:56:49.765064+00,FVG - 1m
NBISUSDT,2026-07-14 23:56:55.33316+00,FVG - 5m
BASEDUSDT,2026-07-15 00:02:24.471746+00,FVG - 1m
HEMIUSDT,2026-07-15 00:02:30.531302+00,FVG - 5m
MEMEUSDT,2026-07-15 00:02:40.682677+00,Standard Scalping
BOTUSDT,2026-07-15 00:11:32.343745+00,FVG - 1m
KORUUSDT,2026-07-15 00:11:38.411233+00,FVG - 5m
DELLUSDT,2026-07-15 00:17:40.216077+00,Standard Scalping
SKHYUSDT,2026-07-15 00:25:45.556883+00,MA Cross Momentum
SKHYUSDT,2026-07-15 00:25:53.704049+00,Scalping Clone
BMNRUSDT,2026-07-15 01:02:29.396644+00,FVG - 5m
POPCATUSDT,2026-07-15 01:12:45.142545+00,Standard Scalping
KASUSDT,2026-07-15 01:17:40.393578+00,Scalping Clone
ELSAUSDT,2026-07-15 01:25:22.797313+00,FVG - 1m
PYTHUSDT,2026-07-15 01:52:36.799376+00,FVG - 1m
AUSDT,2026-07-15 02:00:47.368277+00,FVG - 1m
UVXYUSDT,2026-07-15 02:08:00.644004+00,MA Slope Caso 2
ATUSDT,2026-07-15 02:11:47.057718+00,MA Slope Caso 2
ZECUSDT,2026-07-15 02:16:46.419584+00,FVG - 1m
STOUSDT,2026-07-15 02:21:36.330073+00,FVG - 1m
PYTHUSDT,2026-07-15 02:23:11.21618+00,Scalping Clone
METUSDT,2026-07-15 02:27:04.393625+00,FVG - 1m
SUIUSDT,2026-07-15 02:27:08.526265+00,MA Slope Caso 3
NEWTUSDT,2026-07-15 02:37:00.065261+00,FVG - 1m
ETHBTCUSDT,2026-07-15 02:37:08.16409+00,MA Slope Caso 3
BLURUSDT,2026-07-15 02:49:34.850763+00,FVG - 1m
EDENUSDT,2026-07-15 03:03:57.222948+00,MA Slope Caso 2
AUSDT,2026-07-15 03:10:00.535221+00,FVG - 1m
AIGENSYNUSDT,2026-07-15 03:42:00.509467+00,FVG - 1m
SANDUSDT,2026-07-15 03:49:14.592346+00,MA Slope Caso 3
HOMEUSDT,2026-07-15 04:05:49.464448+00,FVG - 1m
ICNTUSDT,2026-07-15 04:05:55.628758+00,MA Slope Caso 2
MMTUSDT,2026-07-15 04:11:03.306459+00,FVG - 1m
0GUSDT,2026-07-15 04:11:07.457468+00,FVG - 5m
SYNUSDT,2026-07-15 04:32:53.318589+00,FVG - 1m
ASMLUSDT,2026-07-15 04:32:59.402051+00,MA Slope Caso 3 (15m)
JTOUSDT,2026-07-15 04:40:07.532088+00,FVG - 1m
ZBTUSDT,2026-07-15 04:47:43.676262+00,FVG - 1m
ZBTUSDT,2026-07-15 04:47:47.750907+00,FVG - 5m
BSPUSDT,2026-07-15 04:47:51.843837+00,MA Slope Caso 3 (15m)
VANAUSDT,2026-07-15 04:57:27.799637+00,FVG - 1m
CATIUSDT,2026-07-15 04:57:31.853222+00,FVG - 5m
GOOGLUSDT,2026-07-15 04:57:39.974428+00,MA Slope Caso 3 (15m)
TOWNSUSDT,2026-07-15 05:06:19.647762+00,FVG - 15m
TUSDT,2026-07-15 05:06:23.717682+00,FVG - 1m
CUSDT,2026-07-15 05:06:27.787384+00,FVG - 5m
LINEAUSDT,2026-07-15 05:11:42.854844+00,FVG - 1m
LDOUSDT,2026-07-15 05:11:46.936741+00,FVG - 5m
APEUSDT,2026-07-15 05:16:50.399947+00,FVG - 1m
RESOLVUSDT,2026-07-15 05:16:54.452001+00,FVG - 5m
KITEUSDT,2026-07-15 05:54:58.855763+00,FVG - 15m
SXTUSDT,2026-07-15 05:55:04.911218+00,FVG - 5m
VANRYUSDT,2026-07-15 06:02:21.264721+00,FVG - 15m
SNDKUSDT,2026-07-15 06:02:27.378924+00,MA Slope Caso 3 (15m)
HEIUSDT,2026-07-15 06:11:39.36372+00,FVG - 15m
AGLDUSDT,2026-07-15 06:28:21.12312+00,FVG - 15m
EGLDUSDT,2026-07-15 06:49:09.431494+00,FVG - 5m
KLACUSDT,2026-07-15 06:49:31.766887+00,Scalping Clone
USUALUSDT,2026-07-15 06:49:39.205208+00,Scalping Clone
ASMLUSDT,2026-07-15 06:57:28.856632+00,Scalping Clone
OGUSDT,2026-07-15 07:11:31.514873+00,Scalping Clone
BTCUSDT,2026-07-15 07:20:33.420351+00,MA Slope Caso 3
BABYUSDT,2026-07-15 07:30:05.904472+00,Compresion ADN - Micro (5m)
RAVEUSDT,2026-07-15 08:03:16.784794+00,Compresion ADN - Micro (5m)
COWUSDT,2026-07-15 08:03:44.402317+00,Standard Scalping
ALPINEUSDT,2026-07-15 08:14:49.574723+00,FVG - 1m
REUSDT,2026-07-15 08:18:00.724923+00,FVG - 1m
ESPORTSUSDT,2026-07-15 08:18:04.8602+00,FVG - 5m
XANUSDT,2026-07-15 08:43:39.628363+00,FVG - 1m
LAUSDT,2026-07-15 09:04:47.789704+00,Compresion ADN - Micro (5m)
VANRYUSDT,2026-07-15 09:09:59.348796+00,Scalping Clone
USUSDT,2026-07-15 09:27:22.860591+00,FVG - 1m
BSBUSDT,2026-07-15 09:35:17.462901+00,FVG - 5m
BSVUSDT,2026-07-15 09:44:23.870917+00,FVG - 15m
EDUUSDT,2026-07-15 09:44:29.938333+00,FVG - 5m
1000XECUSDT,2026-07-15 09:44:42.057753+00,Scalping Clone
HANAUSDT,2026-07-15 09:50:33.167629+00,FVG - 15m
SPORTFUNUSDT,2026-07-15 09:50:38.697842+00,FVG - 5m
DEXEUSDT,2026-07-15 09:58:03.091602+00,FVG - 5m
ALCHUSDT,2026-07-15 10:03:55.659435+00,FVG - 5m
OGNUSDT,2026-07-15 10:18:57.598781+00,FVG - 5m
BCHUSDT,2026-07-15 10:19:02.947088+00,MA Slope Caso 1
DODOXUSDT,2026-07-15 10:25:28.595483+00,FVG - 1m
VIRTUALUSDT,2026-07-15 10:29:17.062253+00,MA Slope Caso 3 (15m)
BEATUSDT,2026-07-15 10:34:29.418185+00,FVG - 1m
PTBUSDT,2026-07-15 10:49:04.343716+00,FVG - 1m
RAVEUSDT,2026-07-15 10:49:12.434787+00,Standard Scalping
MYXUSDT,2026-07-15 11:25:22.418899+00,FVG - 1m
AVAXUSDT,2026-07-15 11:42:04.760301+00,MA Slope Caso 3 (15m)
2ZUSDT,2026-07-15 11:55:39.207937+00,FVG - 1m
LABUSDT,2026-07-15 12:07:46.171946+00,FVG - 1m
PHAROSUSDT,2026-07-15 12:16:51.573429+00,FVG - 1m
METUSDT,2026-07-15 12:16:55.707289+00,FVG - 5m
COWUSDT,2026-07-15 12:23:49.67033+00,Scalping Clone
SKHYUSDT,2026-07-15 12:29:26.456242+00,FVG - 15m
UBUSDT,2026-07-15 12:29:30.54955+00,FVG - 1m
MAGMAUSDT,2026-07-15 12:33:24.057975+00,FVG - 15m
USELESSUSDT,2026-07-15 12:33:29.529947+00,FVG - 1m
HYPEUSDT,2026-07-15 12:34:38.788767+00,Scalping Clone
IOTAUSDT,2026-07-15 12:34:44.870514+00,Scalping Clone
SAHARAUSDT,2026-07-15 12:34:57.033311+00,Scalping Clone
RIFUSDT,2026-07-15 12:42:37.570346+00,FVG - 5m
GRAMUSDT,2026-07-15 12:55:22.076791+00,FVG - 1m
TAIKOUSDT,2026-07-15 12:55:28.184603+00,FVG - 5m
SOLUSDT,2026-07-15 13:02:12.158616+00,MA Slope Caso 3
ENSOUSDT,2026-07-15 13:08:22.277627+00,MA Slope Caso 3 (15m)
CCUSDT,2026-07-15 13:11:29.880363+00,FVG - 1m
FFUSDT,2026-07-15 13:18:01.486822+00,FVG - 1m
BILLUSDT,2026-07-15 13:24:03.498293+00,FVG - 1m
XPINUSDT,2026-07-15 13:29:08.241172+00,FVG - 1m
PIEVERSEUSDT,2026-07-15 13:46:56.615214+00,FVG - 5m
STABLEUSDT,2026-07-15 13:47:02.737954+00,MA Slope Caso 2
MUBARAKUSDT,2026-07-15 13:54:52.689197+00,FVG - 15m
AXTIUSDT,2026-07-15 13:54:56.772363+00,FVG - 1m
EVAAUSDT,2026-07-15 13:55:02.873789+00,FVG - 5m
BOTUSDT,2026-07-15 14:00:43.860661+00,FVG - 5m
JSTUSDT,2026-07-15 14:08:31.373562+00,FVG - 5m
VVVUSDT,2026-07-15 14:08:35.419741+00,MA Slope Caso 2
MANTAUSDT,2026-07-15 14:08:41.509968+00,MA Slope Caso 3 (15m)
BIRBUSDT,2026-07-15 14:11:51.019863+00,FVG - 5m
TNSRUSDT,2026-07-15 14:11:57.092146+00,MA Slope Caso 3 (15m)
INXUSDT,2026-07-15 14:27:30.781852+00,FVG - 1m
BTWUSDT,2026-07-15 14:27:34.824131+00,FVG - 5m
ALLOUSDT,2026-07-15 14:33:12.81971+00,FVG - 1m
FOLKSUSDT,2026-07-15 14:39:51.962235+00,FVG - 1m
WOOUSDT,2026-07-15 14:39:55.352134+00,FVG - 5m
PAXGUSDT,2026-07-15 14:39:59.221221+00,MA Slope Caso 3 (15m)
SNXXUSDT,2026-07-15 14:49:22.194382+00,FVG - 1m
0GUSDT,2026-07-15 14:49:31.031813+00,Standard Scalping
KAITOUSDT,2026-07-15 14:58:21.265304+00,FVG - 1m
NMRUSDT,2026-07-15 15:08:26.053928+00,FVG - 5m
1000BONKUSDT,2026-07-15 15:08:30.88914+00,MA Slope Caso 1
UAIUSDT,2026-07-15 15:20:56.770109+00,FVG - 15m
FLOCKUSDT,2026-07-15 15:21:02.855664+00,FVG - 1m
XRPUSDT,2026-07-15 15:21:08.969221+00,MA Slope Caso 3 (15m)
MVLLUSDT,2026-07-15 15:33:25.884154+00,FVG - 1m
HEMIUSDT,2026-07-15 15:42:22.605065+00,FVG - 1m
PLTRUSDT,2026-07-15 15:42:38.913024+00,Standard Scalping
EPICUSDT,2026-07-15 15:55:39.414843+00,FVG - 1m
RPLUSDT,2026-07-15 16:09:58.122393+00,Compresion ADN - Micro (5m)
BANKUSDT,2026-07-15 16:19:12.762386+00,FVG - 5m
NATGASUSDT,2026-07-15 16:19:22.846966+00,MA Slope Caso 1
SKYUSDT,2026-07-15 16:29:23.001178+00,FVG - 1m
ONDOUSDT,2026-07-15 16:29:27.099641+00,FVG - 5m
AIXBTUSDT,2026-07-15 16:33:59.62552+00,FVG - 1m
NFLXUSDT,2026-07-15 16:44:07.387368+00,MA Slope Caso 3 (15m)
IDUSDT,2026-07-15 16:51:02.682371+00,Compresion ADN - Micro (5m)
ORDERUSDT,2026-07-15 16:57:42.257571+00,Standard Scalping
ZROUSDT,2026-07-15 17:04:08.314259+00,FVG - 1m
MEUSDT,2026-07-15 17:04:12.383251+00,FVG - 5m
ZKUSDT,2026-07-15 17:10:25.44887+00,FVG - 1m
THEUSDT,2026-07-15 17:15:15.465885+00,FVG - 1m
ETHFIUSDT,2026-07-15 17:15:19.526759+00,FVG - 5m
NAORISUSDT,2026-07-15 17:15:36.907019+00,Standard Scalping
WLDUSDT,2026-07-15 17:24:51.665853+00,FVG - 1m
BELUSDT,2026-07-15 17:35:30.790207+00,FVG - 15m
SKLUSDT,2026-07-15 17:35:44.201874+00,MA Cross Momentum
HOODUSDT,2026-07-15 17:35:56.420895+00,MA Slope Caso 3 (15m)
TRBUSDT,2026-07-15 17:45:08.556035+00,MA Slope Caso 1
HIMSUSDT,2026-07-15 17:58:14.958895+00,Standard Scalping
SCRUSDT,2026-07-15 18:05:03.421304+00,FVG - 1m
NOMUSDT,2026-07-15 18:15:37.35486+00,Compresion ADN - Micro (5m)
ACTUSDT,2026-07-15 18:20:32.351796+00,FVG - 1m
BEAMXUSDT,2026-07-15 18:20:40.473646+00,FVG - 5m
TLMUSDT,2026-07-15 18:35:12.386477+00,FVG - 5m
PYTHUSDT,2026-07-15 18:58:06.19443+00,FVG - 5m
HOTUSDT,2026-07-15 19:04:45.411874+00,FVG - 5m
CAPUSDT,2026-07-15 19:04:53.516243+00,Standard Scalping
ANKRUSDT,2026-07-15 19:35:31.140969+00,FVG - 5m
HOLOUSDT,2026-07-15 19:56:25.430267+00,FVG - 1m
MOVEUSDT,2026-07-15 20:35:45.831831+00,FVG - 1m
PHAUSDT,2026-07-15 20:43:42.774299+00,FVG - 1m
SANTOSUSDT,2026-07-15 20:43:50.952975+00,FVG - 5m
WUSDT,2026-07-15 20:58:49.403682+00,FVG - 5m
MINAUSDT,2026-07-15 21:05:51.507142+00,LSE Counter-Trend 
VIRTUALUSDT,2026-07-15 21:12:28.607998+00,Standard Scalping
PUMPUSDT,2026-07-15 21:17:22.975773+00,FVG - 15m
SQDUSDT,2026-07-15 21:35:57.387195+00,LSE Counter-Trend 
EIGENUSDT,2026-07-15 21:44:29.119796+00,FVG - 1m
SENTUSDT,2026-07-15 21:57:02.314414+00,FVG - 15m
HOLOUSDT,2026-07-15 22:14:19.326302+00,Scalping Clone
CFGUSDT,2026-07-15 22:18:24.47945+00,FVG - 1m
AKEUSDT,2026-07-15 22:44:15.547679+00,FVG - 1m
GWEIUSDT,2026-07-15 22:50:48.72268+00,FVG - 15m
SIRENUSDT,2026-07-15 22:50:53.202561+00,FVG - 1m
NBISUSDT,2026-07-15 22:58:08.966791+00,FVG - 1m
INTWUSDT,2026-07-15 22:58:13.052337+00,FVG - 5m
ASTSUSDT,2026-07-15 23:05:41.622609+00,FVG - 1m
GALAUSDT,2026-07-15 23:50:59.455915+00,MA Slope Caso 1
BASUSDT,2026-07-15 23:59:19.507688+00,FVG - 15m
BEUSDT,2026-07-16 00:11:53.248022+00,FVG - 15m
SOXLUSDT,2026-07-16 00:11:58.427318+00,FVG - 5m
BULLAUSDT,2026-07-16 00:18:16.643767+00,FVG - 1m
FRAXUSDT,2026-07-16 00:23:30.368021+00,FVG - 5m
HYUNDAIUSDT,2026-07-16 00:40:17.048749+00,Compresion ADN - Micro (5m)
MEGAUSDT,2026-07-16 01:08:30.000847+00,Compresion ADN - Micro (5m)
NOTUSDT,2026-07-16 02:23:56.412153+00,LSE Counter-Trend 
ETHFIUSDT,2026-07-16 02:34:15.795716+00,Standard Scalping
SNXUSDT,2026-07-16 02:40:31.53144+00,Compresion ADN - Micro (5m)
LITEUSDT,2026-07-16 02:46:23.471334+00,FVG - 5m
ZECUSDT,2026-07-16 02:51:16.303605+00,FVG - 15m
TACUSDT,2026-07-16 02:57:23.257108+00,FVG - 15m
BSVUSDT,2026-07-16 03:39:38.469277+00,Compresion ADN - Micro (5m)
AIGENSYNUSDT,2026-07-16 03:48:04.981814+00,Standard Scalping
SKHYUSDT,2026-07-16 04:10:34.424063+00,MA Slope Caso 2
HEIUSDT,2026-07-16 04:29:56.785816+00,FVG - 1m
FFUSDT,2026-07-16 04:30:00.844861+00,FVG - 5m
MORPHOUSDT,2026-07-16 04:42:21.218194+00,FVG - 1m
XPLUSDT,2026-07-16 04:49:39.648834+00,FVG - 1m
EDGEUSDT,2026-07-16 05:06:25.627221+00,Standard Scalping
MVLLUSDT,2026-07-16 05:27:02.96107+00,FVG - 5m
FLOCKUSDT,2026-07-16 05:41:32.428486+00,FVG - 5m
ALCHUSDT,2026-07-16 05:50:30.629409+00,FVG - 15m
ZBTUSDT,2026-07-16 05:50:34.635921+00,FVG - 5m
ESPORTSUSDT,2026-07-16 06:02:07.408512+00,FVG - 1m
HOMEUSDT,2026-07-16 06:12:00.462135+00,FVG - 1m
LABUSDT,2026-07-16 06:19:50.434053+00,FVG - 1m
BLUAIUSDT,2026-07-16 06:31:45.250942+00,FVG - 1m
HUSDT,2026-07-16 06:31:48.690143+00,FVG - 5m
BSBUSDT,2026-07-16 06:42:11.557998+00,FVG - 1m
ONDOUSDT,2026-07-16 06:42:17.633002+00,FVG - 5m
PTBUSDT,2026-07-16 06:50:54.917656+00,FVG - 5m
NVOUSDT,2026-07-16 07:01:26.271823+00,Compresion ADN - Micro (5m)
TACUSDT,2026-07-16 07:01:30.206236+00,FVG - 1m
STARUSDT,2026-07-16 07:01:35.688309+00,FVG - 5m
TERUSDT,2026-07-16 07:01:41.354966+00,MA Slope Caso 1
BANKUSDT,2026-07-16 07:11:41.244427+00,FVG - 5m
BEATUSDT,2026-07-16 07:22:56.148166+00,FVG - 5m
DEXEUSDT,2026-07-16 07:32:48.69644+00,FVG - 1m
AAPLUSDT,2026-07-16 07:43:21.690892+00,MA Slope Caso 3
CAPUSDT,2026-07-16 07:54:05.519397+00,FVG - 5m
EPICUSDT,2026-07-16 08:12:42.097304+00,FVG - 1m
AMZNUSDT,2026-07-16 08:21:00.932848+00,MA Slope Caso 3
AIOUSDT,2026-07-16 08:29:39.156589+00,FVG - 1m
USELESSUSDT,2026-07-16 08:40:57.665636+00,FVG - 1m
USUSDT,2026-07-16 08:41:02.984335+00,FVG - 5m
JSTUSDT,2026-07-16 08:41:07.42042+00,MA Slope Caso 1
KORUUSDT,2026-07-16 08:49:54.562011+00,FVG - 1m
HYUNDAIUSDT,2026-07-16 08:49:59.344822+00,MA Slope Caso 1
RAVEUSDT,2026-07-16 08:59:42.631617+00,FVG - 5m
SOXLUSDT,2026-07-16 09:18:49.213545+00,FVG - 5m
龙虾USDT,2026-07-16 09:32:47.224533+00,FVG - 5m
RECALLUSDT,2026-07-16 09:43:37.575571+00,Compresion ADN - Micro (5m)
RECALLUSDT,2026-07-16 09:43:49.706742+00,Standard Scalping
SKYAIUSDT,2026-07-16 09:51:40.091794+00,FVG - 5m
JCTUSDT,2026-07-16 10:00:52.892795+00,FVG - 5m
BILLUSDT,2026-07-16 10:10:35.79468+00,FVG - 5m
EVAAUSDT,2026-07-16 10:22:24.440639+00,FVG - 15m
TUSDT,2026-07-16 10:22:28.050299+00,FVG - 5m
MOVRUSDT,2026-07-16 10:35:11.571871+00,Compresion ADN - Micro (5m)
EGLDUSDT,2026-07-16 10:35:17.646176+00,FVG - 5m
ARCUSDT,2026-07-16 10:47:19.874983+00,MA Slope Caso 1
GENIUSUSDT,2026-07-16 10:56:05.448685+00,Compresion ADN - Micro (5m)
TRIAUSDT,2026-07-16 11:03:56.778428+00,FVG - 15m
RAVEUSDT,2026-07-16 11:04:01.969151+00,Standard Scalping
VIRTUALUSDT,2026-07-16 11:17:53.313811+00,FVG - 1m
KATUSDT,2026-07-16 11:17:58.450151+00,FVG - 5m
BOTUSDT,2026-07-16 11:18:03.510292+00,MA Slope Caso 1
BANUSDT,2026-07-16 11:30:51.390625+00,Compresion ADN - Micro (5m)
OPNUSDT,2026-07-16 11:30:55.709187+00,FVG - 1m
LIGHTUSDT,2026-07-16 11:30:59.006601+00,FVG - 5m
AIOTUSDT,2026-07-16 11:39:48.054322+00,FVG - 1m
NIGHTUSDT,2026-07-16 11:49:02.961206+00,FVG - 5m
BASUSDT,2026-07-16 12:06:24.110122+00,MA Cross Momentum
DOGEUSDT,2026-07-16 12:15:33.373193+00,MA Slope Caso 2
BASEDUSDT,2026-07-16 12:23:41.848652+00,FVG - 1m
SOXSUSDT,2026-07-16 12:29:02.989931+00,FVG - 1m
BEUSDT,2026-07-16 12:32:59.484906+00,FVG - 1m
UBUSDT,2026-07-16 12:42:10.130717+00,FVG - 1m
SYRUPUSDT,2026-07-16 12:42:14.169285+00,FVG - 5m
BASEDUSDT,2026-07-16 12:42:22.256841+00,Standard Scalping
INTWUSDT,2026-07-16 12:51:30.012693+00,FVG - 1m
SXTUSDT,2026-07-16 12:51:34.647052+00,FVG - 5m
ZESTUSDT,2026-07-16 12:58:59.258475+00,FVG - 5m
AKEUSDT,2026-07-16 13:20:58.566315+00,FVG - 1m
FWDIUSDT,2026-07-16 13:32:59.210404+00,FVG - 1m
AERGOUSDT,2026-07-16 13:33:05.294375+00,FVG - 5m
PIEVERSEUSDT,2026-07-16 13:33:09.346562+00,MA Slope Caso 1
MNTUSDT,2026-07-16 13:33:15.392438+00,MA Slope Caso 3 (15m)
SNXXUSDT,2026-07-16 13:41:47.62678+00,FVG - 1m
TAKEUSDT,2026-07-16 13:49:03.630093+00,FVG - 1m
COLLECTUSDT,2026-07-16 13:57:55.771505+00,FVG - 1m
SNDKUSDT,2026-07-16 14:04:48.29183+00,FVG - 5m
KAITOUSDT,2026-07-16 14:18:02.027039+00,FVG - 1m
BZUSDT,2026-07-16 14:18:08.124676+00,MA Slope Caso 3 (15m)
SUIUSDT,2026-07-16 14:31:08.820687+00,MA Slope Caso 2
NOWUSDT,2026-07-16 14:39:31.605884+00,FVG - 1m
TAIKOUSDT,2026-07-16 14:39:36.15975+00,FVG - 5m
JELLYJELLYUSDT,2026-07-16 14:47:35.247592+00,FVG - 1m
ORCAUSDT,2026-07-16 14:55:55.911139+00,MA Slope Caso 3 (15m)
OGNUSDT,2026-07-16 15:05:18.896665+00,Compresion ADN - Micro (5m)
SLXUSDT,2026-07-16 15:05:27.086123+00,MA Slope Caso 1
BBXUSDT,2026-07-16 15:19:57.470618+00,FVG - 1m
BLENDUSDT,2026-07-16 15:20:03.550612+00,LSE Counter-Trend 
ESPUSDT,2026-07-16 15:32:35.658843+00,Compresion ADN - Micro (5m)
TLMUSDT,2026-07-16 15:39:58.438939+00,FVG - 15m
CFGUSDT,2026-07-16 15:40:04.506084+00,FVG - 1m
ARMUSDT,2026-07-16 15:50:32.500711+00,FVG - 1m
MSFTUSDT,2026-07-16 15:50:42.856164+00,MA Slope Caso 3
CRDOUSDT,2026-07-16 15:59:39.646307+00,FVG - 1m
MMTUSDT,2026-07-16 16:09:56.64021+00,FVG - 15m
AGLDUSDT,2026-07-16 16:10:00.736301+00,FVG - 1m
MUBARAKUSDT,2026-07-16 16:13:45.011715+00,FVG - 1m
1000BONKUSDT,2026-07-16 16:13:51.09309+00,MA Slope Caso 1
ALLOUSDT,2026-07-16 16:18:45.888799+00,FVG - 1m
ENAUSDT,2026-07-16 16:23:49.061842+00,FVG - 1m
ORCLUSDT,2026-07-16 16:28:46.165142+00,FVG - 1m
SENTUSDT,2026-07-16 16:44:49.240812+00,FVG - 1m
HIMSUSDT,2026-07-16 16:52:52.961629+00,FVG - 1m
AXTIUSDT,2026-07-16 17:49:53.983753+00,FVG - 1m
ASTSUSDT,2026-07-16 17:57:33.034241+00,FVG - 1m
GWEIUSDT,2026-07-16 18:03:40.36632+00,FVG - 1m
LTCUSDT,2026-07-16 18:03:43.903057+00,MA Slope Caso 3 (15m)
LUMIAUSDT,2026-07-16 18:16:13.84536+00,Compresion ADN - Micro (5m)
MANTRAUSDT,2026-07-16 18:16:20.509571+00,FVG - 15m
RESOLVUSDT,2026-07-16 18:16:25.029005+00,FVG - 1m
BCHUSDT,2026-07-16 18:16:30.903347+00,MA Slope Caso 1
1000XECUSDT,2026-07-16 18:28:06.007894+00,FVG - 15m
GPSUSDT,2026-07-16 18:28:12.075289+00,FVG - 1m
ENSUSDT,2026-07-16 18:54:40.924794+00,Compresion ADN - Micro (5m)
NBISUSDT,2026-07-16 18:54:46.031438+00,FVG - 1m
ERAUSDT,2026-07-16 19:08:15.072538+00,FVG - 1m
HMSTRUSDT,2026-07-16 19:14:38.919939+00,FVG - 1m
MYXUSDT,2026-07-16 19:44:15.09283+00,FVG - 1m
RKLBUSDT,2026-07-16 19:57:56.936375+00,FVG - 5m
FOLKSUSDT,2026-07-16 20:31:20.931755+00,FVG - 1m
NFLXUSDT,2026-07-16 20:34:07.41244+00,FVG - 1m
MAGMAUSDT,2026-07-16 20:42:50.193132+00,FVG - 1m
DODOXUSDT,2026-07-16 20:58:48.793379+00,FVG - 1m
SPELLUSDT,2026-07-16 21:07:47.374033+00,FVG - 1m
ROBOUSDT,2026-07-16 21:13:33.737413+00,FVG - 1m
XANUSDT,2026-07-16 21:20:24.371384+00,FVG - 1m
ALPINEUSDT,2026-07-16 21:30:34.201901+00,FVG - 1m
GLWUSDT,2026-07-16 21:34:58.958958+00,FVG - 5m
EIGENUSDT,2026-07-16 21:48:21.079157+00,FVG - 1m
STGUSDT,2026-07-16 22:09:38.43+00,FVG - 1m
GUAUSDT,2026-07-16 22:09:43.319921+00,MA Slope Caso 3
VELVETUSDT,2026-07-16 22:19:57.51868+00,FVG - 1m
XPINUSDT,2026-07-16 22:30:52.645026+00,FVG - 5m
MOVEUSDT,2026-07-16 22:41:36.70269+00,FVG - 1m
RIFUSDT,2026-07-16 22:41:44.796901+00,FVG - 5m
KSTRUSDT,2026-07-16 22:49:39.669546+00,FVG - 15m
TRUTHUSDT,2026-07-16 22:55:38.501358+00,FVG - 5m
BUSDT,2026-07-16 23:32:45.750624+00,FVG - 5m
PUMPUSDT,2026-07-16 23:43:16.222628+00,FVG - 15m
ZECUSDT,2026-07-16 23:43:24.247325+00,MA Slope Caso 2
SPCXUSDT,2026-07-16 23:53:47.373094+00,FVG - 15m
NOMUSDT,2026-07-17 00:04:29.928987+00,FVG - 5m
LDOUSDT,2026-07-17 00:11:50.38028+00,FVG - 15m
2ZUSDT,2026-07-17 00:11:54.425366+00,FVG - 1m
PLUMEUSDT,2026-07-17 00:15:54.284045+00,FVG - 1m
XAUTUSDT,2026-07-17 00:21:49.192386+00,Compresion ADN - Micro (5m)
SKLUSDT,2026-07-17 00:21:55.293572+00,FVG - 15m
METUSDT,2026-07-17 00:21:59.400067+00,FVG - 1m
XMRUSDT,2026-07-17 00:22:04.818842+00,MA Slope Caso 3
COOKIEUSDT,2026-07-17 00:26:49.78784+00,FVG - 1m
VANAUSDT,2026-07-17 01:04:41.168258+00,FVG - 1m
MUUUSDT,2026-07-17 01:15:20.716449+00,FVG - 1m
ACHUSDT,2026-07-17 01:46:12.471873+00,FVG - 1m
SPORTFUNUSDT,2026-07-17 01:46:17.520933+00,MA Cross Momentum
SPORTFUNUSDT,2026-07-17 01:46:25.951834+00,Scalping Clone
SPORTFUNUSDT,2026-07-17 01:46:28.855749+00,Standard Scalping
0GUSDT,2026-07-17 01:57:10.504102+00,FVG - 15m
MMTUSDT,2026-07-17 01:57:20.481021+00,Standard Scalping
OUSDT,2026-07-17 02:19:48.252121+00,FVG - 5m
YBUSDT,2026-07-17 02:32:02.551278+00,FVG - 1m
RAVEUSDT,2026-07-17 03:32:03.417973+00,FVG - 1m
BTCDOMUSDT,2026-07-17 03:32:12.225378+00,MA Slope Caso 3
SENTUSDT,2026-07-17 03:32:18.594076+00,MA Slope Caso 3 (15m)
BANKUSDT,2026-07-17 03:49:01.577384+00,FVG - 15m
STARUSDT,2026-07-17 03:49:08.370823+00,FVG - 1m
币安人生USDT,2026-07-17 04:05:05.281501+00,Arrow Reversal
AVNTUSDT,2026-07-17 04:05:19.552268+00,Compresion ADN - Micro (5m)
BULLAUSDT,2026-07-17 04:05:27.663879+00,FVG - 1m
1000RATSUSDT,2026-07-17 04:25:36.089599+00,FVG - 15m
TACUSDT,2026-07-17 04:25:40.149198+00,FVG - 1m
HEIUSDT,2026-07-17 04:33:09.146785+00,FVG - 1m
CCUSDT,2026-07-17 04:33:13.186569+00,MA Slope Caso 1
ESPORTSUSDT,2026-07-17 04:41:17.375161+00,FVG - 1m
BLUAIUSDT,2026-07-17 04:52:18.698275+00,FVG - 1m
JCTUSDT,2026-07-17 05:05:35.031637+00,FVG - 15m
MYXUSDT,2026-07-17 05:05:39.776906+00,FVG - 1m
LTCUSDT,2026-07-17 05:05:45.090108+00,MA Slope Caso 3 (15m)
AKEUSDT,2026-07-17 05:18:49.012841+00,FVG - 1m
TUSDT,2026-07-17 05:33:11.531859+00,Compresion ADN - Micro (5m)
AERGOUSDT,2026-07-17 05:33:17.912284+00,FVG - 1m
SPORTFUNUSDT,2026-07-17 05:33:26.116641+00,Standard Scalping
GRAMUSDT,2026-07-17 05:48:06.158707+00,FVG - 5m
SKYAIUSDT,2026-07-17 06:02:07.082992+00,FVG - 15m
ONDOUSDT,2026-07-17 06:15:58.958315+00,FVG - 15m
DEXEUSDT,2026-07-17 06:31:36.474257+00,FVG - 1m
LINKUSDT,2026-07-17 06:31:41.67522+00,MA Slope Caso 2
USARUSDT,2026-07-17 06:45:38.277554+00,FVG - 15m
BLESSUSDT,2026-07-17 06:45:43.080461+00,FVG - 1m
HOTUSDT,2026-07-17 06:59:40.3043+00,FVG - 15m
SOXSUSDT,2026-07-17 06:59:45.375687+00,FVG - 1m
WIFUSDT,2026-07-17 06:59:50.585593+00,MA Slope Caso 3 (15m)
TLMUSDT,2026-07-17 07:12:36.085618+00,FVG - 15m
EVAAUSDT,2026-07-17 07:12:40.835409+00,FVG - 1m
ROBOUSDT,2026-07-17 07:25:25.278869+00,FVG - 1m
AEROUSDT,2026-07-17 07:37:58.885397+00,FVG - 1m
RESOLVUSDT,2026-07-17 07:51:40.555597+00,FVG - 1m
RIVNUSDT,2026-07-17 08:05:08.625195+00,Compresion ADN - Micro (5m)
IDOLUSDT,2026-07-17 08:20:16.981908+00,Compresion ADN - Micro (5m)
DODOXUSDT,2026-07-17 08:32:36.184374+00,FVG - 1m
BUSDT,2026-07-17 08:45:04.557628+00,Compresion ADN - Micro (5m)
1000XECUSDT,2026-07-17 08:45:10.673635+00,FVG - 1m
GPSUSDT,2026-07-17 08:45:16.768488+00,FVG - 5m
LDOUSDT,2026-07-17 08:45:22.857891+00,MA Slope Caso 3 (15m)
ENSUSDT,2026-07-17 08:58:53.438775+00,Compresion ADN - Micro (5m)
VANRYUSDT,2026-07-17 08:58:59.966825+00,FVG - 1m
BIOUSDT,2026-07-17 09:12:36.665827+00,FVG - 5m
AAPLUSDT,2026-07-17 09:12:42.993779+00,MA Slope Caso 3 (15m)
SNXXUSDT,2026-07-17 10:38:36.796429+00,FVG - 1m
SKHYUSDT,2026-07-17 10:59:25.609182+00,FVG - 1m
OGNUSDT,2026-07-17 11:10:35.784247+00,FVG - 5m
ZESTUSDT,2026-07-17 12:14:31.833327+00,FVG - 1m
LUMIAUSDT,2026-07-17 12:23:56.590391+00,FVG - 1m
ALLOUSDT,2026-07-17 12:24:02.107131+00,FVG - 5m
BASEDUSDT,2026-07-17 12:24:08.167737+00,LSE Counter-Trend 
TREEUSDT,2026-07-17 12:28:13.031248+00,FVG - 1m
DYDXUSDT,2026-07-17 12:28:18.69003+00,LSE Counter-Trend 
HOMEUSDT,2026-07-17 12:32:32.453921+00,FVG - 1m
EPICUSDT,2026-07-17 12:47:15.669794+00,Compresion ADN - Micro (5m)
BILLUSDT,2026-07-17 12:47:19.748652+00,FVG - 15m
SYNUSDT,2026-07-17 12:47:25.840175+00,FVG - 1m
MUUUSDT,2026-07-17 12:55:36.791765+00,FVG - 1m
VELVETUSDT,2026-07-17 13:00:57.621722+00,FVG - 1m
KAITOUSDT,2026-07-17 13:12:34.094249+00,FVG - 1m
RPLUSDT,2026-07-17 13:20:40.189343+00,FVG - 1m
LABUSDT,2026-07-17 13:20:46.293084+00,MA Slope Caso 1
RIFUSDT,2026-07-17 13:27:42.165821+00,FVG - 1m
PTBUSDT,2026-07-17 13:27:48.22805+00,MA Clone
PTBUSDT,2026-07-17 13:27:52.34034+00,MA Cross Momentum
IBMUSDT,2026-07-17 13:28:00.52674+00,MA Slope Caso 1
PTBUSDT,2026-07-17 13:28:04.615555+00,Scalping Clone
PTBUSDT,2026-07-17 13:28:08.711079+00,Standard Scalping
NOMUSDT,2026-07-17 13:32:51.146853+00,FVG - 1m
DOTUSDT,2026-07-17 13:54:43.019599+00,MA Slope Caso 2
SXTUSDT,2026-07-17 14:01:41.475774+00,FVG - 1m
GALAUSDT,2026-07-17 14:01:47.570058+00,MA Slope Caso 2
ONEUSDT,2026-07-17 14:08:32.923654+00,FVG - 1m
XANUSDT,2026-07-17 14:12:09.91362+00,Arrow Reversal
MAGMAUSDT,2026-07-17 14:24:37.197437+00,FVG - 1m
FORMUSDT,2026-07-17 14:29:30.319595+00,FVG - 1m
WLDUSDT,2026-07-17 14:41:13.008938+00,Compresion ADN - Micro (5m)
CFXUSDT,2026-07-17 14:41:17.357475+00,MA Slope Caso 3
BZUSDT,2026-07-17 15:08:40.138463+00,MA Slope Caso 3 (15m)
MEUSDT,2026-07-17 15:25:58.294666+00,Compresion ADN - Micro (5m)
KORUUSDT,2026-07-17 15:26:03.239307+00,FVG - 1m
METUSDT,2026-07-17 15:26:07.303933+00,FVG - 5m
EWYUSDT,2026-07-17 15:26:13.41469+00,MA Slope Caso 1
REUSDT,2026-07-17 15:31:49.937434+00,FVG - 5m
TOWNSUSDT,2026-07-17 15:36:04.339554+00,FVG - 1m
AVAAIUSDT,2026-07-17 15:36:08.413701+00,FVG - 5m
NBISUSDT,2026-07-17 15:43:33.102246+00,FVG - 1m
LRCUSDT,2026-07-17 15:59:31.775215+00,FVG - 1m
AIGENSYNUSDT,2026-07-17 15:59:35.847127+00,FVG - 5m
HUMAUSDT,2026-07-17 16:08:52.951468+00,FVG - 1m
MMTUSDT,2026-07-17 16:08:59.086246+00,LSE Counter-Trend 
TRIAUSDT,2026-07-17 16:14:46.52797+00,FVG - 5m
AAOIUSDT,2026-07-17 16:19:21.794775+00,FVG - 1m
XLMUSDT,2026-07-17 16:30:54.604785+00,MA Slope Caso 2
XLMUSDT,2026-07-17 16:30:58.668153+00,MA Slope Caso 3 (15m)
RKLBUSDT,2026-07-17 16:43:09.322556+00,FVG - 15m
ARXUSDT,2026-07-17 16:58:00.861741+00,Standard Scalping
MSFTUSDT,2026-07-17 17:05:19.674682+00,MA Slope Caso 2
COWUSDT,2026-07-17 17:10:56.483254+00,FVG - 1m
ZHIPUUSDT,2026-07-17 17:11:03.194462+00,LSE Counter-Trend 
ZHIPUUSDT,2026-07-17 17:11:06.803952+00,MA Cross Momentum
4USDT,2026-07-17 17:11:15.674891+00,MA Slope Caso 2
ZHIPUUSDT,2026-07-17 17:11:20.333376+00,Scalping Clone
ZHIPUUSDT,2026-07-17 17:11:24.807516+00,Standard Scalping
SAFEUSDT,2026-07-17 17:22:47.964531+00,FVG - 1m
UBUSDT,2026-07-17 17:32:22.939426+00,FVG - 1m
MVLLUSDT,2026-07-17 17:57:26.655998+00,FVG - 1m
XAUUSDT,2026-07-17 18:09:09.710487+00,MA Slope Caso 3 (15m)
SOXLUSDT,2026-07-17 18:13:43.034691+00,FVG - 5m
USUSDT,2026-07-17 18:33:58.856998+00,FVG - 5m
MANTRAUSDT,2026-07-17 18:42:07.892876+00,FVG - 15m
INTWUSDT,2026-07-17 19:10:39.160576+00,FVG - 15m
TAGUSDT,2026-07-17 19:14:29.311862+00,FVG - 1m
ASTSUSDT,2026-07-17 19:36:43.733033+00,FVG - 15m
ETHFIUSDT,2026-07-17 19:45:26.910842+00,Compresion ADN - Micro (5m)
CFGUSDT,2026-07-17 19:45:30.769749+00,FVG - 1m
VVVUSDT,2026-07-17 20:08:46.368464+00,FVG - 1m
BOTUSDT,2026-07-17 20:12:26.890529+00,FVG - 1m
QNTXUSDT,2026-07-17 20:28:00.468218+00,FVG - 1m
ENJUSDT,2026-07-17 20:42:39.595269+00,Compresion ADN - Micro (5m)
AXTIUSDT,2026-07-17 20:42:43.24401+00,FVG - 1m
BLURUSDT,2026-07-17 20:50:57.034575+00,FVG - 1m
GWEIUSDT,2026-07-17 20:59:53.632483+00,FVG - 1m
MUBARAKUSDT,2026-07-17 20:59:58.180766+00,FVG - 5m
STXXUSDT,2026-07-17 21:10:54.536893+00,FVG - 5m
MOVEUSDT,2026-07-17 21:32:26.303894+00,FVG - 1m
MUUSDT,2026-07-17 21:36:36.586079+00,FVG - 1m
STABLEUSDT,2026-07-17 21:36:41.894274+00,FVG - 5m
USELESSUSDT,2026-07-17 22:13:38.884496+00,FVG - 15m
CLOUSDT,2026-07-17 22:13:44.549381+00,FVG - 1m
AIAUSDT,2026-07-17 22:24:44.498374+00,FVG - 1m
SNDKUSDT,2026-07-17 22:47:55.709435+00,FVG - 1m
1000BONKUSDT,2026-07-17 22:59:24.269781+00,FVG - 1m
UNIUSDT,2026-07-17 23:10:34.894404+00,FVG - 1m
ETCUSDT,2026-07-17 23:10:40.103046+00,MA Slope Caso 3
EDGEUSDT,2026-07-17 23:23:53.104255+00,Compresion ADN - Micro (5m)
EDGEUSDT,2026-07-17 23:23:56.344097+00,FVG - 1m
TRADOORUSDT,2026-07-17 23:24:01.579074+00,FVG - 5m
INJUSDT,2026-07-17 23:24:07.647617+00,MA Slope Caso 3
COLLECTUSDT,2026-07-17 23:46:09.025878+00,FVG - 1m
JASMYUSDT,2026-07-17 23:57:14.847467+00,FVG - 1m
SPELLUSDT,2026-07-18 00:09:09.628381+00,FVG - 15m
AERGOUSDT,2026-07-18 00:09:19.759799+00,Standard Scalping
STBLUSDT,2026-07-18 00:50:55.004305+00,MA Slope Caso 1
NATGASUSDT,2026-07-18 01:12:54.293777+00,MA Slope Caso 3
EGLDUSDT,2026-07-18 01:24:32.888139+00,FVG - 1m
SLXUSDT,2026-07-18 01:56:13.398315+00,FVG - 1m
ALABUSDT,2026-07-18 02:07:13.143203+00,FVG - 15m
FWDIUSDT,2026-07-18 02:07:18.030515+00,FVG - 1m
FLOCKUSDT,2026-07-18 02:18:38.290197+00,FVG - 1m
DOODUSDT,2026-07-18 02:18:44.464225+00,FVG - 5m
BSBUSDT,2026-07-18 02:29:43.271878+00,FVG - 1m
AGLDUSDT,2026-07-18 02:29:48.564193+00,FVG - 5m
SYRUPUSDT,2026-07-18 02:40:35.290183+00,FVG - 1m
ZKUSDT,2026-07-18 03:02:25.678816+00,Compresion ADN - Micro (5m)
SYNUSDT,2026-07-18 03:02:31.511234+00,FVG - 1m
DODOXUSDT,2026-07-18 03:02:36.494808+00,FVG - 5m
ZROUSDT,2026-07-18 03:18:52.029574+00,Compresion ADN - Micro (5m)
1000XECUSDT,2026-07-18 03:18:58.405055+00,FVG - 1m
SOXSUSDT,2026-07-18 03:19:04.499878+00,FVG - 5m
FRAXUSDT,2026-07-18 03:19:18.645718+00,Standard Scalping
MEWUSDT,2026-07-18 03:43:34.699106+00,Standard Scalping
USUSDT,2026-07-18 04:02:26.11542+00,FVG - 1m
HEIUSDT,2026-07-18 04:02:30.411162+00,FVG - 5m
BILLUSDT,2026-07-18 04:15:57.333866+00,FVG - 1m
BILLUSDT,2026-07-18 04:16:01.409004+00,FVG - 5m
SUSHIUSDT,2026-07-18 04:30:47.947697+00,Compresion ADN - Micro (5m)
INTWUSDT,2026-07-18 04:30:53.609708+00,FVG - 5m
AGTUSDT,2026-07-18 04:45:43.84077+00,FVG - 1m
GWEIUSDT,2026-07-18 04:45:49.072879+00,FVG - 5m
AVAAIUSDT,2026-07-18 05:00:01.770486+00,FVG - 1m
TOSHIUSDT,2026-07-18 05:00:07.585628+00,FVG - 5m
KORUUSDT,2026-07-18 05:13:59.29762+00,FVG - 15m
CLOUSDT,2026-07-18 05:14:05.395544+00,FVG - 1m
STARUSDT,2026-07-18 05:31:43.917153+00,FVG - 1m
TACUSDT,2026-07-18 05:52:50.622544+00,FVG - 1m
EDGEUSDT,2026-07-18 06:06:17.589807+00,FVG - 1m
METUSDT,2026-07-18 06:20:53.149292+00,FVG - 1m
BULLAUSDT,2026-07-18 06:35:41.348454+00,Arrow Reversal
BULLAUSDT,2026-07-18 06:35:44.48854+00,
MYXUSDT,2026-07-18 06:35:50.001262+00,FVG - 15m
HOMEUSDT,2026-07-18 06:35:55.364471+00,FVG - 1m
XPINUSDT,2026-07-18 06:50:30.880798+00,FVG - 1m
BIRBUSDT,2026-07-18 07:03:54.168551+00,FVG - 1m
RAVEUSDT,2026-07-18 07:17:22.126857+00,Arrow Reversal
RAVEUSDT,2026-07-18 07:17:25.366138+00,
ZBTUSDT,2026-07-18 07:17:30.16059+00,FVG - 1m
ALLOUSDT,2026-07-18 07:33:07.460861+00,FVG - 1m
OUSDT,2026-07-18 07:47:42.734869+00,FVG - 1m
BANKUSDT,2026-07-18 07:47:47.283837+00,FVG - 5m
RESOLVUSDT,2026-07-18 08:02:20.415353+00,FVG - 1m
TRADOORUSDT,2026-07-18 08:15:47.057732+00,FVG - 1m
LUMIAUSDT,2026-07-18 08:29:25.163128+00,FVG - 1m
TUSDT,2026-07-18 08:29:31.203986+00,FVG - 5m
GUSDT,2026-07-18 08:29:35.863625+00,MA Clone
GUSDT,2026-07-18 08:29:39.037859+00,MA Cross Momentum
GUSDT,2026-07-18 08:29:47.522023+00,Scalping Clone
GUSDT,2026-07-18 08:29:51.031844+00,Standard Scalping
龙虾USDT,2026-07-18 08:43:01.535138+00,FVG - 1m
ESPORTSUSDT,2026-07-18 08:57:18.641611+00,FVG - 1m
QUSDT,2026-07-18 09:11:46.187375+00,FVG - 1m
QUSDT,2026-07-18 09:11:48.933997+00,FVG - 5m
VVVUSDT,2026-07-18 09:27:13.86519+00,FVG - 5m
MEMEUSDT,2026-07-18 09:40:52.736814+00,Compresion ADN - Micro (5m)
GALAUSDT,2026-07-18 09:41:01.85208+00,FVG - 1m
ARXUSDT,2026-07-18 09:41:07.946567+00,FVG - 5m
ZESTUSDT,2026-07-18 09:54:15.002275+00,FVG - 1m
UBUSDT,2026-07-18 09:54:20.979574+00,FVG - 5m
KITEUSDT,2026-07-18 10:08:22.720827+00,FVG - 1m
BSBUSDT,2026-07-18 10:22:17.080608+00,FVG - 1m
SPKUSDT,2026-07-18 10:34:46.275682+00,Compresion ADN - Micro (5m)
ETHFIUSDT,2026-07-18 10:34:50.892162+00,FVG - 1m
PHAUSDT,2026-07-18 10:47:21.963011+00,FVG - 1m
DOODUSDT,2026-07-18 10:47:27.495052+00,FVG - 5m
TREEUSDT,2026-07-18 10:59:56.384966+00,FVG - 15m
POWRUSDT,2026-07-18 11:13:29.026445+00,FVG - 1m
POWRUSDT,2026-07-18 11:13:31.736818+00,FVG - 5m
MAGMAUSDT,2026-07-18 11:29:25.756912+00,FVG - 15m
BTWUSDT,2026-07-18 11:29:30.62779+00,FVG - 1m
TLMUSDT,2026-07-18 11:54:20.769067+00,FVG - 1m
FFUSDT,2026-07-18 11:54:25.563679+00,FVG - 5m
SAFEUSDT,2026-07-18 12:07:37.34463+00,FVG - 15m
BUSDT,2026-07-18 12:07:42.759395+00,FVG - 1m
TRIAUSDT,2026-07-18 12:17:24.690574+00,MA Clone
TRIAUSDT,2026-07-18 12:17:28.812806+00,MA Cross Momentum
TRIAUSDT,2026-07-18 12:17:38.992164+00,Scalping Clone
TRIAUSDT,2026-07-18 12:17:43.103665+00,Standard Scalping
HEMIUSDT,2026-07-18 12:31:28.497944+00,FVG - 1m
PTBUSDT,2026-07-18 12:31:34.588151+00,FVG - 5m
BANUSDT,2026-07-18 13:35:47.713726+00,FVG - 1m
BEUSDT,2026-07-18 13:35:52.505894+00,MA Slope Caso 1
ALCHUSDT,2026-07-18 13:48:24.564374+00,Compresion ADN - Micro (5m)
VANRYUSDT,2026-07-18 14:13:54.192373+00,FVG - 1m
FLOCKUSDT,2026-07-18 14:13:58.275958+00,FVG - 5m
COAIUSDT,2026-07-18 14:29:00.229182+00,FVG - 1m
UAIUSDT,2026-07-18 14:55:15.289124+00,FVG - 1m
USUALUSDT,2026-07-18 14:55:21.36076+00,FVG - 5m
LABUSDT,2026-07-18 15:02:53.687124+00,FVG - 1m
AKEUSDT,2026-07-18 15:20:27.166924+00,FVG - 1m
MMTUSDT,2026-07-18 15:20:33.270784+00,FVG - 5m
WLDUSDT,2026-07-18 15:29:31.160862+00,FVG - 1m
RENDERUSDT,2026-07-18 15:29:37.241401+00,LSE Counter-Trend 
HYPEUSDT,2026-07-18 15:29:41.285744+00,MA Slope Caso 1
IDOLUSDT,2026-07-18 15:34:35.912291+00,FVG - 1m
ORCLUSDT,2026-07-18 15:34:39.972544+00,MA Slope Caso 1
BLURUSDT,2026-07-18 15:50:24.765969+00,FVG - 1m
ACEUSDT,2026-07-18 15:50:29.147107+00,FVG - 5m
NOMUSDT,2026-07-18 15:59:10.052119+00,FVG - 1m
KATUSDT,2026-07-18 16:34:34.198254+00,FVG - 15m
SOXLUSDT,2026-07-18 16:42:43.469913+00,FVG - 15m
QTUMUSDT,2026-07-18 17:02:44.69855+00,Standard Scalping
BASEDUSDT,2026-07-18 17:17:45.921792+00,MA Slope Caso 2
PHAUSDT,2026-07-18 17:23:58.106298+00,Standard Scalping
NEARUSDT,2026-07-18 17:56:40.872022+00,LSE Counter-Trend 
MORPHOUSDT,2026-07-18 18:08:53.05482+00,LSE Counter-Trend 
ERAUSDT,2026-07-18 18:22:48.355825+00,FVG - 15m
LDOUSDT,2026-07-18 18:48:24.936969+00,MA Slope Caso 2
BSBUSDT,2026-07-18 19:14:15.589555+00,Standard Scalping
JCTUSDT,2026-07-18 19:41:22.602474+00,LSE Counter-Trend 
TLMUSDT,2026-07-18 19:48:46.720342+00,Standard Scalping
ZAMAUSDT,2026-07-18 19:56:41.120335+00,MA Slope Caso 2
VIRTUALUSDT,2026-07-18 20:09:16.925811+00,FVG - 5m
LYNUSDT,2026-07-18 20:19:37.632852+00,Standard Scalping
CATIUSDT,2026-07-18 20:33:36.772401+00,FVG - 1m
IRYSUSDT,2026-07-18 20:41:59.674757+00,FVG - 1m
AWEUSDT,2026-07-18 20:42:27.287778+00,Standard Scalping
FWDIUSDT,2026-07-18 20:55:31.585623+00,FVG - 5m
ROBOUSDT,2026-07-18 21:11:03.740949+00,FVG - 1m
1000BONKUSDT,2026-07-18 21:27:55.360932+00,FVG - 5m
MUBARAKUSDT,2026-07-18 21:57:14.167189+00,FVG - 15m
REUSDT,2026-07-18 22:02:39.392745+00,FVG - 15m
EVAAUSDT,2026-07-18 22:02:43.477361+00,FVG - 1m
TRBUSDT,2026-07-18 22:02:47.536514+00,MA Slope Caso 3
BTRUSDT,2026-07-18 22:09:03.133762+00,FVG - 1m
CTRUSDT,2026-07-18 22:09:09.201451+00,MA Clone
CTRUSDT,2026-07-18 22:09:13.261951+00,Scalping Clone
CTRUSDT,2026-07-18 22:09:17.309819+00,Standard Scalping
GUAUSDT,2026-07-18 22:12:46.273798+00,FVG - 5m
AEROUSDT,2026-07-18 22:17:56.702262+00,FVG - 15m
ONDOUSDT,2026-07-18 22:23:05.59988+00,FVG - 5m
SLXUSDT,2026-07-18 22:36:08.909607+00,FVG - 15m
ARIAUSDT,2026-07-18 22:36:14.970558+00,FVG - 5m
JASMYUSDT,2026-07-18 22:57:42.72671+00,FVG - 1m
BTRUSDT,2026-07-18 23:05:01.900068+00,Standard Scalping
COLLECTUSDT,2026-07-18 23:10:45.565107+00,FVG - 1m
YFIUSDT,2026-07-18 23:29:59.776465+00,FVG - 1m
XAIUSDT,2026-07-18 23:30:03.87623+00,FVG - 5m
AWEUSDT,2026-07-18 23:48:45.659114+00,Standard Scalping
ONEUSDT,2026-07-18 23:56:17.848197+00,FVG - 1m
AXTIUSDT,2026-07-19 00:10:27.538567+00,LSE Counter-Trend 
SENTUSDT,2026-07-19 00:14:39.48121+00,FVG - 15m
PARTIUSDT,2026-07-19 00:14:44.900325+00,FVG - 1m
TIAUSDT,2026-07-19 00:30:52.05763+00,FVG - 15m
PUMPBTCUSDT,2026-07-19 00:59:49.44243+00,FVG - 1m
SNXXUSDT,2026-07-19 01:11:40.713001+00,FVG - 15m
KAITOUSDT,2026-07-19 01:27:55.840266+00,FVG - 15m
TAIKOUSDT,2026-07-19 01:28:05.957634+00,FVG - 1m
TRUTHUSDT,2026-07-19 01:32:37.784494+00,FVG - 1m
ONGUSDT,2026-07-19 02:04:00.455493+00,FVG - 1m
COMPUSDT,2026-07-19 02:09:24.204562+00,MA Slope Caso 3
AUSDT,2026-07-19 02:55:11.165639+00,FVG - 1m
AGLDUSDT,2026-07-19 03:01:34.017832+00,LSE Counter-Trend 
ROBOUSDT,2026-07-19 03:10:55.125941+00,FVG - 1m
TLMUSDT,2026-07-19 03:55:58.718815+00,FVG - 15m
AEROUSDT,2026-07-19 04:10:23.145691+00,FVG - 15m
MUSDT,2026-07-19 04:10:28.039528+00,MA Slope Caso 2
GUSDT,2026-07-19 04:25:54.94384+00,MA Clone
GUSDT,2026-07-19 04:25:59.304741+00,MA Cross Momentum
GUSDT,2026-07-19 04:26:07.169024+00,Scalping Clone
TRADOORUSDT,2026-07-19 04:40:57.313721+00,FVG - 15m
REUSDT,2026-07-19 04:41:02.738762+00,FVG - 1m
EVAAUSDT,2026-07-19 04:49:18.61+00,FVG - 15m
BANKUSDT,2026-07-19 04:49:21.984201+00,FVG - 1m
LABUSDT,2026-07-19 04:59:34.36011+00,FVG - 1m
TREEUSDT,2026-07-19 05:10:41.111565+00,FVG - 15m
CLOUSDT,2026-07-19 05:10:50.126877+00,FVG - 1m
STARUSDT,2026-07-19 05:19:41.64565+00,FVG - 15m
BRUSDT,2026-07-19 05:19:46.586833+00,FVG - 1m
LUMIAUSDT,2026-07-19 05:25:04.731277+00,FVG - 1m
BILLUSDT,2026-07-19 05:29:05.766127+00,FVG - 1m
BIRBUSDT,2026-07-19 05:43:08.25781+00,Standard Scalping
AUSDT,2026-07-19 06:04:53.57533+00,FVG - 1m
1000XECUSDT,2026-07-19 06:09:58.330708+00,FVG - 5m
ACEUSDT,2026-07-19 06:28:27.086309+00,FVG - 15m
VANAUSDT,2026-07-19 06:46:19.661955+00,FVG - 1m
VANRYUSDT,2026-07-19 06:56:34.646939+00,FVG - 1m
HOMEUSDT,2026-07-19 07:08:49.262264+00,FVG - 5m
BILLUSDT,2026-07-19 07:08:57.345922+00,Standard Scalping
ARXUSDT,2026-07-19 07:13:26.851556+00,FVG - 15m
HFTUSDT,2026-07-19 07:13:32.931751+00,FVG - 1m
ARIAUSDT,2026-07-19 07:17:33.715972+00,FVG - 1m
TACUSDT,2026-07-19 07:24:46.032482+00,FVG - 1m
MAGMAUSDT,2026-07-19 07:24:50.499787+00,FVG - 5m
SHELLUSDT,2026-07-19 07:25:02.343187+00,Standard Scalping
RPLUSDT,2026-07-19 16:30:40.421954+00,Compresion ADN - Micro (5m)
BLESSUSDT,2026-07-19 16:30:44.497397+00,FVG - 15m
REZUSDT,2026-07-19 16:30:48.571404+00,FVG - 1m
YGGUSDT,2026-07-19 16:30:52.640732+00,FVG - 5m
INJUSDT,2026-07-19 16:30:56.811388+00,MA Slope Caso 2
CLUSDT,2026-07-19 16:31:01.102204+00,MA Slope Caso 3
NEWTUSDT,2026-07-19 16:31:05.191951+00,MA Slope Caso 3 (15m)
TUSDT,2026-07-19 16:36:50.579587+00,FVG - 15m
GUAUSDT,2026-07-19 16:36:56.644079+00,FVG - 1m
PHAUSDT,2026-07-19 16:37:00.720593+00,FVG - 5m
SOLUSDT,2026-07-19 16:37:10.865107+00,MA Slope Caso 3 (15m)
YBUSDT,2026-07-19 16:43:07.071827+00,FVG - 1m
YBUSDT,2026-07-19 16:43:10.217257+00,FVG - 5m
SCRTUSDT,2026-07-19 16:49:28.513341+00,FVG - 5m
KAITOUSDT,2026-07-19 16:56:50.629208+00,FVG - 1m
EDENUSDT,2026-07-19 17:03:38.352076+00,FVG - 1m
HUMAUSDT,2026-07-19 17:03:44.491127+00,FVG - 5m
ONGUSDT,2026-07-19 17:12:22.466017+00,FVG - 5m
0GUSDT,2026-07-19 17:16:16.223807+00,Compresion ADN - Micro (5m)
HEIUSDT,2026-07-19 17:23:35.122299+00,FVG - 15m
BLUAIUSDT,2026-07-19 17:26:50.085536+00,FVG - 1m
TAGUSDT,2026-07-19 17:26:58.20179+00,FVG - 5m
BTCDOMUSDT,2026-07-19 17:27:02.306492+00,MA Slope Caso 2
SOLVUSDT,2026-07-19 17:42:19.186111+00,FVG - 1m
GWEIUSDT,2026-07-19 17:42:24.569685+00,FVG - 5m
BEUSDT,2026-07-19 18:17:55.827158+00,Compresion ADN - Micro (5m)
FWDIUSDT,2026-07-19 18:18:01.906964+00,FVG - 15m
AVAAIUSDT,2026-07-19 18:18:08.011316+00,FVG - 1m
TRBUSDT,2026-07-19 18:18:14.135121+00,MA Slope Caso 2
AKEUSDT,2026-07-19 19:04:39.279702+00,FVG - 15m
DEXEUSDT,2026-07-19 19:04:44.763937+00,FVG - 1m
SKLUSDT,2026-07-19 19:04:50.02062+00,FVG - 5m
ESPORTSUSDT,2026-07-19 19:19:04.486769+00,FVG - 1m
ZAMAUSDT,2026-07-19 19:19:10.594837+00,MA Slope Caso 3 (15m)
PARTIUSDT,2026-07-19 19:33:37.371961+00,FVG - 1m
ZBTUSDT,2026-07-19 19:33:42.35166+00,FVG - 5m
AIOUSDT,2026-07-19 19:47:22.405453+00,Compresion ADN - Micro (5m)
PUMPUSDT,2026-07-19 19:47:27.684417+00,FVG - 1m
HEMIUSDT,2026-07-19 20:00:18.12553+00,FVG - 1m
SNXXUSDT,2026-07-19 20:13:16.393742+00,FVG - 15m
BUSDT,2026-07-19 20:13:23.05556+00,FVG - 1m
MANTRAUSDT,2026-07-19 20:13:31.587651+00,FVG - 5m
USUSDT,2026-07-19 20:26:35.512516+00,FVG - 15m
VELVETUSDT,2026-07-19 20:48:34.788742+00,FVG - 1m
MYXUSDT,2026-07-19 20:59:51.243311+00,Compresion ADN - Micro (5m)
GOOGLUSDT,2026-07-19 21:10:33.997927+00,Compresion ADN - Micro (5m)
PLUMEUSDT,2026-07-19 21:18:25.148556+00,FVG - 15m
THEUSDT,2026-07-19 21:18:34.661888+00,FVG - 1m
USUALUSDT,2026-07-19 21:22:04.830703+00,FVG - 15m
ONEUSDT,2026-07-19 21:22:08.093111+00,FVG - 1m
PROMUSDT,2026-07-19 21:27:05.669419+00,FVG - 1m
HOLOUSDT,2026-07-19 21:34:38.913896+00,FVG - 15m
ALLOUSDT,2026-07-19 21:46:40.452883+00,FVG - 15m
HYPERUSDT,2026-07-19 21:59:10.622152+00,FVG - 1m
BTWUSDT,2026-07-19 22:05:37.579859+00,FVG - 1m
CFXUSDT,2026-07-19 22:05:43.09569+00,MA Slope Caso 2
XLMUSDT,2026-07-19 22:05:49.167913+00,MA Slope Caso 3
CBRSUSDT,2026-07-19 22:14:41.544613+00,MA Slope Caso 1
MERLUSDT,2026-07-19 22:28:49.800052+00,FVG - 1m
TRUTHUSDT,2026-07-19 22:55:40.499173+00,FVG - 1m
MUUUSDT,2026-07-19 23:01:51.66421+00,Standard Scalping
LDOUSDT,2026-07-19 23:11:54.199292+00,Arrow Reversal
LDOUSDT,2026-07-19 23:11:58.25941+00,
AZTECUSDT,2026-07-19 23:16:58.055251+00,FVG - 1m
IBMUSDT,2026-07-19 23:17:02.115722+00,MA Slope Caso 3
SKLUSDT,2026-07-19 23:18:49.618916+00,Standard Scalping
FARTCOINUSDT,2026-07-19 23:32:35.492686+00,MA Slope Caso 1
SYNUSDT,2026-07-20 00:03:46.921015+00,FVG - 1m
KORUUSDT,2026-07-20 00:10:00.83443+00,Standard Scalping
TRUMPUSDT,2026-07-20 00:14:45.580178+00,FVG - 1m
SAHARAUSDT,2026-07-20 00:14:49.982367+00,LSE Counter-Trend 
SKHYNIXUSDT,2026-07-20 00:14:55.057056+00,MA Clone
SKHYNIXUSDT,2026-07-20 00:15:01.209451+00,Scalping Clone
SKHYUSDT,2026-07-20 00:19:05.61652+00,MA Clone
ONDOUSDT,2026-07-20 00:25:59.245075+00,FVG - 15m
MRVLUSDT,2026-07-20 00:26:05.320507+00,LSE Counter-Trend 
MUUSDT,2026-07-20 00:29:14.900784+00,FVG - 1m
SOXLUSDT,2026-07-20 00:34:04.469555+00,FVG - 1m
STXXUSDT,2026-07-20 00:45:16.237086+00,FVG - 1m
METUSDT,2026-07-20 00:53:58.769193+00,FVG - 1m
TOSHIUSDT,2026-07-20 01:00:51.169032+00,MA Slope Caso 1
ORDIUSDT,2026-07-20 01:11:28.533022+00,FVG - 15m
TRIAUSDT,2026-07-20 01:17:14.332044+00,FVG - 15m
JUPUSDT,2026-07-20 01:47:23.407753+00,FVG - 1m
USELESSUSDT,2026-07-20 01:55:18.292989+00,FVG - 15m
WETUSDT,2026-07-20 02:01:14.383781+00,FVG - 15m
KGENUSDT,2026-07-20 02:20:56.298041+00,FVG - 15m
DOODUSDT,2026-07-20 02:27:08.236425+00,FVG - 15m
EDGEUSDT,2026-07-20 02:31:21.884192+00,FVG - 15m
SIRENUSDT,2026-07-20 03:09:03.987735+00,FVG - 1m
USUSDT,2026-07-20 03:20:41.64417+00,FVG - 15m
VIRTUALUSDT,2026-07-20 03:28:56.939163+00,Arrow Reversal
VIRTUALUSDT,2026-07-20 03:29:00.280998+00,
BSVUSDT,2026-07-20 03:29:05.573065+00,Compresion ADN - Micro (5m)
BULLAUSDT,2026-07-20 03:33:43.608137+00,FVG - 1m
PUMPUSDT,2026-07-20 03:33:48.436579+00,FVG - 5m
MINIMAXUSDT,2026-07-20 03:42:43.622909+00,FVG - 1m
KORUUSDT,2026-07-20 04:02:49.072873+00,FVG - 1m
AKEUSDT,2026-07-20 04:13:35.857899+00,FVG - 1m
HOMEUSDT,2026-07-20 04:17:54.505258+00,FVG - 1m
EVAAUSDT,2026-07-20 04:24:19.625644+00,FVG - 1m
GUSDT,2026-07-20 04:24:41.49196+00,Standard Scalping
XANUSDT,2026-07-20 04:25:02.62998+00,Standard Scalping
AERGOUSDT,2026-07-20 04:55:43.812514+00,FVG - 1m
SYNUSDT,2026-07-20 04:55:48.706946+00,MA Slope Caso 1
MUSDT,2026-07-20 05:04:50.271721+00,FVG - 1m
BLESSUSDT,2026-07-20 05:12:22.752604+00,FVG - 1m
ICNTUSDT,2026-07-20 05:12:27.657338+00,FVG - 5m
AAPLUSDT,2026-07-20 05:12:49.054878+00,MA Slope Caso 3
TLMUSDT,2026-07-20 05:20:01.445118+00,FVG - 1m
ACUUSDT,2026-07-20 05:20:07.542176+00,MA Slope Caso 2
DOGEUSDT,2026-07-20 05:20:13.62462+00,MA Slope Caso 3 (15m)
ESPORTSUSDT,2026-07-20 05:27:37.516611+00,FVG - 1m
KAITOUSDT,2026-07-20 05:34:08.442403+00,FVG - 15m
VELVETUSDT,2026-07-20 05:34:18.560663+00,FVG - 1m
ARXUSDT,2026-07-20 06:02:40.090135+00,FVG - 1m
KSTRUSDT,2026-07-20 06:12:13.358633+00,FVG - 1m
LYNUSDT,2026-07-20 06:17:59.49787+00,FVG - 15m
MUBARAKUSDT,2026-07-20 06:18:07.586705+00,FVG - 1m
ARIAUSDT,2026-07-20 06:18:11.646671+00,FVG - 5m
ERAUSDT,2026-07-20 06:23:46.691416+00,FVG - 1m
VELVETUSDT,2026-07-20 06:23:58.277134+00,Standard Scalping
AVAAIUSDT,2026-07-20 06:27:30.704256+00,FVG - 1m
TOWNSUSDT,2026-07-20 06:27:38.805078+00,FVG - 5m
MANTRAUSDT,2026-07-20 06:34:05.290477+00,Standard Scalping
XVGUSDT,2026-07-20 06:41:39.241344+00,FVG - 15m
RKLBUSDT,2026-07-20 06:41:47.354104+00,MA Slope Caso 3 (15m)
LABUSDT,2026-07-20 06:49:27.05807+00,FVG - 15m
HYPERUSDT,2026-07-20 06:56:31.717783+00,FVG - 15m
币安人生USDT,2026-07-20 07:03:59.62605+00,FVG - 15m
ASTSUSDT,2026-07-20 07:04:09.732835+00,MA Slope Caso 3 (15m)
SNXUSDT,2026-07-20 07:11:30.275505+00,FVG - 15m
DEXEUSDT,2026-07-20 07:11:38.388783+00,FVG - 5m
JELLYJELLYUSDT,2026-07-20 07:14:31.226002+00,FVG - 15m
PARTIUSDT,2026-07-20 07:19:29.361197+00,FVG - 5m
EGLDUSDT,2026-07-20 07:25:27.563487+00,Compresion ADN - Micro (5m)
WOOUSDT,2026-07-20 07:53:16.724962+00,FVG - 5m
1000BONKUSDT,2026-07-20 07:53:22.141713+00,MA Cross Momentum
APPSTOCKUSDT,2026-07-20 08:21:50.13839+00,MA Slope Caso 3 (15m)
PIXELUSDT,2026-07-20 08:23:21.246883+00,Standard Scalping
ZAMAUSDT,2026-07-20 08:36:29.481796+00,FVG - 1m
BUSDT,2026-07-20 08:45:29.926498+00,FVG - 1m
BILLUSDT,2026-07-20 08:45:33.983324+00,FVG - 5m
1000XECUSDT,2026-07-20 08:52:54.997777+00,FVG - 15m
NOWUSDT,2026-07-20 08:53:05.68136+00,MA Slope Caso 1
ZEREBROUSDT,2026-07-20 08:59:57.92987+00,FVG - 5m
TRUTHUSDT,2026-07-20 09:19:15.816504+00,LSE Counter-Trend 
XAGUSDT,2026-07-20 09:26:00.632536+00,MA Slope Caso 3
GUAUSDT,2026-07-20 09:30:47.021968+00,FVG - 15m
TURTLEUSDT,2026-07-20 09:34:46.110697+00,MA Slope Caso 3 (15m)
LUMIAUSDT,2026-07-20 09:44:02.398193+00,LSE Counter-Trend 
HUMAUSDT,2026-07-20 09:50:43.439515+00,FVG - 1m
HEMIUSDT,2026-07-20 10:01:38.295249+00,FVG - 15m
RONINUSDT,2026-07-20 10:01:45.775746+00,FVG - 5m
ZILUSDT,2026-07-20 10:11:31.900206+00,FVG - 15m
4USDT,2026-07-20 10:29:19.717062+00,FVG - 15m
SPACEUSDT,2026-07-20 10:29:30.53489+00,FVG - 5m
ZORAUSDT,2026-07-20 10:52:50.184624+00,LSE Counter-Trend 
PTBUSDT,2026-07-20 11:10:20.492611+00,FVG - 1m
TREEUSDT,2026-07-20 11:18:20.636562+00,Compresion ADN - Micro (5m)
GOATUSDT,2026-07-20 11:24:44.455617+00,FVG - 15m
RONINUSDT,2026-07-20 11:24:59.600902+00,Standard Scalping
BANKUSDT,2026-07-20 11:33:49.995996+00,FVG - 1m
ATOMUSDT,2026-07-20 11:33:56.084906+00,MA Slope Caso 1
ALGOUSDT,2026-07-20 11:34:02.140672+00,MA Slope Caso 3 (15m)
AWEUSDT,2026-07-20 11:42:17.887747+00,FVG - 1m
USELESSUSDT,2026-07-20 12:04:57.186348+00,FVG - 1m
MVLLUSDT,2026-07-20 12:05:01.947858+00,MA Clone
CAPUSDT,2026-07-20 12:27:56.377921+00,FVG - 1m
AIOUSDT,2026-07-20 12:40:32.179116+00,FVG - 1m
CHZUSDT,2026-07-20 12:48:57.914433+00,FVG - 1m
KITEUSDT,2026-07-20 12:57:20.216139+00,FVG - 1m
NBISUSDT,2026-07-20 13:04:48.639248+00,Standard Scalping
MVLLUSDT,2026-07-20 13:04:59.654361+00,Standard Scalping
ACTUSDT,2026-07-20 13:09:26.997242+00,FVG - 1m
MYXUSDT,2026-07-20 13:13:48.049242+00,FVG - 1m
AAOIUSDT,2026-07-20 13:17:44.780018+00,FVG - 1m
TURTLEUSDT,2026-07-20 13:20:00.266209+00,Standard Scalping
ACEUSDT,2026-07-20 13:25:55.885436+00,FVG - 15m
HANAUSDT,2026-07-20 13:26:03.992532+00,FVG - 1m
AGTUSDT,2026-07-20 13:30:21.94124+00,FVG - 1m
IRENUSDT,2026-07-20 13:31:23.718478+00,Standard Scalping
INTWUSDT,2026-07-20 13:31:31.991124+00,Standard Scalping
DEEPUSDT,2026-07-20 13:43:43.815637+00,Compresion ADN - Micro (5m)
TRIAUSDT,2026-07-20 13:43:47.499005+00,FVG - 1m
SNXXUSDT,2026-07-20 13:43:51.138811+00,MA Cross Momentum
SNXXUSDT,2026-07-20 13:43:55.300543+00,Scalping Clone
SNXXUSDT,2026-07-20 13:43:59.196738+00,Standard Scalping
JCTUSDT,2026-07-20 13:51:08.606156+00,FVG - 1m
AXTIUSDT,2026-07-20 13:51:14.677837+00,Scalping Clone
AXTIUSDT,2026-07-20 13:51:18.808391+00,Standard Scalping
TERUSDT,2026-07-20 14:00:35.567508+00,FVG - 1m
CIENUSDT,2026-07-20 14:09:03.578251+00,FVG - 1m
XAUUSDT,2026-07-20 14:09:08.042463+00,MA Slope Caso 3
ALCHUSDT,2026-07-20 14:24:46.014481+00,Compresion ADN - Micro (5m)
INTCUSDT,2026-07-20 14:24:50.170176+00,FVG - 1m
UBUSDT,2026-07-20 14:34:05.126044+00,FVG - 1m
CETUSUSDT,2026-07-20 14:43:20.944677+00,Compresion ADN - Micro (5m)
CBRSUSDT,2026-07-20 14:58:14.479978+00,FVG - 1m
ARCUSDT,2026-07-20 15:05:20.292599+00,FVG - 1m
BOTUSDT,2026-07-20 15:10:49.593593+00,FVG - 1m
FORMUSDT,2026-07-20 15:14:53.968591+00,FVG - 1m
BEUSDT,2026-07-20 15:19:59.302797+00,FVG - 1m
XAUTUSDT,2026-07-20 15:20:03.886102+00,MA Slope Caso 3
ETCUSDT,2026-07-20 15:45:33.925013+00,MA Slope Caso 1
SOONUSDT,2026-07-20 15:54:09.637244+00,MA Slope Caso 3 (15m)
NBISUSDT,2026-07-20 16:09:10.466465+00,Standard Scalping
CRWVUSDT,2026-07-20 16:09:14.956746+00,Standard Scalping
USARUSDT,2026-07-20 16:14:05.286715+00,FVG - 5m
TRXUSDT,2026-07-20 16:14:12.652958+00,MA Slope Caso 2
BUSDT,2026-07-20 16:14:24.710619+00,Standard Scalping
BLUAIUSDT,2026-07-20 16:30:12.436756+00,FVG - 15m
STXXUSDT,2026-07-20 16:42:55.653768+00,Standard Scalping
SNXXUSDT,2026-07-20 16:43:03.526005+00,Standard Scalping
CLOUSDT,2026-07-20 17:16:39.785289+00,FVG - 15m
ZHIPUUSDT,2026-07-20 17:22:06.240905+00,FVG - 15m
ZHIPUUSDT,2026-07-20 17:22:17.287117+00,FVG - 5m
TIAUSDT,2026-07-20 17:22:21.964393+00,MA Slope Caso 3 (15m)
YGGUSDT,2026-07-20 17:33:28.314408+00,FVG - 15m
ANTHROPICUSDT,2026-07-20 17:33:34.733787+00,FVG - 5m
VICUSDT,2026-07-20 17:57:29.19229+00,FVG - 5m
METUSDT,2026-07-20 18:19:36.147764+00,MA Slope Caso 3 (15m)
GMTUSDT,2026-07-20 18:25:18.551524+00,LSE Counter-Trend 
HUSDT,2026-07-20 19:10:07.295956+00,FVG - 5m
SAGAUSDT,2026-07-20 19:31:30.562749+00,FVG - 5m
DOODUSDT,2026-07-20 19:45:04.833519+00,Scalping Clone
SXTUSDT,2026-07-20 19:52:42.063617+00,FVG - 15m
MUUUSDT,2026-07-20 20:01:36.312928+00,FVG - 1m
CLUSDT,2026-07-20 20:01:44.388091+00,MA Slope Caso 2
ENSOUSDT,2026-07-20 20:01:48.510116+00,MA Slope Caso 3 (15m)
ALLOUSDT,2026-07-20 20:09:19.412306+00,FVG - 1m
SAPIENUSDT,2026-07-20 20:13:46.17692+00,FVG - 1m
PROMUSDT,2026-07-20 20:19:18.687014+00,FVG - 1m
SKRUSDT,2026-07-20 20:26:00.086535+00,FVG - 1m
GWEIUSDT,2026-07-20 20:59:56.069344+00,FVG - 15m
TACUSDT,2026-07-20 21:00:05.266855+00,FVG - 1m
CAPUSDT,2026-07-20 21:13:40.396279+00,Scalping Clone
BNCUSDT,2026-07-20 21:25:04.211796+00,LSE Counter-Trend 
MONUSDT,2026-07-20 21:29:51.172737+00,FVG - 1m
XPLUSDT,2026-07-20 21:29:58.797925+00,LSE Counter-Trend 
KNCUSDT,2026-07-20 21:49:33.95157+00,FVG - 5m
NIGHTUSDT,2026-07-20 21:58:14.881367+00,FVG - 1m
TUTUSDT,2026-07-20 21:58:18.882558+00,FVG - 5m
TOWNSUSDT,2026-07-20 21:58:42.004146+00,Standard Scalping
ZESTUSDT,2026-07-20 22:05:32.506672+00,FVG - 1m
PIEVERSEUSDT,2026-07-20 22:05:36.308028+00,MA Slope Caso 3 (15m)
ZMUSDT,2026-07-20 22:15:14.678794+00,Compresion ADN - Micro (5m)
YBUSDT,2026-07-20 22:27:23.999189+00,FVG - 5m
HEIUSDT,2026-07-20 22:36:08.259169+00,FVG - 1m
MONUSDT,2026-07-20 22:37:42.450875+00,Standard Scalping
BSBUSDT,2026-07-20 22:58:35.381845+00,FVG - 1m
HAEDALUSDT,2026-07-20 23:04:49.77539+00,FVG - 5m
XPINUSDT,2026-07-20 23:35:31.889862+00,FVG - 1m
CRCLUSDT,2026-07-20 23:48:53.348086+00,FVG - 5m
OUSDT,2026-07-20 23:57:21.591835+00,FVG - 1m
TUSDT,2026-07-21 00:09:37.466517+00,FVG - 15m
EPICUSDT,2026-07-21 00:09:45.310074+00,FVG - 1m
PENGUUSDT,2026-07-21 00:19:43.84879+00,MA Slope Caso 3 (15m)
MYXUSDT,2026-07-21 00:20:02.605925+00,Standard Scalping
COAIUSDT,2026-07-21 00:25:23.325441+00,FVG - 1m
SOXLUSDT,2026-07-21 00:25:30.182907+00,FVG - 5m
VANRYUSDT,2026-07-21 00:34:39.081833+00,FVG - 15m
PTBUSDT,2026-07-21 00:49:12.103678+00,Standard Scalping
ERAUSDT,2026-07-21 00:49:22.183899+00,Standard Scalping
MINAUSDT,2026-07-21 01:03:20.884488+00,Scalping Clone
HYUNDAIUSDT,2026-07-21 01:12:51.305094+00,FVG - 1m
ALICEUSDT,2026-07-21 01:25:10.739789+00,FVG - 5m
JTOUSDT,2026-07-21 01:34:22.147341+00,FVG - 15m
RIFUSDT,2026-07-21 01:34:34.556975+00,FVG - 5m
SKLUSDT,2026-07-21 01:42:15.231668+00,FVG - 15m
IRYSUSDT,2026-07-21 01:56:19.59253+00,FVG - 1m
JSTUSDT,2026-07-21 01:56:26.968123+00,MA Slope Caso 3 (15m)
KOMAUSDT,2026-07-21 02:02:39.549572+00,FVG - 5m
SKHYNIXUSDT,2026-07-21 02:08:56.940011+00,FVG - 1m
SUSDT,2026-07-21 02:25:28.999557+00,FVG - 5m
COLLECTUSDT,2026-07-21 02:29:28.024193+00,FVG - 1m
STARUSDT,2026-07-21 02:34:11.719034+00,FVG - 5m
HAEDALUSDT,2026-07-21 02:48:15.842481+00,Standard Scalping
SKRUSDT,2026-07-21 02:56:28.872055+00,Standard Scalping
GUSDT,2026-07-21 03:04:43.124135+00,FVG - 15m
LABUSDT,2026-07-21 03:04:51.225946+00,FVG - 1m
ZHIPUUSDT,2026-07-21 03:05:07.192407+00,Standard Scalping
SIRENUSDT,2026-07-21 03:12:16.158603+00,FVG - 1m
ALICEUSDT,2026-07-21 03:12:22.215949+00,FVG - 5m
XANUSDT,2026-07-21 03:12:26.58978+00,MA Clone
XANUSDT,2026-07-21 03:12:30.883789+00,Scalping Clone
XANUSDT,2026-07-21 03:12:34.697842+00,Standard Scalping
SNXXUSDT,2026-07-21 03:33:29.138729+00,Standard Scalping
TOWNSUSDT,2026-07-21 03:42:04.463513+00,FVG - 1m
ESPORTSUSDT,2026-07-21 03:51:09.105962+00,FVG - 15m
VETUSDT,2026-07-21 04:03:02.372043+00,Compresion ADN - Micro (5m)
AKEUSDT,2026-07-21 04:03:08.793067+00,FVG - 1m
JCTUSDT,2026-07-21 04:03:18.521628+00,MA Slope Caso 1
INTWUSDT,2026-07-21 04:03:39.476584+00,Standard Scalping
TREEUSDT,2026-07-21 04:03:56.680854+00,Scalping Clone
AVAAIUSDT,2026-07-21 04:14:51.508463+00,FVG - 5m
AIGENSYNUSDT,2026-07-21 04:15:10.095638+00,Standard Scalping
HEMIUSDT,2026-07-21 04:29:09.901128+00,FVG - 5m
MINAUSDT,2026-07-21 04:43:35.544301+00,Standard Scalping
BMNRUSDT,2026-07-21 05:00:31.569662+00,MA Slope Caso 3 (15m)
BANKUSDT,2026-07-21 05:09:50.78854+00,FVG - 1m
DEXEUSDT,2026-07-21 05:14:00.464823+00,FVG - 1m
PTBUSDT,2026-07-21 05:18:59.008739+00,FVG - 1m
BLESSUSDT,2026-07-21 05:26:15.351851+00,FVG - 1m
LTCUSDT,2026-07-21 05:26:19.556026+00,MA Slope Caso 3
CLOUSDT,2026-07-21 05:36:31.460268+00,FVG - 1m
POLYXUSDT,2026-07-21 05:36:45.461246+00,Scalping Clone
SAGAUSDT,2026-07-21 05:45:23.963586+00,MA Cross Momentum
UBUSDT,2026-07-21 05:54:18.244524+00,Standard Scalping
VVVUSDT,2026-07-21 06:27:24.970847+00,MA Cross Momentum
AGTUSDT,2026-07-21 06:49:53.275584+00,FVG - 15m
USUSDT,2026-07-21 06:50:03.425753+00,MA Cross Momentum
IBMUSDT,2026-07-21 06:50:07.760508+00,MA Slope Caso 3
USUSDT,2026-07-21 06:50:11.645939+00,Scalping Clone
USUSDT,2026-07-21 06:50:14.912443+00,Standard Scalping
ZEREBROUSDT,2026-07-21 06:59:15.368404+00,FVG - 15m
BILLUSDT,2026-07-21 06:59:28.757323+00,MA Slope Caso 1
MSFTUSDT,2026-07-21 07:09:05.277066+00,MA Slope Caso 3
HAEDALUSDT,2026-07-21 07:24:17.44694+00,FVG - 5m
SAGAUSDT,2026-07-21 07:34:30.451713+00,Scalping Clone
HANAUSDT,2026-07-21 07:51:18.704894+00,FVG - 1m
LAUSDT,2026-07-21 08:07:46.683507+00,FVG - 1m
LAUSDT,2026-07-21 08:07:50.563743+00,FVG - 5m
YGGUSDT,2026-07-21 08:12:49.806495+00,FVG - 15m
VVVUSDT,2026-07-21 08:13:05.629561+00,Standard Scalping
BUSDT,2026-07-21 08:17:17.113122+00,FVG - 15m
AZTECUSDT,2026-07-21 08:23:13.239975+00,MA Slope Caso 3 (15m)
IOUSDT,2026-07-21 08:28:22.068732+00,Scalping Clone
ONDOUSDT,2026-07-21 08:49:51.200547+00,FVG - 1m
TURTLEUSDT,2026-07-21 08:49:55.486353+00,FVG - 5m
STARUSDT,2026-07-21 08:58:17.253882+00,FVG - 1m
IRYSUSDT,2026-07-21 09:14:54.173166+00,FVG - 1m
CAPUSDT,2026-07-21 09:29:35.289884+00,FVG - 5m
ONDOUSDT,2026-07-21 09:44:29.879261+00,Standard Scalping
HEIUSDT,2026-07-21 09:53:19.748193+00,FVG - 5m
ERAUSDT,2026-07-21 10:00:14.15137+00,FVG - 5m
ICPUSDT,2026-07-21 10:00:17.935702+00,MA Slope Caso 3 (15m)
ACEUSDT,2026-07-21 10:09:24.825099+00,FVG - 5m
WLDUSDT,2026-07-21 10:09:29.412983+00,MA Slope Caso 3
VIRTUALUSDT,2026-07-21 10:29:45.304892+00,Standard Scalping
1000XECUSDT,2026-07-21 10:58:49.763476+00,FVG - 5m
YBUSDT,2026-07-21 11:10:33.647328+00,FVG - 15m
TZAUSDT,2026-07-21 11:14:22.205331+00,MA Slope Caso 2
SOXSUSDT,2026-07-21 11:34:18.231749+00,FVG - 5m
NIGHTUSDT,2026-07-21 11:44:30.306222+00,FVG - 5m
METUSDT,2026-07-21 11:50:59.702242+00,FVG - 15m
BEATUSDT,2026-07-21 11:51:06.717969+00,FVG - 5m
DEEPUSDT,2026-07-21 11:51:11.500337+00,MA Slope Caso 3 (15m)
MUSDT,2026-07-21 12:11:57.686122+00,FVG - 15m
DUSKUSDT,2026-07-21 12:33:27.756944+00,Scalping Clone
RPLUSDT,2026-07-21 12:48:48.759278+00,MA Slope Caso 2
CROSSUSDT,2026-07-21 13:04:22.033004+00,Standard Scalping
KGENUSDT,2026-07-21 13:09:55.748096+00,Compresion ADN - Micro (5m)
CUSDT,2026-07-21 13:13:52.013017+00,FVG - 15m
BSVUSDT,2026-07-21 13:25:27.088703+00,Compresion ADN - Micro (5m)
MMTUSDT,2026-07-21 13:25:42.373141+00,Standard Scalping
MITOUSDT,2026-07-21 13:34:34.881404+00,MA Slope Caso 3 (15m)
AXTIUSDT,2026-07-21 13:43:18.150959+00,MA Clone
AXTIUSDT,2026-07-21 13:43:21.227302+00,MA Cross Momentum
ZBTUSDT,2026-07-21 13:50:45.621534+00,FVG - 1m
CRCLUSDT,2026-07-21 14:06:27.924742+00,FVG - 1m
RAVEUSDT,2026-07-21 14:11:46.400516+00,FVG - 15m
NEOUSDT,2026-07-21 14:11:54.027362+00,LSE Counter-Trend 
1000LUNCUSDT,2026-07-21 14:11:58.880269+00,MA Slope Caso 3 (15m)
ORCAUSDT,2026-07-21 14:16:08.477128+00,LSE Counter-Trend 
QNTXUSDT,2026-07-21 14:27:55.342368+00,FVG - 15m
MAGMAUSDT,2026-07-21 14:28:05.288395+00,LSE Counter-Trend 
VELVETUSDT,2026-07-21 14:32:31.307686+00,FVG - 15m
RENDERUSDT,2026-07-21 14:42:04.047245+00,MA Slope Caso 3 (15m)
DODOXUSDT,2026-07-21 14:49:19.435785+00,FVG - 15m
TUTUSDT,2026-07-21 14:57:53.710381+00,FVG - 15m
HUSDT,2026-07-21 15:04:46.826026+00,FVG - 15m
ONEUSDT,2026-07-21 15:04:57.030675+00,FVG - 1m
AERGOUSDT,2026-07-21 15:11:15.339677+00,FVG - 1m
XVGUSDT,2026-07-21 15:20:10.875975+00,FVG - 15m
GRAMUSDT,2026-07-21 15:30:30.691851+00,FVG - 1m
ONDSUSDT,2026-07-21 15:45:25.97472+00,FVG - 1m
FWDIUSDT,2026-07-21 15:54:21.330479+00,Standard Scalping
ASTSUSDT,2026-07-21 16:09:13.127641+00,FVG - 1m
ETHBTCUSDT,2026-07-21 16:09:18.196363+00,MA Slope Caso 2
WDCUSDT,2026-07-21 16:19:40.507514+00,Standard Scalping
SHAZUSDT,2026-07-21 16:24:32.356996+00,FVG - 1m
BEUSDT,2026-07-21 16:34:30.290388+00,FVG - 1m
LYNUSDT,2026-07-21 16:34:38.388755+00,Standard Scalping
TERUSDT,2026-07-21 16:42:49.646165+00,Standard Scalping
KERNELUSDT,2026-07-21 16:49:13.08563+00,FVG - 15m
BLUAIUSDT,2026-07-21 16:49:21.004245+00,MA Clone
BLUAIUSDT,2026-07-21 16:49:24.855888+00,MA Cross Momentum
BLUAIUSDT,2026-07-21 16:49:28.805776+00,Scalping Clone
COLLECTUSDT,2026-07-21 17:04:13.672437+00,FVG - 1m
MUUUSDT,2026-07-21 17:14:35.554807+00,FVG - 1m
EPICUSDT,2026-07-21 17:14:39.900712+00,FVG - 5m
ARIAUSDT,2026-07-21 17:50:15.987575+00,FVG - 15m
TACUSDT,2026-07-21 17:50:24.438796+00,FVG - 1m
BTWUSDT,2026-07-21 18:06:15.201737+00,FVG - 1m
MINIMAXUSDT,2026-07-21 18:11:49.122423+00,FVG - 1m
HMSTRUSDT,2026-07-21 18:21:12.829479+00,FVG - 1m
CBRSUSDT,2026-07-21 18:27:30.440134+00,FVG - 1m
CHILLGUYUSDT,2026-07-21 18:27:34.284416+00,MA Clone
CHILLGUYUSDT,2026-07-21 18:27:38.329695+00,MA Cross Momentum
MOVEUSDT,2026-07-21 18:56:27.202204+00,FVG - 1m
LABUSDT,2026-07-21 19:03:34.1016+00,Standard Scalping
TLMUSDT,2026-07-21 19:11:13.860932+00,FVG - 1m
NEARUSDT,2026-07-21 19:11:18.12139+00,MA Slope Caso 2
EIGENUSDT,2026-07-21 19:15:45.870436+00,MA Slope Caso 2
EDGEUSDT,2026-07-21 19:31:45.918896+00,FVG - 1m
MUUUSDT,2026-07-21 19:32:36.491896+00,Standard Scalping
MUUSDT,2026-07-21 19:47:22.196136+00,Standard Scalping
MYXUSDT,2026-07-21 19:55:26.390724+00,FVG - 1m
OPNUSDT,2026-07-21 20:03:08.148804+00,FVG - 1m
PLAYUSDT,2026-07-21 20:10:53.970308+00,FVG - 1m
BOTUSDT,2026-07-21 20:10:57.769963+00,FVG - 5m
TRIAUSDT,2026-07-21 20:15:41.64157+00,MA Cross Momentum
SMCIUSDT,2026-07-21 20:37:04.971105+00,FVG - 1m
HPEUSDT,2026-07-21 20:45:42.395216+00,FVG - 1m
ZESTUSDT,2026-07-21 20:45:46.270972+00,FVG - 5m
AIGENSYNUSDT,2026-07-21 20:54:30.785146+00,Standard Scalping
CRWVUSDT,2026-07-21 21:09:05.615844+00,Standard Scalping
GWEIUSDT,2026-07-21 21:59:17.608679+00,FVG - 15m
RKLBUSDT,2026-07-21 21:59:27.006327+00,FVG - 1m
INITUSDT,2026-07-21 22:08:08.683532+00,Compresion ADN - Micro (5m)
NBISUSDT,2026-07-21 22:08:19.472894+00,FVG - 1m
SYNUSDT,2026-07-21 22:34:31.343697+00,FVG - 1m
BIOUSDT,2026-07-21 22:42:56.676499+00,FVG - 1m
RECALLUSDT,2026-07-21 22:49:54.778545+00,MA Slope Caso 1
XPINUSDT,2026-07-21 22:58:26.422302+00,FVG - 1m
AVAXUSDT,2026-07-21 23:20:29.994182+00,MA Slope Caso 2
ATHUSDT,2026-07-21 23:31:48.714863+00,Compresion ADN - Micro (5m)
ICNTUSDT,2026-07-21 23:36:16.229777+00,FVG - 1m
TAGUSDT,2026-07-21 23:44:42.256244+00,Arrow Reversal
TAGUSDT,2026-07-21 23:44:48.107395+00,
TRIAUSDT,2026-07-22 00:01:21.882629+00,Standard Scalping
DELLUSDT,2026-07-22 00:01:31.336387+00,Standard Scalping
BNCUSDT,2026-07-22 00:10:00.61409+00,FVG - 1m
AIOUSDT,2026-07-22 00:14:27.787545+00,FVG - 5m
AAOIUSDT,2026-07-22 00:26:08.119328+00,FVG - 1m
MIRAUSDT,2026-07-22 00:31:41.508456+00,FVG - 1m
MVLLUSDT,2026-07-22 00:49:23.699762+00,Scalping Clone
GENIUSUSDT,2026-07-22 01:06:29.104005+00,FVG - 1m
REUSDT,2026-07-22 01:13:10.701988+00,FVG - 1m
AIOTUSDT,2026-07-22 01:18:21.548612+00,FVG - 1m
CCUSDT,2026-07-22 01:18:30.328039+00,LSE Counter-Trend 
ARXUSDT,2026-07-22 01:25:01.704796+00,FVG - 1m
ZORAUSDT,2026-07-22 01:29:54.640736+00,LSE Counter-Trend 
VVVUSDT,2026-07-22 01:44:59.708137+00,Scalping Clone
HOLOUSDT,2026-07-22 01:53:35.833152+00,FVG - 1m
SAFEUSDT,2026-07-22 01:53:41.510538+00,LSE Counter-Trend 
MRVLUSDT,2026-07-22 02:01:42.173059+00,Scalping Clone
ANTHROPICUSDT,2026-07-22 02:49:34.23331+00,FVG - 1m
TRUTHUSDT,2026-07-22 02:49:38.375332+00,FVG - 5m
ASTSUSDT,2026-07-22 02:49:46.814815+00,Scalping Clone
NBISUSDT,2026-07-22 02:49:56.069632+00,Scalping Clone
ACEUSDT,2026-07-22 03:07:03.67071+00,FVG - 1m
TLMUSDT,2026-07-22 03:07:08.817159+00,FVG - 5m
BANKUSDT,2026-07-22 03:13:04.769913+00,FVG - 1m
ZHIPUUSDT,2026-07-22 03:17:25.102294+00,FVG - 1m
HOLOUSDT,2026-07-22 03:18:22.963034+00,Scalping Clone
ICNTUSDT,2026-07-22 03:32:50.76721+00,FVG - 1m
IBMUSDT,2026-07-22 03:41:20.265637+00,Compresion ADN - Micro (5m)
SNXXUSDT,2026-07-22 03:41:27.0644+00,FVG - 15m Pulido
XANUSDT,2026-07-22 03:41:33.961545+00,FVG - 1m
STARUSDT,2026-07-22 03:51:15.88669+00,FVG - 15m Pulido
REUSDT,2026-07-22 03:51:19.958704+00,FVG - 1m
AIOTUSDT,2026-07-22 03:51:28.066141+00,MA Slope Caso 3 (15m)
NIGHTUSDT,2026-07-22 04:01:54.22006+00,FVG - 15m Pulido
FWDIUSDT,2026-07-22 04:02:00.751182+00,FVG - 1m
NIGHTUSDT,2026-07-22 04:02:04.691905+00,FVG - 5m
URNMUSDT,2026-07-22 04:02:09.476493+00,MA Slope Caso 3 (15m)
INTWUSDT,2026-07-22 04:12:15.100046+00,FVG - 15m Pulido
AVAAIUSDT,2026-07-22 04:12:21.90113+00,FVG - 1m
DODOXUSDT,2026-07-22 04:12:26.751968+00,FVG - 5m
METUSDT,2026-07-22 04:27:41.41608+00,Arrow Reversal
METUSDT,2026-07-22 04:27:45.428478+00,
ERAUSDT,2026-07-22 04:27:50.582811+00,FVG - 5m
HOODUSDT,2026-07-22 04:55:46.26301+00,MA Slope Caso 3 Pulido
ALICEUSDT,2026-07-22 05:03:51.459398+00,FVG - 15m
ZESTUSDT,2026-07-22 05:03:58.251398+00,FVG - 15m Pulido
TOWNSUSDT,2026-07-22 05:04:02.865124+00,MA Slope Caso 1
ZAMAUSDT,2026-07-22 05:04:06.578591+00,MA Slope Caso 3 Pulido
POLYXUSDT,2026-07-22 05:12:28.523023+00,FVG - 1m
UNIUSDT,2026-07-22 05:12:32.595402+00,MA Slope Caso 3 Pulido
HANAUSDT,2026-07-22 05:19:56.36303+00,FVG - 15m
HANAUSDT,2026-07-22 05:20:04.241576+00,FVG - 15m Pulido
BRUSDT,2026-07-22 05:20:09.374507+00,FVG - 1m
PTBUSDT,2026-07-22 05:30:07.85679+00,FVG - 15m
TACUSDT,2026-07-22 05:30:16.723829+00,FVG - 1m
ETHUSDT,2026-07-22 05:30:29.538998+00,MA Slope Caso 3 (15m)
1000XECUSDT,2026-07-22 05:35:59.151768+00,FVG - 1m
AZTECUSDT,2026-07-22 05:43:38.841815+00,FVG - 15m
EPICUSDT,2026-07-22 05:43:50.10924+00,FVG - 1m
ONEUSDT,2026-07-22 05:43:54.90746+00,FVG - 5m
OPNUSDT,2026-07-22 05:44:01.388355+00,MA Clone
OPNUSDT,2026-07-22 05:44:05.721855+00,MA Cross Momentum
ARIAUSDT,2026-07-22 05:56:01.562024+00,Compresion ADN - Micro (5m)
LABUSDT,2026-07-22 05:56:05.599973+00,FVG - 1m
YBUSDT,2026-07-22 06:03:29.93839+00,FVG - 15m
GWEIUSDT,2026-07-22 06:03:40.227997+00,FVG - 1m
BULLAUSDT,2026-07-22 06:10:06.812439+00,FVG - 1m
TRIAUSDT,2026-07-22 06:10:29.773845+00,Standard Scalping
RIFUSDT,2026-07-22 06:14:31.900059+00,FVG - 1m
NAORISUSDT,2026-07-22 06:21:30.167586+00,FVG - 1m
CBRSUSDT,2026-07-22 06:28:28.207401+00,FVG - 15m Pulido
COLLECTUSDT,2026-07-22 06:28:33.8222+00,FVG - 1m
TWTUSDT,2026-07-22 06:43:38.245156+00,MA Slope Caso 3 Pulido
USELESSUSDT,2026-07-22 06:51:13.557563+00,FVG - 15m
UAIUSDT,2026-07-22 06:51:22.341733+00,FVG - 1m
MITOUSDT,2026-07-22 07:11:10.39558+00,FVG - 1m
REDUSDT,2026-07-22 07:11:13.912066+00,MA Slope Caso 2
CRCLUSDT,2026-07-22 07:22:24.324359+00,FVG - 15m
MIRAUSDT,2026-07-22 07:34:00.792838+00,FVG - 1m
ANTHROPICUSDT,2026-07-22 07:42:42.380427+00,FVG - 1m
CAPUSDT,2026-07-22 07:49:35.749965+00,FVG - 1m
PROMUSDT,2026-07-22 08:13:37.53809+00,FVG - 1m
ARXUSDT,2026-07-22 08:13:42.366864+00,MA Clone
ARXUSDT,2026-07-22 08:13:46.641264+00,MA Cross Momentum
ARXUSDT,2026-07-22 08:13:50.800727+00,Scalping Clone
ARXUSDT,2026-07-22 08:13:54.560597+00,Standard Scalping
BRUSDT,2026-07-22 08:14:05.769061+00,Standard Scalping
HEMIUSDT,2026-07-22 08:21:34.33494+00,FVG - 15m
BTWUSDT,2026-07-22 08:37:04.652615+00,FVG - 1m
HEIUSDT,2026-07-22 08:57:40.843768+00,FVG - 1m
ONUSDT,2026-07-22 09:25:08.251292+00,FVG - 1m
HAEDALUSDT,2026-07-22 09:29:46.735419+00,FVG - 15m Pulido
SHAZUSDT,2026-07-22 09:29:50.56324+00,FVG - 1m
MINIMAXUSDT,2026-07-22 09:29:55.181565+00,FVG - 5m
VANRYUSDT,2026-07-22 09:46:01.374393+00,FVG - 1m
CLOUSDT,2026-07-22 09:53:26.373302+00,FVG - 1m
UBUSDT,2026-07-22 10:00:19.907135+00,FVG - 1m
HOMEUSDT,2026-07-22 10:11:44.69441+00,FVG - 15m
HOMEUSDT,2026-07-22 10:11:52.881799+00,FVG - 1m
AKEUSDT,2026-07-22 10:23:25.244376+00,FVG - 1m
XAUUSDT,2026-07-22 10:32:12.12959+00,MA Slope Caso 3 Pulido
KORUUSDT,2026-07-22 10:52:04.803433+00,FVG - 5m
SMCIUSDT,2026-07-22 11:18:47.077517+00,FVG - 5m
TREEUSDT,2026-07-22 11:25:21.800517+00,FVG - 15m
BOTUSDT,2026-07-22 11:25:30.769011+00,FVG - 5m
PLAYUSDT,2026-07-22 11:34:40.895348+00,FVG - 1m
GEVUSDT,2026-07-22 11:44:35.547168+00,FVG - 1m
CLUSDT,2026-07-22 11:44:39.970075+00,Standard Scalping
ZILUSDT,2026-07-22 11:53:18.486994+00,FVG - 1m
KAITOUSDT,2026-07-22 12:09:02.857689+00,FVG - 1m
ESPORTSUSDT,2026-07-22 12:16:46.812293+00,FVG - 15m
BLESSUSDT,2026-07-22 12:16:57.440439+00,MA Clone
BLESSUSDT,2026-07-22 12:17:01.218054+00,MA Cross Momentum
BILLUSDT,2026-07-22 12:23:29.383628+00,FVG - 1m
BNCUSDT,2026-07-22 12:23:35.248588+00,FVG - 5m
USUSDT,2026-07-22 12:27:49.673765+00,FVG - 5m
ROBOUSDT,2026-07-22 12:49:50.327648+00,FVG - 1m
ONDSUSDT,2026-07-22 12:50:01.887384+00,Standard Scalping
ZBTUSDT,2026-07-22 12:57:21.007527+00,FVG - 15m Pulido
YGGUSDT,2026-07-22 13:09:39.044558+00,FVG - 15m
YGGUSDT,2026-07-22 13:09:46.24773+00,FVG - 15m Pulido
DEXEUSDT,2026-07-22 13:20:47.182633+00,FVG - 5m
MUUUSDT,2026-07-22 13:29:30.377803+00,FVG - 5m
PAXGUSDT,2026-07-22 13:35:07.505834+00,Compresion ADN - Micro (5m)
INXUSDT,2026-07-22 13:35:12.877653+00,FVG - 1m
MVLLUSDT,2026-07-22 13:35:18.861555+00,FVG - 5m
ETHFIUSDT,2026-07-22 13:35:26.881744+00,MA Slope Caso 3 (15m)
SQDUSDT,2026-07-22 13:44:26.46123+00,FVG - 15m
SQDUSDT,2026-07-22 13:44:34.019784+00,FVG - 15m Pulido
1000RATSUSDT,2026-07-22 13:44:39.404219+00,FVG - 1m
SOPHUSDT,2026-07-22 13:44:45.909795+00,FVG - 5m
KERNELUSDT,2026-07-22 13:53:29.912431+00,FVG - 15m
DKNGUSDT,2026-07-22 13:53:37.757868+00,FVG - 1m
GRIFFAINUSDT,2026-07-22 13:53:47.59748+00,Standard Scalping
CRWDUSDT,2026-07-22 14:10:09.983455+00,FVG - 1m
KGENUSDT,2026-07-22 14:10:14.206583+00,FVG - 5m
DOGEUSDT,2026-07-22 14:10:20.816296+00,MA Slope Caso 2
FILUSDT,2026-07-22 14:10:25.127232+00,MA Slope Caso 3
NBISUSDT,2026-07-22 14:27:54.494642+00,FVG - 1m
BMNRUSDT,2026-07-22 14:32:07.801721+00,FVG - 1m
STXXUSDT,2026-07-22 14:42:20.365905+00,FVG - 1m
PHAROSUSDT,2026-07-22 14:42:25.455078+00,FVG - 5m
IRENUSDT,2026-07-22 14:49:23.723199+00,FVG - 1m
INXUSDT,2026-07-22 14:49:32.256065+00,Standard Scalping
AIAUSDT,2026-07-22 15:05:45.296299+00,FVG - 1m
LAUSDT,2026-07-22 17:59:24.902757+00,FVG - 15m
B2USDT,2026-07-22 17:59:33.943984+00,FVG - 1m
INITUSDT,2026-07-22 17:59:40.580269+00,FVG - 5m
ORDIUSDT,2026-07-22 17:59:47.836341+00,MA Slope Caso 1
GLWUSDT,2026-07-22 17:59:56.722311+00,MA Slope Caso 2
CFXUSDT,2026-07-22 18:00:04.422936+00,MA Slope Caso 3
AXTIUSDT,2026-07-22 18:14:13.70301+00,FVG - 1m
THEUSDT,2026-07-22 18:26:42.04151+00,FVG - 5m
SPACEUSDT,2026-07-22 18:40:42.868652+00,Compresion ADN - Micro (5m)
LISTAUSDT,2026-07-22 18:40:51.189678+00,FVG - 1m
MORPHOUSDT,2026-07-22 18:40:58.316193+00,FVG - 5m
JELLYJELLYUSDT,2026-07-22 18:54:57.234973+00,FVG - 1m
DYDXUSDT,2026-07-22 19:07:59.263944+00,MA Slope Caso 3 (15m)
BASEDUSDT,2026-07-22 20:17:35.019939+00,LSE Counter-Trend 
EVAAUSDT,2026-07-22 20:30:01.215427+00,FVG - 15m Pulido
GOOGLUSDT,2026-07-22 20:30:08.141604+00,FVG - 1m
SOXSUSDT,2026-07-22 20:43:31.629791+00,FVG - 5m
MUBARAKUSDT,2026-07-22 20:43:38.931597+00,LSE Counter-Trend 
HYPEUSDT,2026-07-22 20:55:32.389406+00,MA Slope Caso 3 (15m)
BASUSDT,2026-07-22 21:09:51.403003+00,FVG - 1m
BSBUSDT,2026-07-22 21:09:59.126866+00,FVG - 5m
GUNUSDT,2026-07-22 21:24:42.193817+00,FVG - 1m
SAPIENUSDT,2026-07-22 21:37:46.976291+00,FVG - 1m
AEROUSDT,2026-07-22 21:37:52.733049+00,MA Slope Caso 1
QQQUSDT,2026-07-22 21:37:59.128142+00,MA Slope Caso 3
CRWVUSDT,2026-07-22 21:50:29.288401+00,FVG - 1m
SOXLUSDT,2026-07-22 21:50:36.678222+00,FVG - 5m
AIOUSDT,2026-07-22 22:02:11.433735+00,Compresion ADN - Micro (5m)
SKHYNIXUSDT,2026-07-22 22:38:42.678813+00,FVG - 5m
XNYUSDT,2026-07-22 23:50:56.571826+00,FVG - 1m
HUSDT,2026-07-22 23:51:03.957802+00,LSE Counter-Trend 
NOKUSDT,2026-07-23 00:08:50.639499+00,Compresion ADN - Micro (5m)
AGTUSDT,2026-07-23 00:08:56.749852+00,FVG - 15m
EDGEUSDT,2026-07-23 00:09:10.17196+00,FVG - 1m
FLNCUSDT,2026-07-23 00:09:17.034392+00,FVG - 5m
ZKCUSDT,2026-07-23 00:21:40.783833+00,FVG - 1m
STBLUSDT,2026-07-23 00:21:46.448596+00,FVG - 5m
ATHUSDT,2026-07-23 00:34:57.528267+00,FVG - 1m
SHELLUSDT,2026-07-23 00:59:07.655534+00,FVG - 15m
BROCCOLIF3BUSDT,2026-07-23 00:59:17.699927+00,FVG - 1m
SYNUSDT,2026-07-23 01:11:12.50208+00,FVG - 15m
OUSDT,2026-07-23 01:25:29.085121+00,Arrow Reversal
OUSDT,2026-07-23 01:25:33.267125+00,
WLFIUSDT,2026-07-23 01:25:41.828707+00,FVG - 1m
OPGUSDT,2026-07-23 01:51:23.674468+00,Compresion ADN - Micro (5m)
KITEUSDT,2026-07-23 02:15:26.883676+00,Compresion ADN - Micro (5m)
WDCUSDT,2026-07-23 02:27:44.520897+00,FVG - 15m Pulido
TUSDT,2026-07-23 02:27:52.503998+00,FVG - 1m
ONDOUSDT,2026-07-23 03:12:27.169769+00,FVG - 15m
REUSDT,2026-07-23 03:12:37.027821+00,FVG - 15m Pulido
DEXEUSDT,2026-07-23 03:12:42.426099+00,FVG - 1m
KORUUSDT,2026-07-23 03:12:48.255627+00,FVG - 5m
ONUSDT,2026-07-23 03:32:17.869232+00,FVG - 15m
BROCCOLIF3BUSDT,2026-07-23 03:32:27.340997+00,FVG - 1m
BANKUSDT,2026-07-23 03:32:33.950357+00,FVG - 5m
XANUSDT,2026-07-23 03:48:55.689353+00,FVG - 15m
JTOUSDT,2026-07-23 03:49:07.875446+00,FVG - 5m
ILVUSDT,2026-07-23 03:49:16.240521+00,MA Slope Caso 2
USUSDT,2026-07-23 03:49:26.18688+00,Standard Scalping
FLOCKUSDT,2026-07-23 04:05:01.276234+00,Compresion ADN - Micro (5m)
RIFUSDT,2026-07-23 04:05:07.694772+00,FVG - 5m
BLESSUSDT,2026-07-23 04:20:19.824162+00,FVG - 1m
CBRSUSDT,2026-07-23 04:20:27.54674+00,FVG - 5m
LAUSDT,2026-07-23 04:36:12.455391+00,FVG - 1m
OUSDT,2026-07-23 04:36:18.575131+00,FVG - 5m
ZHIPUUSDT,2026-07-23 04:51:12.775311+00,FVG - 1m
B2USDT,2026-07-23 04:51:18.672576+00,FVG - 5m
BULLAUSDT,2026-07-23 05:05:06.156028+00,FVG - 1m
EPICUSDT,2026-07-23 05:05:12.245291+00,FVG - 5m
ONEUSDT,2026-07-23 05:21:00.617561+00,FVG - 15m Pulido
BUSDT,2026-07-23 05:21:05.209158+00,FVG - 5m
BMTUSDT,2026-07-23 05:34:56.834922+00,Compresion ADN - Micro (5m)
ACEUSDT,2026-07-23 05:35:03.879951+00,FVG - 1m
FLNCUSDT,2026-07-23 05:35:09.059794+00,FVG - 5m
LISTAUSDT,2026-07-23 05:48:45.814805+00,FVG - 15m Pulido
HEIUSDT,2026-07-23 05:48:51.126439+00,MA Slope Caso 1
QCOMUSDT,2026-07-23 05:48:58.746378+00,MA Slope Caso 3
AIOUSDT,2026-07-23 06:03:29.763306+00,FVG - 1m
PROMUSDT,2026-07-23 06:17:00.974052+00,FVG - 1m
BRETTUSDT,2026-07-23 06:17:07.098127+00,FVG - 5m
DODOXUSDT,2026-07-23 06:30:36.480665+00,FVG - 1m
SYNUSDT,2026-07-23 06:30:42.590826+00,FVG - 5m
ESPORTSUSDT,2026-07-23 06:44:29.697217+00,FVG - 1m
PHAROSUSDT,2026-07-23 06:44:35.509744+00,FVG - 5m
ARXUSDT,2026-07-23 06:57:37.175043+00,FVG - 1m
ZAMAUSDT,2026-07-23 06:57:42.002637+00,FVG - 5m
ORCLUSDT,2026-07-23 07:11:53.333973+00,MA Slope Caso 3
ZKCUSDT,2026-07-23 07:27:40.820304+00,FVG - 1m
BSBUSDT,2026-07-23 07:27:46.99635+00,FVG - 5m
NEWTUSDT,2026-07-23 07:40:49.469769+00,FVG - 1m
HANAUSDT,2026-07-23 07:40:57.337854+00,FVG - 5m
CAPUSDT,2026-07-23 07:41:02.86371+00,MA Clone
CAPUSDT,2026-07-23 07:41:06.336385+00,MA Cross Momentum
CAPUSDT,2026-07-23 07:41:09.859801+00,Scalping Clone
CAPUSDT,2026-07-23 07:41:13.750232+00,Standard Scalping
MITOUSDT,2026-07-23 07:55:13.813494+00,FVG - 1m
ZKPUSDT,2026-07-23 07:55:19.904797+00,FVG - 5m
MAGMAUSDT,2026-07-23 08:08:22.258824+00,FVG - 1m
CLOUSDT,2026-07-23 08:08:27.386181+00,FVG - 5m
MEGAUSDT,2026-07-23 08:08:32.309014+00,MA Slope Caso 3
KITEUSDT,2026-07-23 08:36:13.468844+00,FVG - 5m
SHAZUSDT,2026-07-23 08:49:16.559154+00,FVG - 5m
ERAUSDT,2026-07-23 09:03:34.501829+00,FVG - 15m Pulido
STABLEUSDT,2026-07-23 09:03:39.930576+00,FVG - 1m
AIOUSDT,2026-07-23 09:03:55.462768+00,Standard Scalping
IRENUSDT,2026-07-23 09:04:01.844045+00,Standard Scalping
NAORISUSDT,2026-07-23 09:18:44.044144+00,FVG - 15m Pulido
TRIAUSDT,2026-07-23 09:33:15.029519+00,FVG - 1m
MELANIAUSDT,2026-07-23 09:59:26.28596+00,FVG - 5m
OPNUSDT,2026-07-23 10:13:09.513896+00,FVG - 1m
FHEUSDT,2026-07-23 10:13:15.590536+00,FVG - 5m
HEMIUSDT,2026-07-23 10:40:47.381063+00,Arrow Reversal
HEMIUSDT,2026-07-23 10:40:51.322533+00,
AVAAIUSDT,2026-07-23 10:40:58.585566+00,FVG - 15m
AVAAIUSDT,2026-07-23 10:41:07.392548+00,FVG - 15m Pulido
COLLECTUSDT,2026-07-23 10:54:54.169081+00,Scalping Clone
PLTRUSDT,2026-07-23 11:07:40.634048+00,Compresion ADN - Micro (5m)
TRUTHUSDT,2026-07-23 11:07:52.539311+00,FVG - 1m
MINIMAXUSDT,2026-07-23 11:07:58.411753+00,FVG - 5m
BLUAIUSDT,2026-07-23 11:23:46.722366+00,FVG - 1m
BARDUSDT,2026-07-23 11:23:51.449579+00,FVG - 5m
BNBUSDT,2026-07-23 11:23:57.689827+00,MA Slope Caso 1
ZILUSDT,2026-07-23 11:36:48.037721+00,FVG - 15m
1000PEPEUSDT,2026-07-23 11:36:59.348819+00,MA Slope Caso 1
SMCIUSDT,2026-07-23 11:50:52.034823+00,FVG - 15m Pulido
ALICEUSDT,2026-07-23 11:50:59.799035+00,FVG - 1m
ONDSUSDT,2026-07-23 12:04:15.790747+00,FVG - 15m Pulido
AKEUSDT,2026-07-23 12:04:20.92078+00,FVG - 1m
SPACEUSDT,2026-07-23 12:04:25.982324+00,MA Slope Caso 3 (15m)
KAITOUSDT,2026-07-23 12:04:43.060682+00,Scalping Clone
UBUSDT,2026-07-23 12:17:11.889303+00,FVG - 1m
LABUSDT,2026-07-23 12:17:17.959254+00,FVG - 5m
AIAUSDT,2026-07-23 12:29:49.045354+00,FVG - 1m
SPORTFUNUSDT,2026-07-23 12:42:07.691596+00,Compresion ADN - Micro (5m)
PAYPUSDT,2026-07-23 12:42:13.756386+00,MA Slope Caso 3 (15m)
APRUSDT,2026-07-23 12:56:14.131458+00,FVG - 1m
CHRUSDT,2026-07-23 12:56:18.861988+00,FVG - 5m
PLAYUSDT,2026-07-23 12:56:24.319664+00,MA Slope Caso 2
NBISUSDT,2026-07-23 13:09:03.643483+00,FVG - 1m
STARUSDT,2026-07-23 13:23:48.095148+00,FVG - 1m
STARUSDT,2026-07-23 13:23:52.081077+00,FVG - 5m
SQQQUSDT,2026-07-23 13:36:42.648508+00,Compresion ADN - Micro (5m)
LIGHTUSDT,2026-07-23 13:36:49.661953+00,FVG - 1m
UVXYUSDT,2026-07-23 13:49:22.035578+00,Compresion ADN - Micro (5m)
QNTXUSDT,2026-07-23 13:49:29.522674+00,FVG - 15m Pulido
BRUSDT,2026-07-23 13:49:37.590589+00,FVG - 1m
BRUSDT,2026-07-23 13:49:41.570397+00,FVG - 5m
VRTUSDT,2026-07-23 13:49:46.86859+00,MA Slope Caso 3
VRTUSDT,2026-07-23 13:49:50.122243+00,MA Slope Caso 3 Pulido
YGGUSDT,2026-07-23 14:04:07.850194+00,MA Slope Caso 1
BLURUSDT,2026-07-23 14:19:18.444834+00,FVG - 15m Pulido
BILLUSDT,2026-07-23 14:19:25.934601+00,FVG - 1m
AXTIUSDT,2026-07-23 14:33:58.376756+00,FVG - 1m
ZROUSDT,2026-07-23 14:34:06.541256+00,MA Slope Caso 3
ZROUSDT,2026-07-23 14:34:10.855969+00,MA Slope Caso 3 Pulido
XPINUSDT,2026-07-23 14:48:25.188757+00,FVG - 1m
WLFIUSDT,2026-07-23 14:48:31.860788+00,FVG - 5m
IDOLUSDT,2026-07-23 15:02:21.945087+00,FVG - 1m
AAOIUSDT,2026-07-23 15:02:29.815428+00,FVG - 5m
SNXXUSDT,2026-07-23 15:17:20.517283+00,FVG - 1m
TACUSDT,2026-07-23 15:17:27.373226+00,MA Slope Caso 3 (15m)
NOWUSDT,2026-07-23 15:36:29.048332+00,FVG - 1m
KASUSDT,2026-07-23 15:36:39.302386+00,MA Slope Caso 3 (15m)
LITEUSDT,2026-07-23 15:50:58.1+00,FVG - 1m
BNCUSDT,2026-07-23 16:04:18.253693+00,FVG - 15m Pulido
EVAAUSDT,2026-07-23 16:04:25.317259+00,FVG - 1m
UAIUSDT,2026-07-23 16:04:30.572554+00,FVG - 5m
XLEUSDT,2026-07-23 16:18:45.96803+00,MA Slope Caso 3
XLEUSDT,2026-07-23 16:18:49.309959+00,MA Slope Caso 3 Pulido
ZESTUSDT,2026-07-23 16:32:31.237413+00,FVG - 1m
INTWUSDT,2026-07-23 16:32:37.122884+00,FVG - 5m
FWDIUSDT,2026-07-23 16:32:44.098135+00,LSE Counter-Trend 
GUNUSDT,2026-07-23 16:32:53.389297+00,MA Slope Caso 2
GEVUSDT,2026-07-23 16:46:47.742108+00,LSE Counter-Trend 
BASUSDT,2026-07-23 17:01:11.049406+00,FVG - 5m
HIMSUSDT,2026-07-23 17:15:16.79319+00,Compresion ADN - Micro (5m)
ORDIUSDT,2026-07-23 17:32:36.070108+00,MA Slope Caso 3 Pulido
AIGENSYNUSDT,2026-07-23 18:01:13.304136+00,MA Slope Caso 2
ASMLUSDT,2026-07-23 18:01:20.531866+00,MA Slope Caso 3 (15m)
NOMUSDT,2026-07-23 18:28:55.466433+00,FVG - 1m
GWEIUSDT,2026-07-23 18:56:52.445842+00,FVG - 1m
BELUSDT,2026-07-23 19:39:51.479515+00,Compresion ADN - Micro (5m)
SOXLUSDT,2026-07-23 19:39:57.352054+00,FVG - 5m
BEATUSDT,2026-07-23 20:08:29.292074+00,FVG - 5m
API3USDT,2026-07-23 20:23:47.622208+00,MA Slope Caso 3 (15m)
INTCUSDT,2026-07-23 20:37:35.571134+00,FVG - 1m
BMNRUSDT,2026-07-23 20:50:59.162875+00,FVG - 15m Pulido
ARMUSDT,2026-07-23 21:04:44.269265+00,FVG - 1m
SOXSUSDT,2026-07-23 21:20:23.626982+00,FVG - 1m
BTWUSDT,2026-07-23 21:20:32.493134+00,LSE Counter-Trend 
EWTUSDT,2026-07-23 21:20:38.926949+00,MA Slope Caso 2
1000XECUSDT,2026-07-23 21:34:06.833216+00,FVG - 15m
TSLAUSDT,2026-07-23 21:59:18.641228+00,FVG - 5m
MAVUSDT,2026-07-23 22:12:36.652908+00,FVG - 1m
YBUSDT,2026-07-23 22:12:42.450743+00,MA Slope Caso 1
COMPUSDT,2026-07-23 22:12:49.548992+00,MA Slope Caso 3
COMPUSDT,2026-07-23 22:12:55.208585+00,MA Slope Caso 3 Pulido
VELVETUSDT,2026-07-23 22:39:29.840153+00,FVG - 1m
HOMEUSDT,2026-07-23 23:20:35.750732+00,FVG - 1m
币安人生USDT,2026-07-23 23:33:30.841238+00,FVG - 15m
币安人生USDT,2026-07-23 23:33:38.95726+00,FVG - 15m Pulido
币安人生USDT,2026-07-23 23:33:43.032976+00,FVG - 5m
ANTHROPICUSDT,2026-07-24 00:03:59.845449+00,FVG - 5m
1000RATSUSDT,2026-07-24 00:04:06.575388+00,LSE Counter-Trend 
TAGUSDT,2026-07-24 00:45:39.931729+00,FVG - 15m
SAPIENUSDT,2026-07-24 00:45:50.665796+00,MA Slope Caso 2
AERGOUSDT,2026-07-24 00:58:12.99031+00,FVG - 1m
CTRUSDT,2026-07-24 01:40:26.407983+00,MA Cross Momentum
ORDERUSDT,2026-07-24 01:54:01.553949+00,FVG - 1m
JCTUSDT,2026-07-24 02:22:24.395556+00,FVG - 1m
ENAUSDT,2026-07-24 02:51:15.385544+00,LSE Counter-Trend 
AVAAIUSDT,2026-07-24 03:09:50.709472+00,FVG - 1m
STABLEUSDT,2026-07-24 03:09:57.427212+00,FVG - 5m
PHAROSUSDT,2026-07-24 03:31:22.59345+00,FVG - 1m
AGTUSDT,2026-07-24 03:31:28.677213+00,FVG - 5m
BTWUSDT,2026-07-24 03:31:36.589496+00,LSE Counter-Trend 
XMRUSDT,2026-07-24 03:31:43.36696+00,MA Slope Caso 3
XMRUSDT,2026-07-24 03:31:47.334892+00,MA Slope Caso 3 Pulido
ZAMAUSDT,2026-07-24 03:49:51.198503+00,FVG - 1m
PROMUSDT,2026-07-24 03:49:57.528611+00,FVG - 5m
REUSDT,2026-07-24 04:08:03.909533+00,FVG - 1m
BUSDT,2026-07-24 04:08:09.678396+00,FVG - 5m
LISTAUSDT,2026-07-24 04:25:47.800649+00,FVG - 15m Pulido
AKEUSDT,2026-07-24 04:25:53.697772+00,FVG - 1m
ZHIPUUSDT,2026-07-24 04:43:17.178323+00,FVG - 1m
LAUSDT,2026-07-24 04:43:24.237286+00,Scalping Clone
LAUSDT,2026-07-24 04:43:27.836625+00,Standard Scalping
BANKUSDT,2026-07-24 04:59:24.230338+00,FVG - 1m
HUSDT,2026-07-24 05:15:57.91697+00,FVG - 1m
MVLLUSDT,2026-07-24 05:16:03.70427+00,MA Slope Caso 2
DEXEUSDT,2026-07-24 05:34:27.808415+00,FVG - 1m
HEIUSDT,2026-07-24 05:52:07.359382+00,FVG - 1m
LYNUSDT,2026-07-24 06:26:41.931343+00,Arrow Reversal
LYNUSDT,2026-07-24 06:26:45.999134+00,
DATAIPUSDT,2026-07-24 06:26:53.089406+00,Compresion ADN - Micro (5m)
VELVETUSDT,2026-07-24 06:42:22.037883+00,FVG - 1m
TRUSTUSDT,2026-07-24 06:59:25.620868+00,FVG - 1m
ONUSDT,2026-07-24 07:15:09.385396+00,FVG - 1m
CRMUSDT,2026-07-24 07:34:17.877704+00,Compresion ADN - Micro (5m)
APRUSDT,2026-07-24 07:34:28.619321+00,FVG - 1m
ORDERUSDT,2026-07-24 08:06:59.20426+00,MA Cross Momentum
ORDERUSDT,2026-07-24 08:07:03.178031+00,Scalping Clone
ORDERUSDT,2026-07-24 08:07:06.974659+00,Standard Scalping
EVAAUSDT,2026-07-24 08:39:20.631181+00,FVG - 1m
ONEUSDT,2026-07-24 08:54:54.318122+00,Compresion ADN - Micro (5m)
BULLAUSDT,2026-07-24 08:55:05.219317+00,FVG - 1m
SKLUSDT,2026-07-24 09:12:57.097727+00,FVG - 1m
ACXUSDT,2026-07-24 14:13:45.514651+00,FVG - 5m
SYNUSDT,2026-07-24 14:32:36.261758+00,FVG - 15m Pulido
INTWUSDT,2026-07-24 14:32:43.760987+00,FVG - 1m
BROCCOLIF3BUSDT,2026-07-24 14:32:54.351085+00,FVG - 5m
SNXXUSDT,2026-07-24 14:51:26.541712+00,FVG - 1m
BEATUSDT,2026-07-24 14:51:32.973224+00,FVG - 5m
LABUSDT,2026-07-24 14:51:36.76244+00,MA Slope Caso 1
FHEUSDT,2026-07-24 14:51:40.470506+00,MA Slope Caso 2
UBUSDT,2026-07-24 15:09:42.788461+00,FVG - 15m Pulido
HIMSUSDT,2026-07-24 15:09:48.907622+00,FVG - 1m
ZILUSDT,2026-07-24 15:09:55.809271+00,MA Slope Caso 1
TRXUSDT,2026-07-24 15:10:03.699915+00,MA Slope Caso 3
TRXUSDT,2026-07-24 15:10:08.213802+00,MA Slope Caso 3 Pulido
CRCLUSDT,2026-07-24 15:31:31.425637+00,FVG - 15m Pulido
ALABUSDT,2026-07-24 15:31:38.666617+00,FVG - 1m
KORUUSDT,2026-07-24 15:31:46.810645+00,FVG - 5m
CROSSUSDT,2026-07-24 15:50:12.574293+00,Compresion ADN - Micro (5m)
CBRSUSDT,2026-07-24 15:50:17.821147+00,FVG - 1m
UAIUSDT,2026-07-24 15:50:24.290505+00,FVG - 5m
ARIAUSDT,2026-07-24 16:08:45.369616+00,FVG - 15m Pulido
HANAUSDT,2026-07-24 16:08:52.644896+00,FVG - 1m
USUSDT,2026-07-24 16:08:58.604856+00,FVG - 5m
BILLUSDT,2026-07-24 16:27:36.389474+00,FVG - 15m Pulido
GWEIUSDT,2026-07-24 16:27:42.111504+00,FVG - 1m
NBISUSDT,2026-07-24 16:27:49.21571+00,FVG - 5m
STARUSDT,2026-07-24 16:46:57.692214+00,FVG - 15m Pulido
EPICUSDT,2026-07-24 16:47:04.352792+00,FVG - 1m
HOMEUSDT,2026-07-24 16:47:10.689123+00,FVG - 5m
STXUSDT,2026-07-24 17:03:28.006853+00,FVG - 15m Pulido
FLUIDUSDT,2026-07-24 17:03:33.626154+00,FVG - 1m
STXUSDT,2026-07-24 17:03:37.238424+00,FVG - 5m
XNYUSDT,2026-07-24 17:03:44.420929+00,MA Slope Caso 3 (15m)
BLESSUSDT,2026-07-24 17:20:50.519136+00,FVG - 1m
ONDSUSDT,2026-07-24 17:39:15.632408+00,FVG - 1m
ACEUSDT,2026-07-24 17:57:21.758968+00,FVG - 1m
VANAUSDT,2026-07-24 18:16:13.494951+00,FVG - 1m
SOONUSDT,2026-07-24 18:16:20.64284+00,MA Slope Caso 3
SOONUSDT,2026-07-24 18:16:24.758193+00,MA Slope Caso 3 Pulido
IDOLUSDT,2026-07-24 19:10:40.789271+00,FVG - 15m
POWERUSDT,2026-07-24 19:10:51.328363+00,FVG - 1m
BASEDUSDT,2026-07-24 19:28:41.157189+00,LSE Counter-Trend 
RIFUSDT,2026-07-24 19:44:58.841246+00,FVG - 1m
PUMPUSDT,2026-07-24 20:00:43.359969+00,Arrow Reversal
PUMPUSDT,2026-07-24 20:00:47.881739+00,
CAPUSDT,2026-07-24 20:00:54.373488+00,FVG - 15m Pulido
ESPUSDT,2026-07-24 20:16:46.527721+00,Compresion ADN - Micro (5m)
OUSDT,2026-07-24 20:16:52.120543+00,FVG - 15m Pulido
CHILLGUYUSDT,2026-07-24 20:16:59.21377+00,FVG - 1m
OPNUSDT,2026-07-24 20:31:41.355878+00,FVG - 5m
TSLAUSDT,2026-07-24 20:47:02.699303+00,FVG - 15m Pulido
BEUSDT,2026-07-24 20:47:08.477313+00,FVG - 1m
TAIKOUSDT,2026-07-24 20:47:14.551986+00,FVG - 5m
MAGMAUSDT,2026-07-24 21:01:46.695146+00,FVG - 15m Pulido
SOXLUSDT,2026-07-24 21:01:53.610458+00,FVG - 1m
ESPORTSUSDT,2026-07-24 21:17:37.739304+00,FVG - 1m
B2USDT,2026-07-24 21:33:20.267578+00,FVG - 1m
CLOUSDT,2026-07-24 21:48:14.812827+00,FVG - 1m
ZKCUSDT,2026-07-24 21:48:22.323215+00,MA Slope Caso 2
EDUUSDT,2026-07-24 22:15:39.210854+00,Compresion ADN - Micro (5m)
AIAUSDT,2026-07-24 22:15:45.034128+00,FVG - 15m
METUSDT,2026-07-24 22:15:55.635138+00,FVG - 1m
SKYUSDT,2026-07-24 22:30:56.708318+00,FVG - 15m Pulido
WLDUSDT,2026-07-24 22:31:02.73748+00,FVG - 1m
BNBUSDT,2026-07-24 22:31:09.070663+00,MA Slope Caso 1
TLMUSDT,2026-07-24 22:44:38.197629+00,FVG - 1m
TOWNSUSDT,2026-07-24 22:44:44.287084+00,FVG - 5m
SPCXUSDT,2026-07-24 23:12:23.90556+00,FVG - 1m
JCTUSDT,2026-07-24 23:27:54.181872+00,Compresion ADN - Micro (5m)
SHAZUSDT,2026-07-24 23:27:59.341869+00,FVG - 5m
STXXUSDT,2026-07-24 23:58:56.161543+00,FVG - 1m
JELLYJELLYUSDT,2026-07-24 23:59:05.70477+00,MA Slope Caso 3 (15m)
INTCUSDT,2026-07-25 00:16:35.483049+00,FVG - 5m
BANANAS31USDT,2026-07-25 00:46:34.018427+00,FVG - 1m
NATGASUSDT,2026-07-25 01:01:01.014395+00,MA Slope Caso 2
QNTXUSDT,2026-07-25 01:16:51.947094+00,FVG - 1m
ADBEUSDT,2026-07-25 01:16:58.406745+00,MA Slope Caso 3
ADBEUSDT,2026-07-25 01:17:02.90761+00,MA Slope Caso 3 Pulido
SLXUSDT,2026-07-25 01:38:42.691524+00,FVG - 1m
LTCUSDT,2026-07-25 01:38:49.23846+00,MA Slope Caso 1
BARDUSDT,2026-07-25 01:55:13.3854+00,FVG - 15m
BARDUSDT,2026-07-25 01:55:21.482138+00,FVG - 15m Pulido
GMXUSDT,2026-07-25 01:55:27.732744+00,FVG - 1m
SAGAUSDT,2026-07-25 01:55:33.560884+00,FVG - 5m
TACUSDT,2026-07-25 02:09:58.718684+00,MA Cross Momentum
ERAUSDT,2026-07-25 02:25:02.971219+00,FVG - 1m
TNSRUSDT,2026-07-25 02:38:18.093125+00,FVG - 1m
TAKEUSDT,2026-07-25 03:06:52.42183+00,Compresion ADN - Micro (5m)
CHILLGUYUSDT,2026-07-25 03:06:58.986362+00,FVG - 15m
BEATUSDT,2026-07-25 03:07:09.412423+00,FVG - 15m Pulido
BEATUSDT,2026-07-25 03:07:14.534714+00,FVG - 15m Pulido V2
AKEUSDT,2026-07-25 03:27:04.097368+00,FVG - 15m
AKEUSDT,2026-07-25 03:27:12.176276+00,FVG - 15m Pulido
AKEUSDT,2026-07-25 03:27:15.658706+00,FVG - 15m Pulido V2
MVLLUSDT,2026-07-25 03:43:04.222937+00,FVG - 15m
SNXXUSDT,2026-07-25 03:43:16.94956+00,FVG - 5m
RIFUSDT,2026-07-25 04:21:07.990896+00,FVG - 1m
EULUSDT,2026-07-25 04:36:56.400665+00,FVG - 1m
HANAUSDT,2026-07-25 04:51:35.429814+00,FVG - 1m
BROCCOLIF3BUSDT,2026-07-25 05:05:24.749056+00,FVG - 15m Pulido
BROCCOLIF3BUSDT,2026-07-25 05:05:27.976472+00,FVG - 15m Pulido V2
LAUSDT,2026-07-25 05:05:34.035416+00,FVG - 1m
ZILUSDT,2026-07-25 05:22:17.62136+00,FVG - 1m
VANAUSDT,2026-07-25 05:22:24.559002+00,LSE Counter-Trend 
STARUSDT,2026-07-25 05:22:29.335307+00,MA Cross Momentum
STARUSDT,2026-07-25 05:22:32.918526+00,Scalping Clone
STARUSDT,2026-07-25 05:22:36.096892+00,Standard Scalping
ONUSDT,2026-07-25 05:36:36.649794+00,FVG - 1m
CAPUSDT,2026-07-25 05:50:37.31266+00,FVG - 1m
GWEIUSDT,2026-07-25 06:42:08.714543+00,FVG - 15m
GWEIUSDT,2026-07-25 06:42:19.712514+00,FVG - 15m Pulido
GWEIUSDT,2026-07-25 06:42:23.939447+00,FVG - 15m Pulido V2
ESPORTSUSDT,2026-07-25 06:42:31.588467+00,FVG - 1m
BCHUSDT,2026-07-25 07:07:18.863127+00,Compresion ADN - Micro (5m)
B2USDT,2026-07-25 07:07:26.205122+00,FVG - 1m
APRUSDT,2026-07-25 07:36:13.985617+00,FVG - 15m
AVAAIUSDT,2026-07-25 07:36:28.932171+00,FVG - 1m
ZAMAUSDT,2026-07-25 17:00:12.470143+00,FVG - 15m
AVAXUSDT,2026-07-25 17:00:25.027939+00,FVG - 1m
EPICUSDT,2026-07-25 17:00:33.666085+00,FVG - 5m
INTWUSDT,2026-07-25 17:00:38.220035+00,MA Slope Caso 1
NBISUSDT,2026-07-25 17:00:44.935442+00,MA Slope Caso 3 (15m)
DEXEUSDT,2026-07-25 17:16:44.380759+00,FVG - 15m
ACEUSDT,2026-07-25 17:16:53.949336+00,FVG - 1m
USUSDT,2026-07-25 17:17:00.051704+00,MA Slope Caso 2
METAUSDT,2026-07-25 17:25:59.952357+00,Compresion ADN - Micro (5m)
TACUSDT,2026-07-25 17:26:10.090733+00,FVG - 15m
BANKUSDT,2026-07-25 17:26:20.259574+00,FVG - 1m
SCRUSDT,2026-07-25 17:31:07.230956+00,FVG - 1m
ALLOUSDT,2026-07-25 17:34:55.862844+00,FVG - 1m
OUSDT,2026-07-25 17:53:00.562389+00,FVG - 1m
SYNUSDT,2026-07-25 18:13:24.986205+00,FVG - 15m
UAIUSDT,2026-07-25 18:13:38.011026+00,FVG - 1m
DOGSUSDT,2026-07-25 18:31:27.817025+00,FVG - 1m
KORUUSDT,2026-07-25 19:43:03.032422+00,FVG - 15m Pulido Long
STXUSDT,2026-07-25 19:56:48.564198+00,FVG - 15m Pulido Long
MUUUSDT,2026-07-25 20:54:39.635203+00,FVG - 15m Pulido Long
UBUSDT,2026-07-25 21:21:19.919474+00,MA Cross Momentum
IOTXUSDT,2026-07-25 21:38:42.252728+00,Standard Scalping
FETUSDT,2026-07-26 01:58:17.967656+00,Standard Scalping
TAGUSDT,2026-07-26 03:52:56.682125+00,Standard Scalping
AGTUSDT,2026-07-26 07:19:25.638735+00,MA Clone
AGTUSDT,2026-07-26 07:19:34.432411+00,Standard Scalping
TOSHIUSDT,2026-07-26 07:19:43.097273+00,Standard Scalping
PEOPLEUSDT,2026-07-26 08:01:32.132629+00,Standard Scalping
CROSSUSDT,2026-07-26 11:23:09.363177+00,MA Cross Momentum
CROSSUSDT,2026-07-26 11:23:26.072633+00,Standard Scalping
1000000MOGUSDT,2026-07-26 13:34:41.168759+00,MA Cross Momentum
LAUSDT,2026-07-26 15:58:07.414692+00,Standard Scalping
4USDT,2026-07-26 19:47:04.421788+00,MA Cross Momentum
龙虾USDT,2026-07-26 20:29:23.289545+00,Standard Scalping
CVXUSDT,2026-07-27 00:14:47.839697+00,Standard Scalping
TAGUSDT,2026-07-27 06:02:49.155122+00,MA Cross Momentum
PRLUSDT,2026-07-27 08:13:39.237549+00,MA Clone
PRLUSDT,2026-07-27 08:13:42.24477+00,MA Cross Momentum
PRLUSDT,2026-07-27 08:13:56.574431+00,Standard Scalping
EDENUSDT,2026-07-27 10:37:35.047779+00,MA Clone
EDENUSDT,2026-07-27 10:37:38.331322+00,MA Cross Momentum
EDENUSDT,2026-07-27 10:37:52.640722+00,Standard Scalping
PARTIUSDT,2026-07-27 11:14:25.163093+00,Standard Scalping
QUSDT,2026-07-27 13:41:14.876917+00,MA Cross Momentum
BMNRUSDT,2026-07-27 16:25:59.30711+00,Standard Scalping
IRYSUSDT,2026-07-27 18:13:19.502624+00,MA Cross Momentum
DODOXUSDT,2026-07-27 18:41:37.042162+00,Standard Scalping
SAPIENUSDT,2026-07-27 20:22:47.043399+00,MA Cross Momentum
SAPIENUSDT,2026-07-27 20:22:55.997268+00,Standard Scalping
AIAUSDT,2026-07-27 21:23:30.424679+00,FVG - 15m
BUSDT,2026-07-27 21:23:40.996216+00,FVG - 15m Pulido
AIAUSDT,2026-07-27 21:23:45.300179+00,FVG - 15m Pulido Long
BUSDT,2026-07-27 21:23:52.897375+00,FVG - 15m Pulido V2
APRUSDT,2026-07-27 21:24:23.224872+00,MA Slope Caso 2
ARMUSDT,2026-07-27 21:24:35.445601+00,MA Slope Caso 3 (15m)
DEXEUSDT,2026-07-27 21:41:00.746774+00,FVG - 15m
USUSDT,2026-07-27 21:41:11.613843+00,MA Slope Caso 1
SPCXUSDT,2026-07-27 21:41:27.306988+00,MA Slope Caso 3 (15m)
GWEIUSDT,2026-07-27 21:56:16.734996+00,FVG - 15m
NILUSDT,2026-07-27 21:56:25.283026+00,FVG - 15m Pulido Long
PLTRUSDT,2026-07-27 21:56:54.269899+00,MA Slope Caso 3 (15m)
MVLLUSDT,2026-07-27 22:10:35.512397+00,FVG - 15m
RIFUSDT,2026-07-27 22:23:31.046672+00,FVG - 15m
RIFUSDT,2026-07-27 22:23:38.034365+00,FVG - 15m Pulido
RIFUSDT,2026-07-27 22:23:41.501228+00,FVG - 15m Pulido V2
COLLECTUSDT,2026-07-27 22:23:46.379536+00,MA Cross Momentum
HOLOUSDT,2026-07-27 22:24:02.687505+00,MA Slope Caso 2
COLLECTUSDT,2026-07-27 22:24:10.955008+00,Standard Scalping
DIAUSDT,2026-07-27 22:36:43.120589+00,FVG - 15m
BOMEUSDT,2026-07-27 22:36:52.647153+00,FVG - 15m Pulido
BOMEUSDT,2026-07-27 22:36:56.00328+00,FVG - 15m Pulido V2
PEOPLEUSDT,2026-07-27 23:06:39.846473+00,FVG - 15m
PEOPLEUSDT,2026-07-27 23:06:47.011649+00,FVG - 15m Pulido
PEOPLEUSDT,2026-07-27 23:06:50.940697+00,FVG - 15m Pulido V2
VELVETUSDT,2026-07-27 23:51:31.395023+00,FVG - 15m
DOGEUSDT,2026-07-27 23:51:37.669538+00,MA Slope Caso 2
XPDUSDT,2026-07-27 23:51:52.637578+00,MA Slope Caso 3
AAPLUSDT,2026-07-27 23:52:10.404932+00,MA Slope Caso 3 Pulido
AXTIUSDT,2026-07-28 00:10:54.173706+00,FVG - 15m
PNUTUSDT,2026-07-28 00:11:01.296241+00,MA Slope Caso 2
ESPORTSUSDT,2026-07-28 00:26:54.042145+00,MA Slope Caso 1
ESPUSDT,2026-07-28 00:26:59.833776+00,MA Slope Caso 2
COPPERUSDT,2026-07-28 00:27:11.205104+00,MA Slope Caso 3 Pulido
SAFEUSDT,2026-07-28 00:42:05.906188+00,MA Clone
MAGMAUSDT,2026-07-28 00:42:10.894745+00,MA Slope Caso 1
XAUUSDT,2026-07-28 00:42:16.691893+00,MA Slope Caso 2
HUSDT,2026-07-28 00:42:30.716654+00,MA Slope Caso 3
SQQQUSDT,2026-07-28 00:42:38.959277+00,MA Slope Caso 3 Pulido
KGENUSDT,2026-07-28 01:33:05.274424+00,MA Clone
KGENUSDT,2026-07-28 01:33:08.972351+00,MA Cross Momentum
KGENUSDT,2026-07-28 01:33:17.503204+00,Standard Scalping
IDOLUSDT,2026-07-28 01:47:33.322505+00,FVG - 15m Pulido
OPNUSDT,2026-07-28 01:47:38.425777+00,FVG - 15m Pulido Long
IDOLUSDT,2026-07-28 01:47:43.407723+00,FVG - 15m Pulido V2
TOWNSUSDT,2026-07-28 03:03:58.088762+00,FVG - 15m Pulido Long
HEIUSDT,2026-07-28 03:20:09.66363+00,FVG - 15m Pulido Long
GOOGLUSDT,2026-07-28 03:39:43.673226+00,MA Slope Caso 3
GIGGLEUSDT,2026-07-28 03:54:52.021681+00,FVG - 15m Pulido Long
TACUSDT,2026-07-28 04:09:47.933156+00,FVG - 15m
IDOLUSDT,2026-07-28 04:09:53.274634+00,FVG - 15m Pulido Long
EPICUSDT,2026-07-28 05:27:51.090976+00,FVG - 15m Pulido
EPICUSDT,2026-07-28 05:27:55.192646+00,FVG - 15m Pulido V2
ARXUSDT,2026-07-28 05:44:37.200359+00,FVG - 15m Pulido Long
KAITOUSDT,2026-07-28 05:58:35.927138+00,FVG - 15m Pulido
LIGHTUSDT,2026-07-28 05:58:41.419545+00,FVG - 15m Pulido Long
KAITOUSDT,2026-07-28 05:58:45.02257+00,FVG - 15m Pulido V2
VVVUSDT,2026-07-28 06:39:10.733541+00,FVG - 15m
PARTIUSDT,2026-07-28 06:39:16.029506+00,FVG - 15m Pulido Long
COTIUSDT,2026-07-28 07:49:16.562326+00,FVG - 15m
BANKUSDT,2026-07-28 08:04:39.090173+00,FVG - 15m
INXUSDT,2026-07-28 08:18:08.643322+00,FVG - 15m Pulido Long
SNXXUSDT,2026-07-28 08:31:07.511327+00,FVG - 15m Pulido Long
MVLLUSDT,2026-07-28 08:44:08.480645+00,FVG - 15m Pulido Long
UBUSDT,2026-07-28 08:56:56.039924+00,FVG - 15m Pulido Long
LPTUSDT,2026-07-28 09:52:58.690793+00,FVG - 15m
LPTUSDT,2026-07-28 09:53:01.64718+00,FVG - 15m Pulido Long
LAUSDT,2026-07-28 10:06:09.058669+00,FVG - 15m
PIEVERSEUSDT,2026-07-28 10:06:14.660298+00,FVG - 15m Pulido Long
PRLUSDT,2026-07-28 10:21:08.374649+00,FVG - 15m Pulido Long
MINIMAXUSDT,2026-07-28 10:34:08.458914+00,FVG - 15m Pulido Long
FFUSDT,2026-07-28 10:34:13.761825+00,MA Slope Caso 3 Pulido
MOVEUSDT,2026-07-28 10:47:06.162367+00,FVG - 15m Pulido Long
RIFUSDT,2026-07-28 11:12:16.095405+00,FVG - 15m
CROSSUSDT,2026-07-28 11:29:17.024203+00,FVG - 15m Pulido Long
4USDT,2026-07-28 12:08:07.026822+00,FVG - 15m
4USDT,2026-07-28 12:08:11.093468+00,FVG - 15m Pulido Long
PEOPLEUSDT,2026-07-28 12:08:16.798871+00,MA Clone
PEOPLEUSDT,2026-07-28 12:08:19.811394+00,MA Cross Momentum
PEOPLEUSDT,2026-07-28 12:08:22.819083+00,Standard Scalping
NILUSDT,2026-07-28 12:21:49.746823+00,FVG - 15m
ZHIPUUSDT,2026-07-28 12:21:55.337706+00,MA Cross Momentum
龙虾USDT,2026-07-28 12:36:38.759119+00,FVG - 15m
龙虾USDT,2026-07-28 12:36:41.669742+00,FVG - 15m Pulido Long
BCHUSDT,2026-07-28 13:46:09.448665+00,MA Slope Caso 2
SPYUSDT,2026-07-28 13:59:39.158016+00,MA Slope Caso 3 (15m)
SAFEUSDT,2026-07-28 14:14:16.126997+00,FVG - 15m Pulido Long
BABAUSDT,2026-07-28 14:14:22.494386+00,MA Slope Caso 3 (15m)
TSTUSDT,2026-07-28 14:42:15.869649+00,FVG - 15m Pulido
MERLUSDT,2026-07-28 14:42:20.641072+00,FVG - 15m Pulido Long
TSTUSDT,2026-07-28 14:42:24.006486+00,FVG - 15m Pulido V2
EDUUSDT,2026-07-28 14:58:09.891944+00,MA Slope Caso 3 (15m)
MONUSDT,2026-07-28 14:58:15.187554+00,MA Slope Caso 3 Pulido
BTWUSDT,2026-07-28 15:13:06.79353+00,FVG - 15m
ACHUSDT,2026-07-28 15:55:40.87982+00,MA Clone
ACHUSDT,2026-07-28 15:55:44.847923+00,MA Cross Momentum
ACHUSDT,2026-07-28 15:55:48.670599+00,Standard Scalping
XPINUSDT,2026-07-28 16:11:02.923765+00,MA Slope Caso 1
NFLXUSDT,2026-07-28 16:11:08.479438+00,MA Slope Caso 3 (15m)
UMAUSDT,2026-07-28 16:24:41.795554+00,FVG - 15m Pulido Long
BUSDT,2026-07-28 16:38:44.202609+00,FVG - 15m Pulido Long
LABUSDT,2026-07-28 16:52:42.187463+00,FVG - 15m Pulido Long
TUTUSDT,2026-07-28 17:30:39.449014+00,FVG - 15m Pulido Long
BARDUSDT,2026-07-28 18:11:05.163398+00,FVG - 15m
SPACEUSDT,2026-07-28 18:11:10.613234+00,FVG - 15m Pulido Long
GENIUSUSDT,2026-07-28 18:11:15.529835+00,MA Slope Caso 1
SOONUSDT,2026-07-28 19:22:58.376815+00,FVG - 15m Pulido
SOONUSDT,2026-07-28 19:23:01.276541+00,FVG - 15m Pulido V2
PHAROSUSDT,2026-07-28 20:56:35.494289+00,FVG - 15m Pulido
PHAROSUSDT,2026-07-28 20:56:38.222343+00,FVG - 15m Pulido V2
STRCUSDT,2026-07-28 21:10:16.772923+00,MA Slope Caso 3 Pulido
1000SHIBUSDT,2026-07-28 22:17:46.642928+00,FVG - 15m
TERUSDT,2026-07-28 22:57:35.483274+00,Standard Scalping
COINUSDT,2026-07-28 23:09:51.815064+00,MA Slope Caso 3
GTCUSDT,2026-07-28 23:10:05.011573+00,Standard Scalping
WDCUSDT,2026-07-28 23:24:43.765326+00,FVG - 15m
LITUSDT,2026-07-28 23:24:49.304472+00,FVG - 15m Pulido
LITUSDT,2026-07-28 23:24:52.558221+00,FVG - 15m Pulido V2
BEATUSDT,2026-07-28 23:37:18.738052+00,FVG - 15m
TRIAUSDT,2026-07-28 23:37:28.548742+00,MA Cross Momentum
BROCCOLIF3BUSDT,2026-07-29 00:04:17.954599+00,FVG - 15m
ZILUSDT,2026-07-29 00:04:23.892884+00,FVG - 15m Pulido
ZILUSDT,2026-07-29 00:04:29.646895+00,FVG - 15m Pulido V2
AVAXUSDT,2026-07-29 00:04:43.587423+00,MA Slope Caso 3
MUUUSDT,2026-07-29 00:17:15.458885+00,MA Clone
COHRUSDT,2026-07-29 00:17:23.60978+00,MA Cross Momentum
MUUUSDT,2026-07-29 00:17:27.554223+00,Standard Scalping
AMATUSDT,2026-07-29 00:43:13.175685+00,MA Slope Caso 1
REZUSDT,2026-07-29 01:10:32.573102+00,MA Slope Caso 2
BULLAUSDT,2026-07-29 01:25:02.627859+00,FVG - 15m Pulido
BULLAUSDT,2026-07-29 01:25:05.969358+00,FVG - 15m Pulido V2
STXXUSDT,2026-07-29 02:04:27.124503+00,FVG - 15m Pulido
SLXUSDT,2026-07-29 02:04:32.841867+00,FVG - 15m Pulido Long
STXXUSDT,2026-07-29 02:04:37.103716+00,FVG - 15m Pulido V2
BILLUSDT,2026-07-29 02:19:17.770597+00,MA Cross Momentum
BILLUSDT,2026-07-29 02:19:20.961726+00,Standard Scalping
SIRENUSDT,2026-07-29 02:31:47.822118+00,MA Slope Caso 3 (15m)
INTWUSDT,2026-07-29 03:10:33.351638+00,FVG - 15m Pulido
INTWUSDT,2026-07-29 03:10:36.442727+00,FVG - 15m Pulido V2
XAUUSDT,2026-07-29 03:28:45.812206+00,MA Slope Caso 1
ONUSDT,2026-07-29 03:42:50.954275+00,FVG - 15m
TERUSDT,2026-07-29 03:42:56.142278+00,FVG - 15m Pulido
TERUSDT,2026-07-29 03:43:00.308673+00,FVG - 15m Pulido V2
RIFUSDT,2026-07-29 03:57:05.844511+00,FVG - 15m
BEUSDT,2026-07-29 03:57:13.58658+00,FVG - 15m Pulido
BEUSDT,2026-07-29 03:57:17.898977+00,FVG - 15m Pulido V2
1000RATSUSDT,2026-07-29 03:57:26.120822+00,Standard Scalping
DODOXUSDT,2026-07-29 04:11:46.439981+00,FVG - 15m
币安人生USDT,2026-07-29 04:11:53.678958+00,MA Slope Caso 1
CRCLUSDT,2026-07-29 04:12:01.133383+00,MA Slope Caso 2
CAPUSDT,2026-07-29 04:25:36.275589+00,FVG - 15m
AEROUSDT,2026-07-29 04:25:43.1919+00,MA Slope Caso 2
FLOWUSDT,2026-07-29 05:50:12.327069+00,MA Clone
FLOWUSDT,2026-07-29 05:50:15.522425+00,MA Cross Momentum
FLOWUSDT,2026-07-29 05:50:19.346631+00,Standard Scalping
SHAZUSDT,2026-07-29 07:11:35.447933+00,FVG - 15m Pulido Long
SHAZUSDT,2026-07-29 07:11:38.979701+00,MA Cross Momentum
1000XECUSDT,2026-07-29 07:41:14.245825+00,MA Cross Momentum
BANKUSDT,2026-07-29 07:54:33.547083+00,FVG - 15m
ESPORTSUSDT,2026-07-29 07:54:40.545595+00,MA Slope Caso 1
BULLAUSDT,2026-07-29 08:10:03.173445+00,FVG - 15m
MVLLUSDT,2026-07-29 08:36:39.900877+00,FVG - 15m Pulido Long
SNXXUSDT,2026-07-29 08:49:58.282298+00,FVG - 15m
CHILLGUYUSDT,2026-07-29 09:03:22.453113+00,FVG - 15m
CHILLGUYUSDT,2026-07-29 09:03:25.771431+00,FVG - 15m Pulido Long
ACHUSDT,2026-07-29 09:18:08.543842+00,Standard Scalping
KORUUSDT,2026-07-29 09:33:21.126888+00,FVG - 15m
SOXSUSDT,2026-07-29 09:59:59.088355+00,FVG - 15m Pulido
SOXSUSDT,2026-07-29 10:00:04.190345+00,FVG - 15m Pulido V2
MUUUSDT,2026-07-29 10:13:11.979434+00,FVG - 15m Pulido Long
KLACUSDT,2026-07-29 10:28:15.001601+00,FVG - 15m Pulido Long
ZAMAUSDT,2026-07-29 10:41:13.399792+00,MA Clone
ZAMAUSDT,2026-07-29 10:41:16.533393+00,MA Cross Momentum
ZAMAUSDT,2026-07-29 10:41:19.92633+00,Standard Scalping
OPNUSDT,2026-07-29 10:54:38.509457+00,FVG - 15m Pulido Long
EULUSDT,2026-07-29 11:08:10.935857+00,FVG - 15m Pulido
EULUSDT,2026-07-29 11:08:14.539019+00,FVG - 15m Pulido V2
ACHUSDT,2026-07-29 11:23:45.292011+00,Standard Scalping
SOXLUSDT,2026-07-29 11:51:33.547115+00,FVG - 15m
GLWUSDT,2026-07-29 11:51:38.540795+00,FVG - 15m Pulido Long
BROCCOLIF3BUSDT,2026-07-29 12:19:25.4522+00,FVG - 15m
LIGHTUSDT,2026-07-29 12:19:30.163248+00,FVG - 15m Pulido Long
PTBUSDT,2026-07-29 12:19:38.003809+00,Standard Scalping
ZHIPUUSDT,2026-07-29 12:47:21.800745+00,FVG - 15m
ZHIPUUSDT,2026-07-29 12:47:27.491647+00,FVG - 15m Pulido Long
AKEUSDT,2026-07-29 13:00:47.179266+00,FVG - 15m Pulido Long
AXTIUSDT,2026-07-29 13:14:01.271229+00,FVG - 15m
ALABUSDT,2026-07-29 13:14:06.078681+00,FVG - 15m Pulido Long
ERAUSDT,2026-07-29 13:29:49.254824+00,FVG - 15m Pulido Long
0GUSDT,2026-07-29 13:43:13.213411+00,FVG - 15m
0GUSDT,2026-07-29 13:43:16.430032+00,FVG - 15m Pulido Long
NILUSDT,2026-07-29 13:58:40.162005+00,FVG - 15m
DIAUSDT,2026-07-29 14:13:03.643744+00,FVG - 15m
TREEUSDT,2026-07-29 14:13:10.875522+00,FVG - 15m Pulido Long
COAIUSDT,2026-07-29 14:13:17.082788+00,MA Slope Caso 2
UBUSDT,2026-07-29 14:28:24.625294+00,FVG - 15m
PHAROSUSDT,2026-07-29 15:27:04.685666+00,FVG - 15m
PHAROSUSDT,2026-07-29 15:27:08.10919+00,FVG - 15m Pulido
PHAROSUSDT,2026-07-29 15:27:12.048029+00,FVG - 15m Pulido V2
METUSDT,2026-07-29 15:40:37.276755+00,FVG - 15m Pulido
METUSDT,2026-07-29 15:40:40.901286+00,FVG - 15m Pulido V2
BTWUSDT,2026-07-29 15:40:46.819798+00,MA Clone
BTWUSDT,2026-07-29 15:40:50.993235+00,Standard Scalping
ICNTUSDT,2026-07-29 16:07:38.069094+00,FVG - 15m Pulido Long
API3USDT,2026-07-29 16:22:50.165825+00,FVG - 15m Pulido Long
CLUSDT,2026-07-29 16:22:56.889876+00,MA Slope Caso 3 (15m)
PRLUSDT,2026-07-29 16:36:56.908951+00,FVG - 15m Pulido
PRLUSDT,2026-07-29 16:37:00.897849+00,FVG - 15m Pulido V2
XVGUSDT,2026-07-29 17:36:09.134404+00,FVG - 15m Pulido Long
LAUSDT,2026-07-29 17:49:37.373027+00,FVG - 15m Pulido Long
BIRBUSDT,2026-07-29 18:17:01.11107+00,FVG - 15m
COTIUSDT,2026-07-29 18:30:59.394286+00,FVG - 15m
CHIPUSDT,2026-07-29 18:45:33.901942+00,FVG - 15m
PROMPTUSDT,2026-07-29 18:45:40.233625+00,MA Slope Caso 1
KGENUSDT,2026-07-29 19:12:37.038492+00,FVG - 15m Pulido Long
BLESSUSDT,2026-07-29 19:42:53.786503+00,FVG - 15m
RUNEUSDT,2026-07-29 19:43:00.505131+00,MA Slope Caso 2
HK1810USDT,2026-07-29 20:14:49.033952+00,FVG - 15m
HK1810USDT,2026-07-29 20:14:52.848139+00,FVG - 15m Pulido
HK1810USDT,2026-07-29 20:14:57.968606+00,FVG - 15m Pulido V2
DEXEUSDT,2026-07-29 21:08:28.973701+00,FVG - 15m
EDENUSDT,2026-07-29 21:08:34.4457+00,FVG - 15m Pulido Long
AAVEUSDT,2026-07-29 21:08:39.063349+00,MA Slope Caso 2
NIGHTUSDT,2026-07-29 21:15:02.745605+00,FVG - 15m
IOSTUSDT,2026-07-29 22:06:02.389634+00,FVG - 15m
OGNUSDT,2026-07-29 22:11:07.394158+00,FVG - 15m
MANTRAUSDT,2026-07-29 22:30:07.395556+00,FVG - 15m
BEATUSDT,2026-07-30 00:10:09.336752+00,FVG - 15m
BEATUSDT,2026-07-30 00:10:11.178754+00,FVG - 15m Pulido
BEATUSDT,2026-07-30 00:10:13.168208+00,FVG - 15m Pulido V2
CYSUSDT,2026-07-30 00:35:16.614279+00,FVG - 15m
REZUSDT,2026-07-30 01:12:44.97407+00,FVG - 15m
REZUSDT,2026-07-30 01:12:48.472418+00,FVG - 15m Pulido Long
XMRUSDT,2026-07-30 01:12:56.524783+00,MA Slope Caso 3 Pulido
EVAAUSDT,2026-07-30 01:28:24.220719+00,FVG - 15m
VRTUSDT,2026-07-30 01:42:08.642707+00,MA Cross Momentum
VRTUSDT,2026-07-30 01:42:11.922106+00,Standard Scalping
UMAUSDT,2026-07-30 01:58:05.366377+00,FVG - 15m
ACHUSDT,2026-07-30 04:03:55.650118+00,FVG - 15m Pulido
ACHUSDT,2026-07-30 04:03:58.451461+00,FVG - 15m Pulido V2
BTWUSDT,2026-07-30 04:17:59.67133+00,FVG - 15m Pulido
BTWUSDT,2026-07-30 04:18:02.717893+00,FVG - 15m Pulido V2
PEOPLEUSDT,2026-07-30 04:37:37.122389+00,FVG - 15m Pulido
PEOPLEUSDT,2026-07-30 04:37:40.388343+00,FVG - 15m Pulido V2
AGLDUSDT,2026-07-30 04:37:46.220814+00,MA Slope Caso 1
HOLOUSDT,2026-07-30 05:23:56.065646+00,FVG - 15m Pulido
HOLOUSDT,2026-07-30 05:23:59.019264+00,FVG - 15m Pulido V2
ROBOUSDT,2026-07-30 05:24:04.512614+00,MA Clone
ROBOUSDT,2026-07-30 05:24:07.592797+00,MA Cross Momentum
ROBOUSDT,2026-07-30 05:24:12.631637+00,Standard Scalping
REUSDT,2026-07-30 05:56:22.531102+00,FVG - 15m Pulido
REUSDT,2026-07-30 05:56:25.913768+00,FVG - 15m Pulido V2
MINIMAXUSDT,2026-07-30 06:12:20.139879+00,FVG - 15m Pulido Long
STARUSDT,2026-07-30 06:30:17.891576+00,FVG - 15m Pulido Long
EPICUSDT,2026-07-30 07:34:23.29446+00,Standard Scalping
USUSDT,2026-07-30 07:51:26.174212+00,FVG - 15m Pulido
USUSDT,2026-07-30 07:51:30.059218+00,FVG - 15m Pulido V2
0GUSDT,2026-07-30 08:24:07.450701+00,FVG - 15m Pulido Long
SHAZUSDT,2026-07-30 08:56:39.084344+00,MA Clone
SHAZUSDT,2026-07-30 08:56:42.498376+00,MA Cross Momentum
SHAZUSDT,2026-07-30 08:56:45.749711+00,Standard Scalping
CAPUSDT,2026-07-30 09:29:00.280418+00,MA Clone
CAPUSDT,2026-07-30 09:29:04.165282+00,Standard Scalping
BEUSDT,2026-07-30 10:01:21.585085+00,MA Cross Momentum
ZESTUSDT,2026-07-30 10:33:40.178511+00,MA Slope Caso 3 Pulido
KORUUSDT,2026-07-30 11:21:41.782114+00,FVG - 15m Pulido Long
PRLUSDT,2026-07-30 11:51:46.000783+00,FVG - 15m Pulido
PRLUSDT,2026-07-30 11:51:50.269589+00,FVG - 15m Pulido V2
BREVUSDT,2026-07-30 12:43:04.884999+00,Standard Scalping
INTWUSDT,2026-07-30 13:30:51.552072+00,Standard Scalping
TLMUSDT,2026-07-30 14:38:30.07982+00,FVG - 15m Pulido Long
BTCUSDT,2026-07-30 14:38:37.317957+00,MA Slope Caso 3 (15m)
TENCENTUSDT,2026-07-30 15:26:32.678362+00,MA Slope Caso 3 Pulido
PYTHUSDT,2026-07-30 15:43:31.433951+00,FVG - 15m Pulido
STORJUSDT,2026-07-30 15:43:37.834774+00,FVG - 15m Pulido Long
PYTHUSDT,2026-07-30 15:43:41.554049+00,FVG - 15m Pulido V2
SQQQUSDT,2026-07-30 16:17:13.48543+00,MA Slope Caso 2
RSRUSDT,2026-07-30 16:35:21.582651+00,MA Slope Caso 3
NOKUSDT,2026-07-30 16:50:04.708406+00,FVG - 15m Pulido
NOKUSDT,2026-07-30 16:50:08.808557+00,FVG - 15m Pulido V2
BULLAUSDT,2026-07-30 17:20:20.659608+00,FVG - 15m Pulido Long
XRPUSDT,2026-07-30 17:20:28.630083+00,MA Slope Caso 3 (15m)
STXXUSDT,2026-07-30 17:36:39.143004+00,FVG - 15m Pulido Long
ARMUSDT,2026-07-30 18:24:20.285779+00,FVG - 15m Pulido Long
FHEUSDT,2026-07-30 20:28:45.620165+00,FVG - 15m Pulido
AAOIUSDT,2026-07-30 20:28:52.549886+00,MA Cross Momentum
AAOIUSDT,2026-07-30 20:28:58.354909+00,Standard Scalping
WLFIUSDT,2026-07-30 20:43:36.050242+00,MA Slope Caso 2
SOLUSDT,2026-07-30 21:30:23.391291+00,MA Slope Caso 3 Pulido
EULUSDT,2026-07-30 21:44:21.002524+00,MA Slope Caso 1
AKEUSDT,2026-07-30 22:01:39.448371+00,FVG - 15m Pulido
AKEUSDT,2026-07-30 22:01:44.633324+00,FVG - 15m Pulido V2
SAMSUNGUSDT,2026-07-30 23:02:49.656993+00,Standard Scalping
KAITOUSDT,2026-07-31 00:26:00.36524+00,MA Slope Caso 1
BNBUSDT,2026-07-31 00:39:33.850587+00,MA Slope Caso 3 Pulido
AMATUSDT,2026-07-31 02:27:06.963441+00,FVG - 15m Pulido
AMATUSDT,2026-07-31 02:27:10.228941+00,FVG - 15m Pulido V2
SOXLUSDT,2026-07-31 02:41:05.921323+00,FVG - 15m Pulido
SOXLUSDT,2026-07-31 02:41:08.894866+00,FVG - 15m Pulido V2
LRCXUSDT,2026-07-31 02:54:43.755861+00,FVG - 15m Pulido
LRCXUSDT,2026-07-31 02:54:47.178866+00,FVG - 15m Pulido V2
INTCUSDT,2026-07-31 03:10:47.716014+00,FVG - 15m Pulido
INTCUSDT,2026-07-31 03:10:51.627469+00,FVG - 15m Pulido V2
TWTUSDT,2026-07-31 04:10:25.73593+00,FVG - 15m Pulido
TWTUSDT,2026-07-31 04:10:30.226945+00,FVG - 15m Pulido V2
COPPERUSDT,2026-07-31 04:29:39.208464+00,MA Slope Caso 3 Pulido
IRENUSDT,2026-07-31 06:40:33.524974+00,FVG - 15m Pulido
IRENUSDT,2026-07-31 06:40:36.778209+00,FVG - 15m Pulido V2
ALABUSDT,2026-07-31 07:09:36.574425+00,FVG - 15m Pulido
ALABUSDT,2026-07-31 07:09:39.960655+00,FVG - 15m Pulido V2
ZAMAUSDT,2026-07-31 07:24:10.767063+00,MA Slope Caso 1
PRLUSDT,2026-07-31 07:37:27.971031+00,FVG - 15m Pulido
PRLUSDT,2026-07-31 07:37:31.626618+00,FVG - 15m Pulido V2
MUUUSDT,2026-07-31 08:04:08.308522+00,FVG - 15m Pulido
MUUUSDT,2026-07-31 08:04:12.866799+00,FVG - 15m Pulido V2
SNDKUSDT,2026-07-31 08:34:56.677482+00,FVG - 15m Pulido
SNDKUSDT,2026-07-31 08:34:59.699763+00,FVG - 15m Pulido V2
ONDOUSDT,2026-07-31 09:45:07.520572+00,MA Slope Caso 2
BLESSUSDT,2026-07-31 09:58:20.261109+00,MA Cross Momentum
KORUUSDT,2026-07-31 10:54:37.338921+00,FVG - 15m Pulido
KORUUSDT,2026-07-31 10:54:40.433997+00,FVG - 15m Pulido V2
TAGUSDT,2026-07-31 10:54:45.376076+00,MA Clone
TAGUSDT,2026-07-31 10:54:49.390528+00,MA Cross Momentum
TAGUSDT,2026-07-31 10:54:52.570371+00,Standard Scalping
RLCUSDT,2026-07-31 11:22:20.922382+00,FVG - 15m Pulido
RLCUSDT,2026-07-31 11:22:23.931387+00,FVG - 15m Pulido V2
BEUSDT,2026-07-31 11:35:34.833544+00,FVG - 15m Pulido
BEUSDT,2026-07-31 11:35:37.77495+00,FVG - 15m Pulido V2
BROCCOLI714USDT,2026-07-31 12:19:20.996705+00,Standard Scalping
NBISUSDT,2026-07-31 13:14:05.126103+00,FVG - 15m Pulido
NBISUSDT,2026-07-31 13:14:08.228312+00,FVG - 15m Pulido V2
STXXUSDT,2026-07-31 13:28:10.357316+00,Standard Scalping
AXTIUSDT,2026-07-31 13:41:21.08003+00,FVG - 15m Pulido
AXTIUSDT,2026-07-31 13:41:24.273984+00,FVG - 15m Pulido V2
TSLAUSDT,2026-07-31 13:41:33.210393+00,MA Slope Caso 3
CRDOUSDT,2026-07-31 13:41:57.611139+00,Standard Scalping
TSTUSDT,2026-07-31 13:55:59.260172+00,FVG - 15m Pulido
TSTUSDT,2026-07-31 13:56:03.166238+00,FVG - 15m Pulido V2
VANRYUSDT,2026-07-31 15:21:26.841097+00,FVG - 15m Pulido Long
PROMUSDT,2026-07-31 15:21:32.233247+00,MA Slope Caso 1
BIRBUSDT,2026-07-31 15:36:19.742506+00,FVG - 15m Pulido Long
AKEUSDT,2026-07-31 16:24:01.13395+00,MA Clone
AKEUSDT,2026-07-31 16:24:04.519082+00,Standard Scalping
HIMSUSDT,2026-07-31 16:24:15.222026+00,Standard Scalping
CHILLGUYUSDT,2026-07-31 16:39:51.274312+00,MA Clone
CHILLGUYUSDT,2026-07-31 16:39:54.295165+00,MA Cross Momentum
MUSDT,2026-07-31 16:54:54.030887+00,FVG - 15m Pulido
MUSDT,2026-07-31 16:54:59.504874+00,FVG - 15m Pulido V2
USUSDT,2026-07-31 16:55:06.885734+00,MA Cross Momentum
SYNUSDT,2026-07-31 17:09:43.758132+00,MA Cross Momentum
XPTUSDT,2026-07-31 17:09:49.192503+00,MA Slope Caso 3 (15m)
RIFUSDT,2026-07-31 17:26:56.435016+00,MA Clone
SOXSUSDT,2026-07-31 18:31:18.910098+00,FVG - 15m Pulido Long
CATIUSDT,2026-07-31 20:02:49.820953+00,MA Cross Momentum
GWEIUSDT,2026-07-31 21:20:55.491308+00,FVG - 15m Pulido Long
VANAUSDT,2026-07-31 21:34:21.086386+00,FVG - 15m Pulido Long
SHAZUSDT,2026-07-31 22:21:44.110789+00,FVG - 15m Pulido Long
ROBOUSDT,2026-07-31 22:35:39.546142+00,MA Slope Caso 2
TURBOUSDT,2026-07-31 23:19:53.869652+00,Standard Scalping
EPICUSDT,2026-07-31 23:33:21.123522+00,FVG - 15m Pulido Long
ZHIPUUSDT,2026-08-01 00:14:52.457465+00,FVG - 15m Pulido Long
OPENUSDT,2026-08-01 00:14:59.36258+00,MA Slope Caso 2
AMZNUSDT,2026-08-01 00:15:10.31485+00,MA Slope Caso 3
NILUSDT,2026-08-01 00:44:11.917714+00,FVG - 15m Pulido Long
AINUSDT,2026-08-01 00:44:18.682563+00,MA Slope Caso 1
JUPUSDT,2026-08-01 01:12:55.625856+00,MA Slope Caso 2
AIOUSDT,2026-08-01 01:26:33.844911+00,MA Clone
HYPERUSDT,2026-08-01 02:19:35.688741+00,FVG - 15m Pulido Long
TAGUSDT,2026-08-01 03:48:25.469285+00,FVG - 15m Pulido
TAGUSDT,2026-08-01 03:48:28.62421+00,FVG - 15m Pulido V2
SOXSUSDT,2026-08-01 04:02:53.904617+00,FVG - 15m Pulido Long
UAIUSDT,2026-08-01 04:17:33.156021+00,FVG - 15m Pulido Long
SHAZUSDT,2026-08-01 04:34:54.365853+00,FVG - 15m Pulido
HYPERUSDT,2026-08-01 04:35:01.383145+00,FVG - 15m Pulido Long
SHAZUSDT,2026-08-01 04:35:05.633257+00,FVG - 15m Pulido V2
ESPUSDT,2026-08-01 05:32:00.635195+00,FVG - 15m Pulido Long
MMTUSDT,2026-08-01 06:01:18.912645+00,FVG - 15m Pulido Long
STORJUSDT,2026-08-01 06:15:05.800938+00,FVG - 15m Pulido Long
SNDKUSDT,2026-08-01 06:59:23.898317+00,FVG - 15m Pulido Long
BROCCOLIF3BUSDT,2026-08-01 07:27:56.498642+00,Standard Scalping
HOLOUSDT,2026-08-01 07:54:58.344077+00,FVG - 15m Pulido Long
SNXXUSDT,2026-08-01 08:25:23.025276+00,FVG - 15m Pulido Long
ICXUSDT,2026-08-01 08:39:18.645316+00,Standard Scalping
ESPORTSUSDT,2026-08-01 10:47:03.452168+00,FVG - 15m Pulido Long
AXTIUSDT,2026-08-01 11:43:06.365007+00,FVG - 15m Pulido
AXTIUSDT,2026-08-01 11:43:09.908258+00,FVG - 15m Pulido V2
ORDIUSDT,2026-08-01 12:11:11.650817+00,MA Clone
ORDIUSDT,2026-08-01 12:11:15.311433+00,MA Cross Momentum
ORDIUSDT,2026-08-01 12:11:20.139036+00,Standard Scalping
COLLECTUSDT,2026-08-01 13:09:32.351747+00,MA Cross Momentum
BULLAUSDT,2026-08-01 14:05:55.699218+00,FVG - 15m Pulido Long
BANDUSDT,2026-08-01 14:21:23.017606+00,Standard Scalping
TAOUSDT,2026-08-01 15:18:30.908675+00,MA Slope Caso 2
VANAUSDT,2026-08-01 15:50:52.895791+00,FVG - 15m Pulido Long
ALABUSDT,2026-08-01 17:07:27.26636+00,FVG - 15m Pulido Long
STARUSDT,2026-08-01 17:24:59.235634+00,FVG - 15m Pulido Long
1000SATSUSDT,2026-08-01 18:41:59.655213+00,FVG - 15m Pulido
BEUSDT,2026-08-01 18:42:04.614119+00,FVG - 15m Pulido Long
1000SATSUSDT,2026-08-01 18:42:09.177135+00,FVG - 15m Pulido V2
CAPUSDT,2026-08-01 18:42:14.189427+00,MA Slope Caso 2
ERAUSDT,2026-08-01 18:56:37.370027+00,FVG - 15m Pulido Long
PLTRUSDT,2026-08-01 18:56:43.815835+00,MA Slope Caso 3 Pulido
HOMEUSDT,2026-08-01 18:56:49.189452+00,Standard Scalping
TLMUSDT,2026-08-01 19:40:32.31175+00,FVG - 15m Pulido Long
COTIUSDT,2026-08-01 19:40:40.868534+00,MA Slope Caso 2
CFXUSDT,2026-08-01 20:08:49.082851+00,FVG - 15m Pulido Long
LIGHTUSDT,2026-08-01 20:23:59.825358+00,FVG - 15m Pulido
LIGHTUSDT,2026-08-01 20:24:03.209058+00,FVG - 15m Pulido V2
AIOUSDT,2026-08-01 21:23:44.154171+00,FVG - 15m Pulido Long
LITUSDT,2026-08-01 21:56:05.919318+00,MA Slope Caso 1
BIRBUSDT,2026-08-01 22:30:04.681555+00,FVG - 15m Pulido Long
MUUUSDT,2026-08-01 23:01:00.126766+00,FVG - 15m Pulido Long
ACEUSDT,2026-08-01 23:30:38.786089+00,FVG - 15m Pulido Long
EVAAUSDT,2026-08-02 00:14:34.148383+00,FVG - 15m Pulido Long
HYPERUSDT,2026-08-02 00:14:43.015508+00,Standard Scalping
KORUUSDT,2026-08-02 00:32:47.838984+00,FVG - 15m Pulido Long
ROBOUSDT,2026-08-02 01:19:38.719419+00,FVG - 15m Pulido Long
OGNUSDT,2026-08-02 02:23:54.71139+00,FVG - 15m Pulido Long
1MBABYDOGEUSDT,2026-08-02 03:11:40.958902+00,MA Slope Caso 2
ROBOUSDT,2026-08-02 03:32:08.671215+00,FVG - 15m Pulido Long
SYNUSDT,2026-08-02 05:08:22.83017+00,FVG - 15m Pulido Long
BRUSDT,2026-08-02 05:08:27.984838+00,MA Clone
BRUSDT,2026-08-02 05:08:31.528652+00,MA Cross Momentum
INJUSDT,2026-08-02 05:23:37.95396+00,MA Slope Caso 3 Pulido
LABUSDT,2026-08-02 05:53:38.309536+00,FVG - 15m Pulido Long
MUUUSDT,2026-08-02 06:07:44.848403+00,FVG - 15m Pulido Long
MYXUSDT,2026-08-02 06:23:06.262155+00,FVG - 15m Pulido
GRIFFAINUSDT,2026-08-02 06:23:11.446156+00,MA Cross Momentum
BULLAUSDT,2026-08-02 06:36:56.446986+00,FVG - 15m
ZHIPUUSDT,2026-08-02 06:37:01.698448+00,FVG - 15m Pulido Long
SNDKUSDT,2026-08-02 07:22:11.53951+00,FVG - 15m Pulido Long
AIOUSDT,2026-08-02 07:35:51.736489+00,FVG - 15m
SAHARAUSDT,2026-08-02 07:35:56.94831+00,FVG - 15m Pulido
SNXXUSDT,2026-08-02 07:49:27.054137+00,FVG - 15m Pulido Long
EDGEUSDT,2026-08-02 08:04:30.054377+00,FVG - 15m Pulido Long
GIGGLEUSDT,2026-08-02 08:46:53.834394+00,FVG - 15m Pulido
EULUSDT,2026-08-02 09:15:21.202055+00,FVG - 15m Pulido Long
ONUSDT,2026-08-02 09:30:58.564684+00,FVG - 15m Pulido
ELSAUSDT,2026-08-02 09:44:49.000817+00,FVG - 15m Pulido
WLFIUSDT,2026-08-02 09:44:54.864021+00,MA Slope Caso 3
XNYUSDT,2026-08-02 10:13:04.099857+00,FVG - 15m Pulido
HYPERUSDT,2026-08-02 10:13:13.390852+00,MA Clone
HYPERUSDT,2026-08-02 10:13:19.110333+00,Standard Scalping
TAKEUSDT,2026-08-02 10:29:55.639211+00,FVG - 15m Pulido Long
RLCUSDT,2026-08-02 10:57:13.610343+00,FVG - 15m
1000000BOBUSDT,2026-08-02 12:23:56.653255+00,Standard Scalping
KORUUSDT,2026-08-02 12:37:32.691377+00,FVG - 15m Pulido Long
PHAROSUSDT,2026-08-02 12:52:47.302175+00,MA Cross Momentum
DEXEUSDT,2026-08-02 13:07:23.41621+00,FVG - 15m Pulido Long
HOMEUSDT,2026-08-02 13:22:26.864878+00,FVG - 15m Pulido
ESPUSDT,2026-08-02 13:49:18.848674+00,FVG - 15m Pulido Long
NILUSDT,2026-08-02 13:49:27.847613+00,Standard Scalping
DOGEUSDT,2026-08-02 14:04:21.167622+00,MA Slope Caso 3
PRLUSDT,2026-08-02 14:20:08.770363+00,FVG - 15m Pulido
1000BONKUSDT,2026-08-02 14:46:48.670745+00,MA Slope Caso 3 Pulido
EVAAUSDT,2026-08-02 15:00:26.106292+00,FVG - 15m Pulido Long
BIRBUSDT,2026-08-02 15:32:00.962893+00,FVG - 15m Pulido Long
EDENUSDT,2026-08-02 15:32:07.010524+00,MA Cross Momentum
KERNELUSDT,2026-08-02 15:32:15.769113+00,MA Slope Caso 1
EDENUSDT,2026-08-02 15:32:19.637951+00,Standard Scalping
ZESTUSDT,2026-08-02 16:00:44.237368+00,FVG - 15m Pulido Long
BROCCOLI714USDT,2026-08-02 16:00:49.923677+00,MA Slope Caso 2
FIGHTUSDT,2026-08-02 16:15:51.222302+00,FVG - 15m Pulido Long
TLMUSDT,2026-08-02 16:30:49.089048+00,FVG - 15m Pulido Long
COTIUSDT,2026-08-02 17:00:11.298942+00,FVG - 15m Pulido Long
BABYUSDT,2026-08-02 17:15:14.731085+00,FVG - 15m Pulido Long
1000SATSUSDT,2026-08-02 17:34:20.739741+00,FVG - 15m Pulido Long
ACUUSDT,2026-08-02 17:34:27.949522+00,MA Slope Caso 3 (15m)
BANKUSDT,2026-08-02 18:38:59.825843+00,FVG - 15m Pulido Long
OGNUSDT,2026-08-02 18:53:09.728636+00,FVG - 15m Pulido Long
IDOLUSDT,2026-08-02 19:08:14.084703+00,FVG - 15m
DIAUSDT,2026-08-02 19:08:22.178048+00,FVG - 15m Pulido Long
JCTUSDT,2026-08-02 19:24:55.92562+00,FVG - 15m Pulido
MMTUSDT,2026-08-02 19:53:43.268891+00,FVG - 15m Pulido Long
FLOWUSDT,2026-08-02 20:07:28.271016+00,FVG - 15m Pulido Long
1000RATSUSDT,2026-08-02 21:15:52.54274+00,FVG - 15m Pulido Long
GRVTUSDT,2026-08-02 21:29:58.37641+00,FVG - 15m Pulido Long
ARCUSDT,2026-08-02 22:05:14.167945+00,FVG - 15m Pulido Long
DOTUSDT,2026-08-02 22:05:22.122751+00,MA Slope Caso 3 Pulido
ICNTUSDT,2026-08-02 22:19:16.861159+00,FVG - 15m Pulido
JUPUSDT,2026-08-02 22:19:23.709387+00,MA Slope Caso 3
HUSDT,2026-08-02 22:32:18.991265+00,FVG - 15m Pulido
EPICUSDT,2026-08-02 22:46:20.917709+00,FVG - 15m Pulido
PIEVERSEUSDT,2026-08-02 23:50:39.17199+00,FVG - 15m Pulido
ACEUSDT,2026-08-02 23:50:48.96345+00,MA Slope Caso 1
GWEIUSDT,2026-08-03 00:34:54.093317+00,MA Clone
GWEIUSDT,2026-08-03 00:34:58.421576+00,MA Cross Momentum
FILUSDT,2026-08-03 00:35:09.694163+00,MA Slope Caso 3
USUSDT,2026-08-03 00:48:10.113525+00,FVG - 15m Pulido
BTCDOMUSDT,2026-08-03 01:21:06.781061+00,MA Slope Caso 1
COLLECTUSDT,2026-08-03 01:37:41.118389+00,FVG - 15m Pulido Long
KGENUSDT,2026-08-03 01:37:57.59061+00,Standard Scalping
1000LUNCUSDT,2026-08-03 02:13:04.591264+00,FVG - 15m Pulido
4USDT,2026-08-03 02:33:56.585375+00,FVG - 15m Pulido Long
EULUSDT,2026-08-03 03:52:40.344499+00,FVG - 15m Gap Chico
LIGHTUSDT,2026-08-03 03:52:46.955335+00,FVG - 15m Pulido
KGENUSDT,2026-08-03 03:52:52.200584+00,MA Cross Momentum
SAHARAUSDT,2026-08-03 03:52:57.747019+00,MA Slope Caso 2
KGENUSDT,2026-08-03 03:53:01.590713+00,Standard Scalping
CLOUSDT,2026-08-03 03:53:09.834144+00,Standard Scalping
BTWUSDT,2026-08-03 04:10:41.35157+00,FVG - 15m
4USDT,2026-08-03 04:10:50.279979+00,FVG - 15m Gap Chico
4USDT,2026-08-03 04:10:54.868475+00,FVG - 15m Pulido Long
PORTALUSDT,2026-08-03 04:11:01.692977+00,MA Cross Momentum
EPICUSDT,2026-08-03 04:31:56.852188+00,FVG - 15m Gap Chico
BULLAUSDT,2026-08-03 04:54:36.004068+00,FVG - 15m Gap Chico
KOMAUSDT,2026-08-03 05:15:46.87226+00,FVG - 15m Gap Chico
HEIUSDT,2026-08-03 05:15:54.652545+00,FVG - 15m Pulido Long
LAUSDT,2026-08-03 05:36:57.541399+00,FVG - 15m Gap Chico
FIGHTUSDT,2026-08-03 05:54:42.53484+00,FVG - 15m Gap Chico
SCRTUSDT,2026-08-03 06:13:24.763231+00,MA Cross Momentum
VICUSDT,2026-08-03 06:32:47.665524+00,FVG - 15m Gap Chico
BICOUSDT,2026-08-03 07:06:46.093653+00,FVG - 15m Gap Chico
HFTUSDT,2026-08-03 07:25:09.093679+00,FVG - 15m Gap Chico
ESPUSDT,2026-08-03 07:25:15.569331+00,MA Slope Caso 1
1000RATSUSDT,2026-08-03 08:33:44.259761+00,FVG - 15m Pulido Long
SCRTUSDT,2026-08-03 08:34:05.60632+00,Standard Scalping
HOMEUSDT,2026-08-03 08:52:13.700203+00,FVG - 15m Gap Chico
ENSOUSDT,2026-08-03 09:10:38.817242+00,FVG - 15m Gap Chico
MMTUSDT,2026-08-03 09:57:12.514066+00,FVG - 15m Pulido Long
USUSDT,2026-08-03 10:11:19.2591+00,MA Clone
USUSDT,2026-08-03 10:11:23.01618+00,Standard Scalping
AEVOUSDT,2026-08-03 10:41:28.316847+00,FVG - 15m Gap Chico
SYNUSDT,2026-08-03 10:41:34.025193+00,FVG - 15m Pulido Long
AGTUSDT,2026-08-03 10:55:33.764381+00,FVG - 15m Gap Chico
BRUSDT,2026-08-03 11:10:30.275805+00,FVG - 15m Pulido Long
PUMPBTCUSDT,2026-08-03 11:55:21.727038+00,FVG - 15m Pulido Long
PTBUSDT,2026-08-03 12:39:53.710977+00,MA Clone
PTBUSDT,2026-08-03 12:39:58.295949+00,Standard Scalping
AKTUSDT,2026-08-03 12:54:10.611191+00,MA Slope Caso 3 Pulido
CTKUSDT,2026-08-03 13:26:03.863046+00,FVG - 15m Pulido Long
SNOWUSDT,2026-08-03 13:55:15.223923+00,MA Clone
APRUSDT,2026-08-03 13:55:21.056353+00,MA Slope Caso 2
NEARUSDT,2026-08-03 13:55:29.297883+00,MA Slope Caso 3
ZEREBROUSDT,2026-08-03 14:52:45.042869+00,FVG - 15m Pulido
POLUSDT,2026-08-03 15:13:12.450354+00,MA Slope Caso 3
POLUSDT,2026-08-03 15:13:17.181111+00,MA Slope Caso 3 Pulido
1000SATSUSDT,2026-08-03 15:37:34.158882+00,FVG - 15m Pulido Long
CROSSUSDT,2026-08-03 15:56:49.014942+00,FVG - 15m Pulido
PHAROSUSDT,2026-08-03 15:56:58.935092+00,FVG - 15m Pulido Long
ARXUSDT,2026-08-03 16:15:40.572098+00,FVG - 15m Pulido Long
RESOLVUSDT,2026-08-03 16:15:48.226957+00,MA Slope Caso 3 Pulido
COTIUSDT,2026-08-03 16:53:25.966085+00,FVG - 15m
EDENUSDT,2026-08-03 16:53:33.42009+00,MA Slope Caso 2
ACXUSDT,2026-08-03 17:30:23.736422+00,FVG - 15m Pulido
MANTRAUSDT,2026-08-03 17:47:56.107649+00,FVG - 15m Pulido Long
ANTHROPICUSDT,2026-08-03 18:03:45.007975+00,MA Slope Caso 3 Pulido
NOMUSDT,2026-08-03 18:03:57.029066+00,Standard Scalping
ENAUSDT,2026-08-03 19:15:56.009958+00,FVG - 15m Pulido
ZESTUSDT,2026-08-03 19:36:31.995903+00,FVG - 15m Pulido Long
AKEUSDT,2026-08-03 23:30:56.25321+00,FVG - 15m Pulido Long
BOTUSDT,2026-08-03 23:45:22.404864+00,FVG - 15m Pulido
VELVETUSDT,2026-08-04 00:01:43.820335+00,Standard Scalping
RIFUSDT,2026-08-04 00:34:56.181893+00,FVG - 15m Pulido Long
AWEUSDT,2026-08-04 00:35:05.469968+00,MA Slope Caso 2
FIGHTUSDT,2026-08-04 00:49:53.387423+00,Standard Scalping
ZHIPUUSDT,2026-08-04 02:08:59.284505+00,MA Clone
ZHIPUUSDT,2026-08-04 02:09:05.139162+00,MA Cross Momentum
ZHIPUUSDT,2026-08-04 02:09:08.652039+00,Standard Scalping
MYXUSDT,2026-08-04 02:38:32.532679+00,MA Cross Momentum
MYXUSDT,2026-08-04 02:38:36.365846+00,Standard Scalping
PIPPINUSDT,2026-08-04 02:52:10.619179+00,FVG - 15m Pulido
KORUUSDT,2026-08-04 03:26:28.453083+00,FVG - 15m Pulido
SYNUSDT,2026-08-04 03:59:03.513366+00,FVG - 15m Pulido Long
TAGUSDT,2026-08-04 04:46:32.990211+00,FVG - 15m Pulido Long
AVAAIUSDT,2026-08-04 06:34:21.599311+00,Standard Scalping
AIOUSDT,2026-08-04 07:35:47.848071+00,FVG - 15m
ORCLUSDT,2026-08-04 07:35:53.312208+00,FVG - 15m Pulido
XLMUSDT,2026-08-04 07:51:37.011536+00,MA Slope Caso 1
IBMUSDT,2026-08-04 08:05:52.583902+00,MA Slope Caso 3
IBMUSDT,2026-08-04 08:05:56.641386+00,MA Slope Caso 3 Pulido
BTWUSDT,2026-08-04 08:21:08.709553+00,FVG - 15m Pulido
CRWVUSDT,2026-08-04 09:06:03.914202+00,FVG - 15m Pulido
PORTALUSDT,2026-08-04 10:05:57.157808+00,FVG - 15m Pulido Long
VANRYUSDT,2026-08-04 11:04:31.643437+00,FVG - 15m Pulido
PLTRUSDT,2026-08-04 11:21:45.307217+00,FVG - 15m Pulido
SHAZUSDT,2026-08-04 11:21:50.865664+00,MA Clone
SHAZUSDT,2026-08-04 11:21:54.389408+00,MA Cross Momentum
SHAZUSDT,2026-08-04 11:22:00.360942+00,Standard Scalping
ZEREBROUSDT,2026-08-04 12:23:39.601756+00,MA Clone
ZEREBROUSDT,2026-08-04 12:23:43.066912+00,MA Cross Momentum
ZEREBROUSDT,2026-08-04 12:23:47.051745+00,Standard Scalping
ZHIPUUSDT,2026-08-04 12:38:19.608887+00,FVG - 15m Pulido
CIENUSDT,2026-08-04 13:40:06.478344+00,FVG - 15m Pulido
CBRSUSDT,2026-08-04 13:56:56.864688+00,MA Clone
IRENUSDT,2026-08-04 13:57:04.84452+00,MA Cross Momentum
IRENUSDT,2026-08-04 13:57:09.477679+00,Standard Scalping
QNTXUSDT,2026-08-04 14:37:18.662033+00,FVG - 15m Gap Chico
TSLAUSDT,2026-08-04 14:37:24.969606+00,MA Slope Caso 3 Pulido
ACXUSDT,2026-08-04 14:53:27.465906+00,FVG - 15m Gap Chico
SOONUSDT,2026-08-04 15:10:44.899141+00,FVG - 15m Gap Chico
SOONUSDT,2026-08-04 15:10:50.714054+00,FVG - 15m Pulido
FHEUSDT,2026-08-04 15:28:39.312776+00,FVG - 15m Gap Chico
TRXUSDT,2026-08-04 15:28:47.680098+00,MA Slope Caso 3
TRXUSDT,2026-08-04 15:28:52.309943+00,MA Slope Caso 3 Pulido
AXTIUSDT,2026-08-04 15:48:17.294338+00,FVG - 15m Gap Chico
HK0700USDT,2026-08-04 16:04:11.138609+00,FVG - 15m Gap Chico
PIPPINUSDT,2026-08-04 16:21:51.446921+00,FVG - 15m Gap Chico
CRWVUSDT,2026-08-04 16:38:25.406219+00,Standard Scalping
MINIMAXUSDT,2026-08-04 17:12:42.267762+00,MA Slope Caso 2
HANAUSDT,2026-08-04 18:26:07.848597+00,FVG - 15m Gap Chico
HYPERUSDT,2026-08-04 18:59:07.306054+00,FVG - 15m Gap Chico
COHRUSDT,2026-08-04 19:33:19.700128+00,FVG - 15m Pulido
DRIFTUSDT,2026-08-04 19:48:16.61763+00,FVG - 15m Pulido Long
AAOIUSDT,2026-08-04 20:02:16.293656+00,FVG - 15m Pulido
SOXSUSDT,2026-08-04 20:33:00.450985+00,MA Clone
SOXSUSDT,2026-08-04 20:33:03.503837+00,Standard Scalping
STARUSDT,2026-08-04 21:47:00.805754+00,FVG - 15m Pulido Long
IDOLUSDT,2026-08-04 22:02:40.284812+00,FVG - 15m Gap Chico
BANKUSDT,2026-08-04 22:49:44.635385+00,FVG - 15m Pulido Long
INTWUSDT,2026-08-04 23:38:12.779831+00,FVG - 15m Gap Chico
INTWUSDT,2026-08-04 23:38:16.854889+00,FVG - 15m Pulido
USUSDT,2026-08-04 23:53:25.532531+00,FVG - 15m Gap Chico
USUSDT,2026-08-04 23:53:28.687386+00,FVG - 15m Pulido
VIRTUALUSDT,2026-08-05 00:08:28.594419+00,MA Slope Caso 1
ALABUSDT,2026-08-05 00:24:58.124496+00,FVG - 15m Gap Chico
PENGUUSDT,2026-08-05 00:53:56.609133+00,MA Slope Caso 2
ASTSUSDT,2026-08-05 01:28:20.291993+00,FVG - 15m Pulido
AGTUSDT,2026-08-05 01:50:22.109501+00,FVG - 15m Gap Chico
ICNTUSDT,2026-08-05 02:37:38.132875+00,FVG - 15m Gap Chico
LDOUSDT,2026-08-05 02:37:43.742647+00,FVG - 15m Pulido Long
XANUSDT,2026-08-05 02:37:50.421741+00,MA Cross Momentum
AXTIUSDT,2026-08-05 03:06:59.667586+00,FVG - 15m Gap Chico
IDOLUSDT,2026-08-05 03:24:26.222026+00,FVG - 15m Gap Chico
IDOLUSDT,2026-08-05 03:24:30.125178+00,FVG - 15m Pulido Long
DRIFTUSDT,2026-08-05 03:54:57.425974+00,FVG - 15m Gap Chico
BEATUSDT,2026-08-05 03:55:02.481593+00,FVG - 15m Pulido
DRIFTUSDT,2026-08-05 03:55:05.606141+00,FVG - 15m Pulido Long
GIGGLEUSDT,2026-08-05 04:09:16.974448+00,FVG - 15m Gap Chico
EPICUSDT,2026-08-05 04:09:22.813156+00,FVG - 15m Pulido
BULLAUSDT,2026-08-05 04:09:29.064972+00,FVG - 15m Pulido Long
AIOUSDT,2026-08-05 04:09:39.424474+00,Standard Scalping
PLTRUSDT,2026-08-05 04:26:06.665194+00,FVG - 15m Pulido
1000RATSUSDT,2026-08-05 04:26:12.011602+00,MA Clone
ZORAUSDT,2026-08-05 04:26:17.216264+00,MA Cross Momentum
1000RATSUSDT,2026-08-05 04:26:22.514655+00,Standard Scalping
QNTXUSDT,2026-08-05 04:41:50.065981+00,FVG - 15m Pulido
UBUSDT,2026-08-05 04:56:28.932691+00,FVG - 15m Gap Chico
ICNTUSDT,2026-08-05 05:46:58.307231+00,FVG - 15m Gap Chico
KORUUSDT,2026-08-05 05:48:50.856762+00,MA Slope Caso 3 (15m)
AMDUSDT,2026-08-05 06:06:44.873062+00,FVG - 15m Gap Chico
AMDUSDT,2026-08-05 06:06:47.667846+00,FVG - 15m Pulido Long
PTBUSDT,2026-08-05 06:22:02.348223+00,FVG - 15m Gap Chico
ZHIPUUSDT,2026-08-05 06:22:06.866042+00,FVG - 15m Pulido
PTBUSDT,2026-08-05 06:22:09.816005+00,FVG - 15m Pulido Long
HOMEUSDT,2026-08-05 07:01:42.25866+00,FVG - 15m Gap Chico
TAGUSDT,2026-08-05 07:01:47.299105+00,FVG - 15m Pulido Long
COHRUSDT,2026-08-05 07:16:08.166728+00,FVG - 15m Gap Chico
COHRUSDT,2026-08-05 07:16:12.580577+00,FVG - 15m Pulido
AAOIUSDT,2026-08-05 07:40:49.345448+00,FVG - 15m Pulido
GUAUSDT,2026-08-05 08:11:13.492598+00,FVG - 15m Gap Chico
CRWVUSDT,2026-08-05 08:26:25.094132+00,Arrow Reversal
GIGADEVUSDT,2026-08-05 08:26:30.163552+00,FVG - 15m Gap Chico
SOXSUSDT,2026-08-05 08:26:35.402915+00,MA Cross Momentum
RKLBUSDT,2026-08-05 08:41:22.746065+00,FVG - 15m Pulido
SQQQUSDT,2026-08-05 08:41:31.085041+00,FVG - 15m Pulido Long
ASTSUSDT,2026-08-05 08:55:41.774276+00,FVG - 15m Pulido
XANUSDT,2026-08-05 09:11:50.20269+00,Standard Scalping
FLNCUSDT,2026-08-05 10:39:51.376913+00,FVG - 15m Pulido
FLEXUSDT,2026-08-05 10:54:26.997763+00,FVG - 15m Pulido
DELLUSDT,2026-08-05 11:24:00.040848+00,FVG - 15m Gap Chico
ARIAUSDT,2026-08-05 11:39:51.755545+00,MA Cross Momentum
USARUSDT,2026-08-05 12:10:28.285014+00,FVG - 15m Pulido
AGTUSDT,2026-08-05 12:55:52.553893+00,FVG - 15m Pulido Long
币安人生USDT,2026-08-05 13:42:39.934585+00,FVG - 15m Gap Chico
币安人生USDT,2026-08-05 13:42:42.833339+00,FVG - 15m Pulido Long
AIAUSDT,2026-08-05 13:57:59.697837+00,FVG - 15m Gap Chico
AIAUSDT,2026-08-05 13:58:03.035767+00,FVG - 15m Pulido
VICUSDT,2026-08-05 14:13:19.025114+00,FVG - 15m Gap Chico
VICUSDT,2026-08-05 14:13:22.385396+00,FVG - 15m Pulido
VANRYUSDT,2026-08-05 14:13:28.792458+00,MA Clone
VANRYUSDT,2026-08-05 14:13:34.293935+00,Standard Scalping
WAXPUSDT,2026-08-05 14:29:13.07467+00,FVG - 15m Gap Chico
PTBUSDT,2026-08-05 14:29:21.869332+00,Standard Scalping
EULUSDT,2026-08-05 15:15:29.820321+00,FVG - 15m Pulido Long
PIPPINUSDT,2026-08-05 15:15:35.498232+00,MA Slope Caso 2
KOMAUSDT,2026-08-05 15:31:28.675742+00,FVG - 15m Gap Chico
FIDAUSDT,2026-08-05 16:59:38.211659+00,FVG - 15m Pulido Long
EVAAUSDT,2026-08-05 17:30:02.445842+00,FVG - 15m Pulido Long
ACTUSDT,2026-08-05 17:44:31.274041+00,MA Cross Momentum
TLMUSDT,2026-08-05 18:01:07.820212+00,FVG - 15m Pulido Long
ARXUSDT,2026-08-05 18:30:58.336848+00,MA Slope Caso 3 (15m)
MASKUSDT,2026-08-05 18:31:03.677197+00,MA Slope Caso 3 Pulido
VELVETUSDT,2026-08-05 19:14:25.728156+00,FVG - 15m Pulido
UAIUSDT,2026-08-05 19:44:28.655124+00,FVG - 15m Pulido
BIRBUSDT,2026-08-05 20:46:34.765792+00,FVG - 15m Pulido Long
INTWUSDT,2026-08-05 21:32:55.544486+00,FVG - 15m Pulido
ACXUSDT,2026-08-05 22:32:32.671814+00,FVG - 15m
SOMIUSDT,2026-08-06 00:20:46.953383+00,MA Slope Caso 3 (15m)
龙虾USDT,2026-08-06 00:33:47.872346+00,FVG - 15m Pulido
AXSUSDT,2026-08-06 00:33:53.401831+00,MA Cross Momentum
COTIUSDT,2026-08-06 00:48:35.331294+00,FVG - 15m Pulido Long
TOWNSUSDT,2026-08-06 00:48:41.052092+00,MA Slope Caso 3 (15m)
NOMUSDT,2026-08-06 00:48:48.92593+00,Standard Scalping
METAUSDT,2026-08-06 01:02:18.414372+00,MA Slope Caso 3 (15m)
STARUSDT,2026-08-06 01:15:33.184417+00,FVG - 15m Pulido Long
XNYUSDT,2026-08-06 01:54:53.948751+00,MA Slope Caso 2
TUTUSDT,2026-08-06 02:07:51.54459+00,FVG - 15m
TUTUSDT,2026-08-06 02:07:55.587569+00,FVG - 15m v2 (filtros minados)
MYXUSDT,2026-08-06 02:23:05.763218+00,FVG - 15m v2 (filtros minados)
SKYAIUSDT,2026-08-06 02:48:26.694527+00,FVG - 15m
SKYAIUSDT,2026-08-06 02:48:30.215549+00,FVG - 15m v2 (filtros minados)
JCTUSDT,2026-08-06 02:48:36.547661+00,Standard Scalping
ACXUSDT,2026-08-06 03:03:50.384505+00,FVG - 15m
LABUSDT,2026-08-06 03:03:54.853539+00,FVG - 15m v2 (filtros minados)
VELVETUSDT,2026-08-06 03:21:21.272207+00,FVG - 15m v2 (filtros minados)
CAPUSDT,2026-08-06 03:50:39.540087+00,FVG - 15m v2 (filtros minados)
MYXUSDT,2026-08-06 04:22:36.114644+00,FVG - 15m
MYXUSDT,2026-08-06 04:22:39.724013+00,FVG - 15m v2 (filtros minados)
HOMEUSDT,2026-08-06 04:37:23.268546+00,FVG - 15m
HOMEUSDT,2026-08-06 04:37:27.294952+00,FVG - 15m v2 (filtros minados)
UBUSDT,2026-08-06 04:51:23.479322+00,FVG - 15m v2 (filtros minados)
SPCXUSDT,2026-08-06 05:06:32.047647+00,FVG - 15m v2 (filtros minados)
MVLLUSDT,2026-08-06 05:22:43.68724+00,FVG - 15m v2 (filtros minados)
INTWUSDT,2026-08-06 05:36:25.952021+00,FVG - 15m v2 (filtros minados)
LIGHTUSDT,2026-08-06 06:03:35.325131+00,FVG - 15m v2 (filtros minados)
ESPORTSUSDT,2026-08-06 06:33:39.504533+00,FVG - 15m
AXTIUSDT,2026-08-06 06:33:45.332557+00,FVG - 15m v2 (filtros minados)
EPICUSDT,2026-08-06 06:47:01.686347+00,FVG - 15m v2 (filtros minados)
INXUSDT,2026-08-06 07:00:27.418889+00,FVG - 15m v2 (filtros minados)
SIGNUSDT,2026-08-06 07:30:04.676022+00,FVG - 15m
SIGNUSDT,2026-08-06 07:30:07.548423+00,FVG - 15m v2 (filtros minados)
FLNCUSDT,2026-08-06 09:09:07.007884+00,FVG - 15m v2 (filtros minados)
PENGUSDT,2026-08-06 09:37:44.198064+00,MA Slope Caso 2
TRADOORUSDT,2026-08-06 10:06:41.825671+00,Standard Scalping
SYNUSDT,2026-08-06 11:15:26.187214+00,FVG - 15m
COOKIEUSDT,2026-08-06 11:15:31.952097+00,FVG - 15m v2 (filtros minados)
ALABUSDT,2026-08-06 11:56:44.105339+00,FVG - 15m v2 (filtros minados)
COTIUSDT,2026-08-06 12:11:25.596726+00,FVG - 15m v2 (filtros minados)
UAIUSDT,2026-08-06 12:26:35.683662+00,FVG - 15m v2 (filtros minados)
DODOXUSDT,2026-08-06 12:53:06.583714+00,FVG - 15m v2 (filtros minados)
MINIMAXUSDT,2026-08-06 13:06:36.596801+00,FVG - 15m v2 (filtros minados)
ZEREBROUSDT,2026-08-06 13:22:27.863012+00,FVG - 15m v2 (filtros minados)
STOUSDT,2026-08-06 13:36:43.163003+00,FVG - 15m v2 (filtros minados)
AIAUSDT,2026-08-06 13:36:50.787702+00,MA Slope Caso 2
JCTUSDT,2026-08-06 13:50:03.920561+00,FVG - 15m v2 (filtros minados)
ADAUSDT,2026-08-06 13:50:09.194579+00,MA Slope Caso 3 (15m)
TAGUSDT,2026-08-06 13:50:15.560965+00,Standard Scalping
WDCUSDT,2026-08-06 14:03:26.213837+00,FVG - 15m v2 (filtros minados)
WDCUSDT,2026-08-06 14:03:29.548329+00,Standard Scalping
TUTUSDT,2026-08-06 14:17:04.328703+00,FVG - 15m v2 (filtros minados)
ILVUSDT,2026-08-06 14:17:09.775714+00,MA Slope Caso 3 (15m)
SNDKUSDT,2026-08-06 14:33:21.129075+00,FVG - 15m v2 (filtros minados)
HEMIUSDT,2026-08-06 15:03:53.750282+00,Standard Scalping
FIDAUSDT,2026-08-06 16:16:40.818386+00,FVG - 15m v2 (filtros minados)
BEATUSDT,2026-08-06 16:32:20.296329+00,FVG - 15m v2 (filtros minados)
TUSDT,2026-08-06 16:48:16.620997+00,MA Slope Caso 3 (15m)
BELUSDT,2026-08-06 16:48:23.496628+00,Standard Scalping
SNXXUSDT,2026-08-06 17:03:39.272276+00,FVG - 15m v2 (filtros minados)
AKEUSDT,2026-08-06 17:33:57.669779+00,FVG - 15m v2 (filtros minados)
FHEUSDT,2026-08-06 18:38:08.549525+00,FVG - 15m v2 (filtros minados)
LUMIAUSDT,2026-08-06 19:46:11.384363+00,Standard Scalping
SOXLUSDT,2026-08-06 20:07:31.429362+00,FVG - 15m v2 (filtros minados)
WIFUSDT,2026-08-06 20:22:14.919917+00,MA Slope Caso 2
KOMAUSDT,2026-08-06 20:58:14.291531+00,FVG - 15m v2 (filtros minados)
ARIAUSDT,2026-08-06 21:10:06.310143+00,FVG - 15m v2 (filtros minados)
HEIUSDT,2026-08-06 22:15:15.7984+00,FVG - 15m v2 (filtros minados)
GRVTUSDT,2026-08-06 22:39:54.35778+00,FVG - 15m v2 (filtros minados)
ACEUSDT,2026-08-06 22:55:13.919416+00,Standard Scalping
MMTUSDT,2026-08-06 23:32:03.283854+00,FVG - 15m v2 (filtros minados)
GUNUSDT,2026-08-07 00:08:52.535292+00,FVG - 15m v2 (filtros minados)
USARUSDT,2026-08-07 00:21:22.880995+00,MA Slope Caso 3 (15m)
RESOLVUSDT,2026-08-07 00:32:48.13486+00,FVG - 15m v2 (filtros minados)
GENIUSUSDT,2026-08-07 01:10:48.636724+00,FVG - 15m v2 (filtros minados)
EDENUSDT,2026-08-07 01:35:02.457857+00,MA Slope Caso 3 Pulido
SKYAIUSDT,2026-08-07 02:36:39.445246+00,Arrow Reversal
BTWUSDT,2026-08-07 03:17:39.331798+00,FVG - 15m
APPUSDT,2026-08-07 03:59:31.071778+00,FVG - 15m
PIXELUSDT,2026-08-07 03:59:41.089699+00,Standard Scalping
BTCUSDT,2026-08-07 04:15:50.768228+00,MA Slope Caso 2
BLESSUSDT,2026-08-07 04:30:14.400874+00,FVG - 15m
AIOUSDT,2026-08-07 05:08:11.284365+00,Standard Scalping
GUAUSDT,2026-08-07 05:25:32.346727+00,FVG - 15m
BLUAIUSDT,2026-08-07 05:25:40.834931+00,FVG - 15m v2 (filtros minados)
C98USDT,2026-08-07 05:25:46.585893+00,Standard Scalping
GRVTUSDT,2026-08-07 05:39:58.350192+00,Standard Scalping
ACXUSDT,2026-08-07 06:15:23.036718+00,FVG - 15m v2 (filtros minados)
EULUSDT,2026-08-07 07:05:22.958335+00,FVG - 15m v2 (filtros minados)
CTSIUSDT,2026-08-07 07:18:50.937565+00,FVG - 15m v2 (filtros minados)
NOMUSDT,2026-08-07 07:56:02.184036+00,FVG - 15m
ADAUSDT,2026-08-07 08:33:09.374994+00,MA Slope Caso 3 (15m)
JCTUSDT,2026-08-07 09:46:29.311651+00,FVG - 15m
LITEUSDT,2026-08-07 09:58:02.416502+00,Standard Scalping
KMNOUSDT,2026-08-07 11:10:22.023607+00,Standard Scalping
SPACEUSDT,2026-08-07 12:38:25.634043+00,MA Slope Caso 1
CAPUSDT,2026-08-07 12:50:40.39535+00,Standard Scalping
CARVUSDT,2026-08-07 13:02:39.421947+00,Standard Scalping
ENSUSDT,2026-08-07 13:15:00.176929+00,MA Slope Caso 3 Pulido
INXUSDT,2026-08-07 13:28:14.909584+00,FVG - 15m v2 (filtros minados)
MINIMAXUSDT,2026-08-07 15:06:09.419178+00,FVG - 15m v2 (filtros minados)
XAUUSDT,2026-08-07 15:06:14.824293+00,MA Slope Caso 3 (15m)
CRDOUSDT,2026-08-07 16:02:08.862295+00,Standard Scalping
RECALLUSDT,2026-08-07 16:15:33.206047+00,Standard Scalping
AINUSDT,2026-08-07 17:38:19.415729+00,FVG - 15m
龙虾USDT,2026-08-07 17:51:04.084244+00,FVG - 15m
HEIUSDT,2026-08-07 18:19:13.268338+00,FVG - 15m
MYXUSDT,2026-08-07 18:32:13.702908+00,FVG - 15m v2 (filtros minados)
TRBUSDT,2026-08-07 20:35:35.052871+00,MA Slope Caso 2
PEOPLEUSDT,2026-08-07 20:48:51.420333+00,MA Slope Caso 2
CARVUSDT,2026-08-07 22:23:55.491401+00,Standard Scalping
SHAZUSDT,2026-08-07 22:49:24.253315+00,FVG - 15m v2 (filtros minados)
BSPUSDT,2026-08-07 23:02:49.954202+00,FVG - 15m v2 (filtros minados)
ACEUSDT,2026-08-07 23:30:15.737157+00,FVG - 15m v2 (filtros minados)
KGENUSDT,2026-08-07 23:55:57.59347+00,FVG - 15m v2 (filtros minados)
UBUSDT,2026-08-08 00:22:01.457119+00,FVG - 15m v2 (filtros minados)
BABAUSDT,2026-08-08 01:25:27.075711+00,MA Slope Caso 3 Pulido
PORTALUSDT,2026-08-08 02:43:45.66213+00,FVG - 15m
COTIUSDT,2026-08-08 03:22:13.848272+00,FVG - 15m
COTIUSDT,2026-08-08 03:22:18.205083+00,FVG - 15m v2 (filtros minados)
4USDT,2026-08-08 03:55:14.631816+00,Standard Scalping
DKNGUSDT,2026-08-08 04:08:32.798062+00,MA Slope Caso 3 Pulido
ALLOUSDT,2026-08-08 04:23:15.969583+00,FVG - 15m
ALLOUSDT,2026-08-08 04:23:19.782172+00,FVG - 15m v2 (filtros minados)
CTSIUSDT,2026-08-08 04:35:25.108168+00,Standard Scalping
GRIFFAINUSDT,2026-08-08 04:48:18.211418+00,Standard Scalping
SKYAIUSDT,2026-08-08 06:02:37.961806+00,FVG - 15m
EPICUSDT,2026-08-08 06:02:42.206932+00,FVG - 15m v2 (filtros minados)
REUSDT,2026-08-08 06:14:43.565621+00,FVG - 15m v2 (filtros minados)
SIRENUSDT,2026-08-08 06:40:09.61982+00,FVG - 15m v2 (filtros minados)
XAIUSDT,2026-08-08 07:53:36.222122+00,FVG - 15m
COOKIEUSDT,2026-08-08 08:05:05.977859+00,FVG - 15m
HMSTRUSDT,2026-08-08 08:05:11.678972+00,Standard Scalping
USELESSUSDT,2026-08-08 09:05:59.026971+00,FVG - 15m
C98USDT,2026-08-08 10:18:26.528725+00,FVG - 15m
1000BONKUSDT,2026-08-08 10:29:42.539693+00,FVG - 15m v2 (filtros minados)
HOMEUSDT,2026-08-08 10:53:46.153977+00,FVG - 15m
CRDOUSDT,2026-08-08 11:05:47.886498+00,FVG - 15m
BICOUSDT,2026-08-08 11:18:48.82241+00,FVG - 15m
GUAUSDT,2026-08-08 11:53:50.164771+00,FVG - 15m v2 (filtros minados)
TSTUSDT,2026-08-08 11:53:54.802014+00,Standard Scalping
GRIFFAINUSDT,2026-08-08 12:18:31.764302+00,Standard Scalping
POWERUSDT,2026-08-08 12:18:39.446098+00,Standard Scalping
BSBUSDT,2026-08-08 12:53:38.138438+00,FVG - 15m v2 (filtros minados)
AIOUSDT,2026-08-08 13:41:08.39896+00,FVG - 15m v2 (filtros minados)
ACTUSDT,2026-08-08 13:54:03.374831+00,FVG - 15m v2 (filtros minados)
XAIUSDT,2026-08-08 14:05:39.713813+00,Standard Scalping
COHRUSDT,2026-08-08 14:30:04.807813+00,Arrow Reversal
ONDSUSDT,2026-08-08 14:42:03.755103+00,MA Slope Caso 3 Pulido
GUNUSDT,2026-08-08 15:57:34.293902+00,Standard Scalping
MMTUSDT,2026-08-08 16:22:17.440592+00,FVG - 15m
CARVUSDT,2026-08-08 16:34:04.947872+00,FVG - 15m
NFLXUSDT,2026-08-08 17:46:19.037199+00,MA Slope Caso 3 Pulido
MAGICUSDT,2026-08-08 19:48:55.063132+00,FVG - 15m
NILUSDT,2026-08-08 21:22:47.328833+00,MA Slope Caso 2
PYTHUSDT,2026-08-08 23:16:00.588764+00,Standard Scalping
UBUSDT,2026-08-09 00:27:04.759449+00,FVG - 15m
MAGMAUSDT,2026-08-09 00:27:10.361745+00,Standard Scalping
MORPHOUSDT,2026-08-09 01:23:08.677282+00,MA Slope Caso 3
MORPHOUSDT,2026-08-09 01:23:12.230994+00,MA Slope Caso 3 Pulido
AXTIUSDT,2026-08-09 01:38:07.399024+00,Arrow Reversal
BTRUSDT,2026-08-09 01:38:17.365253+00,Standard Scalping
DUSKUSDT,2026-08-09 01:52:04.160628+00,FVG - 15m
SXTUSDT,2026-08-09 02:18:06.796082+00,FVG - 15m
ZHIPUUSDT,2026-08-09 03:09:35.053409+00,FVG - 15m
ERAUSDT,2026-08-09 03:23:42.948644+00,MA Slope Caso 2
IOTXUSDT,2026-08-09 05:02:25.254339+00,FVG - 15m
STGUSDT,2026-08-09 05:16:12.782321+00,FVG - 15m
PLAYUSDT,2026-08-09 06:42:13.781175+00,Standard Scalping
SNXXUSDT,2026-08-09 07:26:56.188246+00,FVG - 15m
BROCCOLI714USDT,2026-08-09 07:41:17.643436+00,FVG - 15m
ONUSDT,2026-08-09 07:54:51.833662+00,Standard Scalping
B2USDT,2026-08-09 08:23:33.070515+00,FVG - 15m
CTSIUSDT,2026-08-09 08:38:30.70586+00,FVG - 15m
ACEUSDT,2026-08-09 08:52:19.534213+00,FVG - 15m
INXUSDT,2026-08-09 09:06:10.273532+00,FVG - 15m
NILUSDT,2026-08-09 09:21:37.911588+00,FVG - 15m
BILLUSDT,2026-08-09 09:21:44.470271+00,Standard Scalping
龙虾USDT,2026-08-09 09:35:54.239494+00,FVG - 15m
LUMIAUSDT,2026-08-09 10:03:45.777893+00,FVG - 15m
HMSTRUSDT,2026-08-09 11:25:21.390078+00,Standard Scalping
THEUSDT,2026-08-09 11:48:42.284882+00,Standard Scalping
BLESSUSDT,2026-08-09 12:01:23.817953+00,FVG - 15m
CATIUSDT,2026-08-09 12:46:57.699003+00,Standard Scalping
BELUSDT,2026-08-09 13:34:58.654157+00,Standard Scalping
CGPTUSDT,2026-08-09 14:44:40.813223+00,Standard Scalping
DOLOUSDT,2026-08-09 15:19:52.855617+00,MA Slope Caso 3 (15m)
C98USDT,2026-08-09 15:34:09.07208+00,FVG - 15m
INXUSDT,2026-08-09 15:34:18.981508+00,Standard Scalping
CHILLGUYUSDT,2026-08-09 19:48:55.710076+00,Standard Scalping
BBUSDT,2026-08-09 21:36:24.372139+00,Standard Scalping
HANAUSDT,2026-08-10 00:43:49.37483+00,MA Slope Caso 3 (15m)
ESPORTSUSDT,2026-08-10 01:19:22.590226+00,Standard Scalping
HEIUSDT,2026-08-10 03:00:55.237438+00,FVG - 15m
DODOXUSDT,2026-08-10 03:53:03.362552+00,FVG - 15m v3 (anti-racha)
ZESTUSDT,2026-08-10 04:04:16.946856+00,FVG - 15m v3 (anti-racha)
XNYUSDT,2026-08-10 04:15:32.957153+00,FVG - 15m v3 (anti-racha)
SAGAUSDT,2026-08-10 05:40:52.627899+00,FVG - 15m
NILUSDT,2026-08-10 06:04:02.26958+00,FVG - 15m v3 (anti-racha)
MAGMAUSDT,2026-08-10 06:26:39.609703+00,FVG - 15m v3 (anti-racha)
龙虾USDT,2026-08-10 06:38:24.726048+00,Standard Scalping
我踏马来了USDT,2026-08-10 07:49:28.386844+00,Standard Scalping
BEATUSDT,2026-08-10 09:49:00.097+00,FVG - 15m v3 (anti-racha)
BICOUSDT,2026-08-10 10:00:50.310513+00,FVG - 15m v3 (anti-racha)
ETHUSDT,2026-08-10 10:13:39.120187+00,MA Slope Caso 3
我踏马来了USDT,2026-08-10 11:00:04.006984+00,Standard Scalping
FHEUSDT,2026-08-10 12:00:29.379707+00,FVG - 15m
THEUSDT,2026-08-10 12:24:05.063013+00,FVG - 15m
USELESSUSDT,2026-08-10 12:36:54.728474+00,Standard Scalping
1000CATUSDT,2026-08-10 12:48:16.843785+00,FVG - 15m v3 (anti-racha)
SKYAIUSDT,2026-08-10 13:24:06.157068+00,FVG - 15m v3 (anti-racha)
MVLLUSDT,2026-08-10 13:24:10.542907+00,Standard Scalping
ESPUSDT,2026-08-10 13:37:05.992817+00,FVG - 15m v3 (anti-racha)
SOXSUSDT,2026-08-10 13:49:00.261224+00,Standard Scalping
ROBOUSDT,2026-08-10 14:01:43.792152+00,Standard Scalping
LIGHTUSDT,2026-08-10 15:27:56.243546+00,Standard Scalping
CATIUSDT,2026-08-10 15:41:09.754387+00,FVG - 15m v3 (anti-racha)
SOLVUSDT,2026-08-10 17:29:26.718657+00,FVG - 15m
BSPUSDT,2026-08-10 17:29:38.341764+00,Standard Scalping
GUAUSDT,2026-08-10 17:42:08.870855+00,FVG - 15m
GUAUSDT,2026-08-10 17:42:12.189939+00,FVG - 15m v3 (anti-racha)
CRWDUSDT,2026-08-10 18:09:30.239754+00,MA Slope Caso 3 (15m)
JOEUSDT,2026-08-10 19:32:59.674097+00,FVG - 15m v3 (anti-racha)
XANUSDT,2026-08-10 20:11:50.74768+00,FVG - 15m v3 (anti-racha)
ACEUSDT,2026-08-10 20:26:20.889487+00,FVG - 15m v3 (anti-racha)
ACTUSDT,2026-08-10 20:26:25.573198+00,Standard Scalping
AKEUSDT,2026-08-10 21:19:41.811442+00,Standard Scalping
VELODROMEUSDT,2026-08-10 23:03:28.987494+00,FVG - 15m
VELODROMEUSDT,2026-08-10 23:03:33.585532+00,FVG - 15m v3 (anti-racha)
ZHIPUUSDT,2026-08-11 00:58:45.198879+00,MA Slope Caso 3
BROCCOLIF3BUSDT,2026-08-11 03:02:51.393339+00,FVG - 15m
BULLAUSDT,2026-08-11 03:10:59.655267+00,FVG - 15m v3 (anti-racha)
C98USDT,2026-08-11 03:33:35.450517+00,FVG - 15m
COHRUSDT,2026-08-11 03:56:13.383722+00,FVG - 15m v3 (anti-racha)
MERLUSDT,2026-08-11 04:59:12.567039+00,Standard Scalping
FORMUSDT,2026-08-11 05:55:34.059488+00,FVG - 15m
HMSTRUSDT,2026-08-11 06:04:17.164077+00,FVG - 15m
BSPUSDT,2026-08-11 06:14:09.595131+00,FVG - 15m
BANKUSDT,2026-08-11 07:25:34.773511+00,FVG - 15m
GENIUSUSDT,2026-08-11 15:11:48.759514+00,MA Slope Caso 3
CGPTUSDT,2026-08-11 15:55:25.966816+00,FVG - 15m
BMTUSDT,2026-08-11 16:32:59.920034+00,Level Sweep 1H (laboratorio)
GWEIUSDT,2026-08-11 16:42:14.611659+00,Level Sweep 1H (laboratorio)
SAMSUNGUSDT,2026-08-11 16:50:26.430368+00,Level Sweep 1H (laboratorio)
MUBARAKUSDT,2026-08-11 17:06:56.005223+00,FVG - 15m
TRXUSDT,2026-08-11 17:18:19.078519+00,MA Slope Caso 3
DODOXUSDT,2026-08-11 17:30:18.095264+00,FVG - 15m
GIGGLEUSDT,2026-08-11 18:09:37.892646+00,Level Sweep 1H (laboratorio)
AVAXUSDT,2026-08-11 23:58:25.398052+00,Death Cross (SMA50/200 4h)
DOTUSDT,2026-08-12 00:11:20.521983+00,Death Cross (SMA50/200 4h)
PRLUSDT,2026-08-12 00:34:20.76652+00,Level Sweep 1H (laboratorio)
PROMUSDT,2026-08-12 03:05:30.792538+00,Band Touch 15m (laboratorio)
CAPUSDT,2026-08-12 03:06:12.362022+00,Level Sweep 60m SL1.5 RR3 (laboratorio)
CSOPSKHYNIX2LUSDT,2026-08-12 03:28:45.663336+00,Band Touch 15m (laboratorio)
DOTUSDT,2026-08-12 03:29:01.498623+00,Death Cross (SMA50/200 4h)
HOLOUSDT,2026-08-12 03:29:56.512975+00,Level Sweep 60m SL1.5 RR3 (laboratorio)
EDUUSDT,2026-08-12 03:50:57.791629+00,Band Touch 15m (laboratorio)
4USDT,2026-08-12 03:51:45.604929+00,Level Sweep 60m SL1.5 RR3 (laboratorio)
REUSDT,2026-08-12 04:15:49.7193+00,Band Touch 15m (laboratorio)
NILUSDT,2026-08-12 05:25:24.184205+00,FVG - 15m
SIRENUSDT,2026-08-12 05:41:31.929739+00,FVG - 15m
TUTUSDT,2026-08-12 07:19:12.510901+00,FVG - 15m
MUBARAKUSDT,2026-08-12 15:11:32.508888+00,FVG - 15m
龙虾USDT,2026-08-12 15:26:12.326485+00,FVG - 15m
BEATUSDT,2026-08-12 16:13:59.484826+00,FVG - 15m
HEIUSDT,2026-08-12 16:22:33.61121+00,FVG - 15m
BMTUSDT,2026-08-12 19:11:52.148779+00,Band Touch 15m (laboratorio)
RVNUSDT,2026-08-12 19:37:47.657904+00,FVG - 15m
BLUAIUSDT,2026-08-12 20:03:13.314088+00,FVG - 15m
EULUSDT,2026-08-12 20:13:39.112219+00,Death Cross (SMA50/200 4h)
KORUUSDT,2026-08-12 21:54:41.435411+00,Level Sweep 1H (laboratorio)
BTRUSDT,2026-08-12 23:47:44.999962+00,FVG - 15m
MYXUSDT,2026-08-12 23:57:56.089659+00,Death Cross (SMA50/200 4h)
COOKIEUSDT,2026-08-12 23:58:01.049784+00,FVG - 15m
