Symbol,OpenedAt,ClosedAt,Name,Side
HBARUSDT,2026-07-05 00:02:18.772969+00,2026-07-05 00:25:13.227287+00,MA Cross Momentum,0
ONGUSDT,2026-07-05 00:07:16.39909+00,2026-07-05 00:15:16.353368+00,MA Cross Momentum,0
REUSDT,2026-07-05 01:39:16.512087+00,2026-07-05 01:48:58.565516+00,Standard Scalping,0
REUSDT,2026-07-05 01:39:23.60491+00,2026-07-05 06:43:59.40741+00,Scalping Clone,0
REUSDT,2026-07-05 01:39:44.655361+00,2026-07-05 01:48:58.589713+00,MA Clone,0
REUSDT,2026-07-05 01:39:49.947555+00,2026-07-05 01:48:58.607521+00,MA Cross Momentum,0
HOODUSDT,2026-07-05 01:49:29.622794+00,2026-07-05 18:55:30.473432+00,LSE Counter-Trend ,0
ALLOUSDT,2026-07-05 02:09:34.457588+00,2026-07-05 02:39:26.488215+00,Standard Scalping,0
ALLOUSDT,2026-07-05 02:09:45.890794+00,2026-07-05 07:23:40.755829+00,MA Clone,0
ALLOUSDT,2026-07-05 02:09:53.602801+00,2026-07-05 07:14:00.411206+00,MA Cross Momentum,0
CROSSUSDT,2026-07-05 03:07:08.960348+00,2026-07-05 16:50:25.053108+00,MA Cross Momentum,0
龙虾USDT,2026-07-05 03:40:07.1892+00,2026-07-05 10:24:33.77439+00,Standard Scalping,0
龙虾USDT,2026-07-05 03:40:11.207511+00,2026-07-05 09:34:49.09417+00,Scalping Clone,0
龙虾USDT,2026-07-05 03:40:24.808053+00,2026-07-05 09:25:01.989328+00,MA Clone,0
龙虾USDT,2026-07-05 03:40:31.064323+00,2026-07-05 10:05:03.109534+00,MA Cross Momentum,0
TAGUSDT,2026-07-05 04:24:42.219983+00,2026-07-05 08:28:45.238273+00,Standard Scalping,0
TAGUSDT,2026-07-05 04:24:47.904275+00,2026-07-05 08:33:54.073638+00,Scalping Clone,0
AIGENSYNUSDT,2026-07-05 04:44:48.250878+00,2026-07-05 17:05:22.536007+00,LSE Counter-Trend ,0
AGTUSDT,2026-07-05 05:50:55.429936+00,2026-07-05 10:14:58.224289+00,LSE Counter-Trend ,0
HUSDT,2026-07-05 08:35:54.454213+00,2026-07-05 15:40:34.82748+00,MA Clone,1
ARPAUSDT,2026-07-05 10:22:12.148547+00,2026-07-05 13:45:39.687337+00,MA Clone,1
2ZUSDT,2026-07-05 10:29:28.323769+00,2026-07-05 10:36:25.034155+00,MA Cross Momentum,0
SCRTUSDT,2026-07-05 12:37:22.352192+00,2026-07-06 02:36:18.792323+00,Standard Scalping,0
SCRTUSDT,2026-07-05 12:37:28.762676+00,2026-07-06 02:21:31.085916+00,Scalping Clone,0
SCRTUSDT,2026-07-05 12:37:38.523151+00,2026-07-06 03:21:07.71749+00,MA Cross Momentum,0
PYTHUSDT,2026-07-05 13:14:42.428131+00,2026-07-05 14:12:49.860851+00,MA Cross Momentum,0
我踏马来了USDT,2026-07-05 13:22:06.482742+00,2026-07-05 14:28:19.675521+00,Standard Scalping,0
我踏马来了USDT,2026-07-05 13:22:09.824217+00,2026-07-05 13:40:03.677397+00,Scalping Clone,0
PTBUSDT,2026-07-05 13:32:11.773874+00,2026-07-05 15:05:12.721666+00,LSE Counter-Trend ,0
ACTUSDT,2026-07-05 13:38:17.010542+00,2026-07-05 18:51:05.25818+00,Scalping Clone,0
OPNUSDT,2026-07-05 13:40:07.05889+00,2026-07-05 15:46:01.257513+00,Scalping Clone,0
BELUSDT,2026-07-05 14:22:02.870794+00,2026-07-05 17:12:21.350062+00,MA Clone,0
POWERUSDT,2026-07-05 14:22:11.189357+00,2026-07-06 00:24:57.905317+00,MA Cross Momentum,0
BREVUSDT,2026-07-05 15:09:54.103718+00,2026-07-06 00:04:47.309595+00,LSE Counter-Trend ,0
JCTUSDT,2026-07-05 15:34:19.575787+00,2026-07-06 04:17:32.595339+00,Standard Scalping,0
HOTUSDT,2026-07-05 15:52:42.749851+00,2026-07-05 22:59:12.989534+00,Scalping Clone,0
HOTUSDT,2026-07-05 15:52:55.79404+00,2026-07-05 17:34:20.185829+00,MA Clone,0
CATIUSDT,2026-07-05 17:38:04.280102+00,2026-07-05 18:22:43.19764+00,MA Clone,1
4USDT,2026-07-05 18:37:58.207164+00,2026-07-06 00:25:09.28058+00,MA Cross Momentum,0
NEIROUSDT,2026-07-05 19:12:30.286116+00,2026-07-06 00:35:03.573244+00,Scalping Clone,0
NEIROUSDT,2026-07-05 19:12:46.198193+00,2026-07-05 19:45:47.876942+00,MA Clone,0
KITEUSDT,2026-07-05 23:21:12.01974+00,2026-07-06 02:16:00.784136+00,Standard Scalping,0
KITEUSDT,2026-07-05 23:21:15.42932+00,2026-07-06 05:37:45.641282+00,Scalping Clone,0
B2USDT,2026-07-05 23:36:08.238759+00,2026-07-06 01:11:54.436937+00,MA Clone,1
CHILLGUYUSDT,2026-07-06 00:54:25.805272+00,2026-07-06 11:11:34.903446+00,Scalping Clone,0
CHILLGUYUSDT,2026-07-06 00:54:38.011125+00,2026-07-06 11:11:42.826035+00,MA Cross Momentum,0
POWERUSDT,2026-07-06 03:38:35.61055+00,2026-07-06 05:47:44.342192+00,MA Clone,1
BROCCOLIUSDT,2026-07-06 03:59:34.098028+00,2026-07-06 16:13:57.786431+00,MA Clone,1
HMSTRUSDT,2026-07-06 04:11:51.966807+00,2026-07-06 05:20:16.442765+00,Standard Scalping,0
HMSTRUSDT,2026-07-06 04:11:59.290915+00,2026-07-06 07:07:06.625108+00,Scalping Clone,0
HMSTRUSDT,2026-07-06 04:12:11.377395+00,2026-07-06 06:03:06.130724+00,LSE Counter-Trend ,0
ARPAUSDT,2026-07-06 04:39:39.531002+00,2026-07-06 07:18:29.922357+00,MA Clone,1
FOLKSUSDT,2026-07-06 04:44:17.941155+00,2026-07-06 05:31:36.743454+00,LSE Counter-Trend ,0
NOMUSDT,2026-07-06 06:55:03.610396+00,2026-07-06 10:15:53.333886+00,MA Clone,1
DEEPUSDT,2026-07-06 07:47:40.70836+00,2026-07-06 08:37:10.807379+00,MA Cross Momentum,0
AGTUSDT,2026-07-06 07:49:52.758471+00,2026-07-06 08:21:35.961898+00,Standard Scalping,0
AGTUSDT,2026-07-06 07:49:56.059224+00,2026-07-06 08:26:25.378249+00,Scalping Clone,0
AGTUSDT,2026-07-06 07:50:08.236861+00,2026-07-06 08:26:21.501622+00,MA Cross Momentum,0
IDUSDT,2026-07-06 08:14:33.253825+00,2026-07-06 14:58:03.485642+00,Standard Scalping,0
IDUSDT,2026-07-06 08:14:58.301312+00,2026-07-06 13:16:42.968738+00,MA Clone,0
NEARUSDT,2026-07-06 09:02:25.252525+00,2026-07-06 13:06:44.929474+00,LSE Counter-Trend ,0
MAGMAUSDT,2026-07-06 09:19:33.533185+00,2026-07-06 11:01:42.661323+00,LSE Counter-Trend ,0
SCRTUSDT,2026-07-06 09:52:50.674556+00,2026-07-06 11:18:15.41209+00,Standard Scalping,0
SCRTUSDT,2026-07-06 09:53:21.88455+00,2026-07-06 13:36:54.69543+00,MA Cross Momentum,0
AAVEUSDT,2026-07-06 10:10:19.053927+00,2026-07-06 12:03:33.749048+00,Standard Scalping,0
AAVEUSDT,2026-07-06 10:10:22.436683+00,2026-07-06 15:46:55.060653+00,Scalping Clone,0
AIGENSYNUSDT,2026-07-06 10:20:43.301305+00,2026-07-06 13:52:20.269352+00,MA Clone,1
MONUSDT,2026-07-06 10:53:41.065952+00,2026-07-06 12:21:03.553968+00,MA Cross Momentum,0
ALABUSDT,2026-07-06 13:44:28.599305+00,2026-07-06 17:32:05.831657+00,Standard Scalping,0
ALABUSDT,2026-07-06 13:44:32.063423+00,2026-07-06 18:15:02.115334+00,Scalping Clone,0
CRWDUSDT,2026-07-06 13:44:43.497831+00,2026-07-06 17:59:59.323548+00,Scalping Clone,0
ALABUSDT,2026-07-06 13:45:04.344935+00,2026-07-06 17:31:22.381074+00,MA Clone,0
ALABUSDT,2026-07-06 13:45:11.065152+00,2026-07-06 17:31:22.406619+00,MA Cross Momentum,0
MOVRUSDT,2026-07-06 13:54:38.278187+00,2026-07-06 21:58:39.978958+00,Standard Scalping,0
MOVRUSDT,2026-07-06 13:54:46.037541+00,2026-07-07 14:21:41.264586+00,LSE Counter-Trend ,0
MOVRUSDT,2026-07-06 13:54:54.175316+00,2026-07-07 13:56:57.634497+00,MA Clone,0
MOVRUSDT,2026-07-06 13:54:59.798543+00,2026-07-07 11:36:48.065296+00,MA Cross Momentum,0
PLAYUSDT,2026-07-06 14:56:10.74611+00,2026-07-06 19:05:01.005762+00,LSE Counter-Trend ,0
PLAYUSDT,2026-07-06 14:56:18.353127+00,2026-07-06 21:05:38.615881+00,MA Cross Momentum,0
DYDXUSDT,2026-07-06 16:16:29.853921+00,2026-07-06 20:55:49.392806+00,LSE Counter-Trend ,0
XNYUSDT,2026-07-06 16:21:28.847968+00,2026-07-06 20:51:12.361072+00,Standard Scalping,0
XNYUSDT,2026-07-06 16:21:32.329044+00,2026-07-07 04:53:08.676937+00,Scalping Clone,0
ALABUSDT,2026-07-06 17:33:53.985988+00,2026-07-07 01:11:32.435463+00,MA Cross Momentum,0
API3USDT,2026-07-06 17:59:24.380749+00,2026-07-06 18:48:57.491279+00,MA Clone,0
RIFUSDT,2026-07-06 18:29:52.869311+00,2026-07-06 23:51:02.889156+00,MA Clone,0
ANIMEUSDT,2026-07-06 19:34:52.842561+00,2026-07-07 01:45:28.468816+00,MA Clone,0
BLUAIUSDT,2026-07-06 19:49:56.024893+00,2026-07-06 20:27:41.871884+00,LSE Counter-Trend ,0
1000RATSUSDT,2026-07-06 20:39:55.251695+00,2026-07-06 21:54:44.073211+00,Standard Scalping,0
1000RATSUSDT,2026-07-06 20:39:59.11128+00,2026-07-06 23:33:55.257561+00,Scalping Clone,0
XANUSDT,2026-07-06 20:40:09.714376+00,2026-07-06 23:12:58.77727+00,Scalping Clone,0
BRETTUSDT,2026-07-06 21:12:55.529909+00,2026-07-06 21:38:08.153892+00,Standard Scalping,0
KORUUSDT,2026-07-06 23:28:03.344053+00,2026-07-07 00:11:35.15818+00,LSE Counter-Trend ,0
PHAROSUSDT,2026-07-07 00:10:29.610409+00,2026-07-07 00:17:15.184638+00,Standard Scalping,0
PHAROSUSDT,2026-07-07 00:10:33.382413+00,2026-07-07 03:16:54.95983+00,Scalping Clone,0
MIRAUSDT,2026-07-07 00:10:43.921568+00,2026-07-07 00:52:20.650445+00,Scalping Clone,0
STOUSDT,2026-07-07 00:23:36.47714+00,2026-07-07 01:29:28.431307+00,Standard Scalping,0
STOUSDT,2026-07-07 00:23:48.688953+00,2026-07-07 01:29:36.224147+00,MA Cross Momentum,0
SKRUSDT,2026-07-07 00:38:45.548748+00,2026-07-07 06:48:26.417536+00,Standard Scalping,0
BEUSDT,2026-07-07 03:49:20.817392+00,2026-07-07 09:24:36.814468+00,LSE Counter-Trend ,0
FOGOUSDT,2026-07-07 04:12:36.782931+00,2026-07-07 06:38:12.841689+00,LSE Counter-Trend ,0
VICUSDT,2026-07-07 05:05:29.141417+00,2026-07-07 05:28:18.516243+00,Standard Scalping,0
VICUSDT,2026-07-07 05:05:33.003147+00,2026-07-07 06:47:06.105628+00,Scalping Clone,0
RAVEUSDT,2026-07-07 05:40:03.644029+00,2026-07-07 11:36:59.286732+00,Standard Scalping,0
RAVEUSDT,2026-07-07 05:40:13.815848+00,2026-07-07 12:41:50.873693+00,MA Cross Momentum,0
SENTUSDT,2026-07-07 06:47:53.568541+00,2026-07-07 11:34:36.26323+00,MA Cross Momentum,0
AXTIUSDT,2026-07-07 06:50:57.480628+00,2026-07-07 11:16:45.008124+00,LSE Counter-Trend ,0
REUSDT,2026-07-07 08:54:33.951111+00,2026-07-07 17:06:48.290067+00,MA Clone,0
ICNTUSDT,2026-07-07 09:34:29.642536+00,2026-07-07 15:36:35.299653+00,MA Clone,0
PYTHUSDT,2026-07-07 10:29:03.128767+00,2026-07-07 13:35:26.805854+00,Standard Scalping,0
PYTHUSDT,2026-07-07 10:29:06.577526+00,2026-07-07 14:36:41.124791+00,Scalping Clone,0
MINAUSDT,2026-07-07 10:33:20.173592+00,2026-07-07 10:41:40.008671+00,Standard Scalping,0
MINAUSDT,2026-07-07 10:33:23.644263+00,2026-07-07 13:58:15.711462+00,Scalping Clone,0
DEXEUSDT,2026-07-07 11:58:26.641126+00,2026-07-07 12:25:18.9122+00,Standard Scalping,0
DEXEUSDT,2026-07-07 11:58:30.36068+00,2026-07-07 12:36:46.584934+00,Scalping Clone,0
DEXEUSDT,2026-07-07 11:58:40.816633+00,2026-07-07 12:25:37.6244+00,MA Cross Momentum,0
SIGNUSDT,2026-07-07 12:39:16.343614+00,2026-07-07 13:21:33.028617+00,Standard Scalping,0
SIGNUSDT,2026-07-07 12:39:19.632308+00,2026-07-07 16:56:56.902168+00,Scalping Clone,0
SIGNUSDT,2026-07-07 12:39:34.531861+00,2026-07-07 13:23:11.997144+00,MA Cross Momentum,0
BSPUSDT,2026-07-07 13:34:50.800577+00,2026-07-07 15:31:15.094518+00,Standard Scalping,0
BSPUSDT,2026-07-07 13:34:59.400993+00,2026-07-07 15:31:55.409466+00,MA Cross Momentum,0
BLUAIUSDT,2026-07-07 14:39:34.49164+00,2026-07-07 15:08:39.603395+00,Standard Scalping,0
BLUAIUSDT,2026-07-07 14:39:42.802763+00,2026-07-07 20:52:28.722658+00,Scalping Clone,0
CATIUSDT,2026-07-07 14:40:00.670852+00,2026-07-09 17:07:40.503034+00,MA Clone,1
BLUAIUSDT,2026-07-07 14:40:07.875964+00,2026-07-07 15:08:44.105364+00,MA Cross Momentum,0
ESPORTSUSDT,2026-07-07 15:38:52.192499+00,2026-07-07 17:32:26.344952+00,MA Clone,1
PIEVERSEUSDT,2026-07-07 16:35:05.614474+00,2026-07-07 21:17:02.028642+00,LSE Counter-Trend ,0
MMTUSDT,2026-07-07 17:53:44.068948+00,2026-07-09 15:31:52.027235+00,LSE Counter-Trend ,0
TRUMPUSDT,2026-07-07 18:34:19.481728+00,2026-07-08 01:26:54.224703+00,LSE Counter-Trend ,0
GWEIUSDT,2026-07-07 19:24:19.876876+00,2026-07-07 19:31:59.592932+00,MA Clone,1
TERUSDT,2026-07-07 20:11:02.253012+00,2026-07-07 23:42:49.345761+00,Standard Scalping,0
TERUSDT,2026-07-07 20:11:05.965911+00,2026-07-08 00:12:10.861147+00,Scalping Clone,0
TERUSDT,2026-07-07 20:11:18.726586+00,2026-07-07 23:49:53.963864+00,MA Clone,0
TERUSDT,2026-07-07 20:11:24.3233+00,2026-07-08 06:07:59.818823+00,MA Cross Momentum,0
PIPPINUSDT,2026-07-07 20:24:35.868775+00,2026-07-08 01:13:50.170194+00,MA Clone,1
OUSDT,2026-07-07 23:29:18.679945+00,2026-07-08 04:57:43.494778+00,LSE Counter-Trend ,0
MORPHOUSDT,2026-07-08 02:59:37.271792+00,2026-07-09 02:58:04.443575+00,LSE Counter-Trend ,0
MOVEUSDT,2026-07-08 03:05:41.486764+00,2026-07-10 02:16:01.001546+00,MA Clone,1
4USDT,2026-07-08 05:10:46.001647+00,2026-07-08 06:55:47.54137+00,MA Clone,1
OUSDT,2026-07-08 05:44:51.294308+00,2026-07-08 07:00:16.505848+00,LSE Counter-Trend ,0
VANRYUSDT,2026-07-08 07:10:19.129966+00,2026-07-08 09:39:23.491759+00,Standard Scalping,0
KMNOUSDT,2026-07-08 07:37:30.441648+00,2026-07-08 09:22:23.993952+00,MA Cross Momentum,0
GWEIUSDT,2026-07-08 08:54:28.28202+00,2026-07-08 08:54:55.63034+00,MA Clone,1
GWEIUSDT,2026-07-08 08:59:37.549502+00,2026-07-08 08:59:58.996762+00,MA Clone,1
GWEIUSDT,2026-07-08 09:04:21.983479+00,2026-07-08 09:07:54.567356+00,MA Clone,1
GWEIUSDT,2026-07-08 09:15:07.797672+00,2026-07-08 09:17:57.547675+00,MA Clone,1
GWEIUSDT,2026-07-08 09:19:46.119015+00,2026-07-08 09:19:56.430661+00,MA Clone,1
SPELLUSDT,2026-07-08 09:54:28.930106+00,2026-07-08 10:07:25.825277+00,MA Clone,1
AMATUSDT,2026-07-08 10:49:23.112807+00,2026-07-08 14:27:29.252701+00,LSE Counter-Trend ,0
POWERUSDT,2026-07-08 11:10:23.245039+00,2026-07-08 15:35:20.960353+00,Standard Scalping,0
POWERUSDT,2026-07-08 11:10:33.264436+00,2026-07-08 15:36:01.655925+00,MA Clone,0
SYNUSDT,2026-07-08 11:40:48.445293+00,2026-07-08 13:09:51.637593+00,Standard Scalping,0
UAIUSDT,2026-07-08 14:11:39.019689+00,2026-07-08 15:23:23.030648+00,Standard Scalping,0
PLAYUSDT,2026-07-08 15:14:05.41753+00,2026-07-08 23:28:00.723051+00,LSE Counter-Trend ,0
XPLUSDT,2026-07-08 15:40:01.870579+00,2026-07-08 20:52:59.295051+00,MA Clone,1
TAKEUSDT,2026-07-08 16:11:04.707544+00,2026-07-08 16:15:37.492251+00,Standard Scalping,0
TAKEUSDT,2026-07-08 16:11:10.676895+00,2026-07-08 20:58:02.331271+00,Scalping Clone,0
ALLOUSDT,2026-07-08 16:11:24.036891+00,2026-07-08 16:36:46.143435+00,MA Cross Momentum,0
CRWVUSDT,2026-07-08 18:17:20.645202+00,2026-07-10 18:50:02.184823+00,MA Cross Momentum,0
SKHYNIXUSDT,2026-07-09 00:00:01.214721+00,2026-07-09 01:53:32.841012+00,Standard Scalping,0
SKHYNIXUSDT,2026-07-09 00:00:05.923377+00,2026-07-09 02:02:14.353182+00,Scalping Clone,0
BABAUSDT,2026-07-09 01:39:35.35691+00,2026-07-09 01:44:13.369082+00,Standard Scalping,0
BABAUSDT,2026-07-09 01:39:39.186214+00,2026-07-09 05:19:09.24892+00,Scalping Clone,0
ONGUSDT,2026-07-09 01:39:48.422914+00,2026-07-09 15:16:02.217401+00,LSE Counter-Trend ,0
VVVUSDT,2026-07-09 03:34:47.3048+00,2026-07-10 07:16:01.317962+00,LSE Counter-Trend ,0
TAGUSDT,2026-07-09 03:49:30.142521+00,2026-07-09 15:06:23.635292+00,Scalping Clone,1
TAGUSDT,2026-07-09 03:49:37.639548+00,2026-07-09 14:59:09.583425+00,Standard Scalping,1
TAGUSDT,2026-07-09 03:54:33.664938+00,2026-07-09 15:21:05.325384+00,MA Clone,1
JCTUSDT,2026-07-09 04:20:31.574948+00,2026-07-09 16:58:01.741293+00,MA Cross Momentum,0
JCTUSDT,2026-07-09 04:20:41.763249+00,2026-07-09 15:36:37.23963+00,Scalping Clone,0
JCTUSDT,2026-07-09 04:20:47.304381+00,2026-07-09 15:51:23.818389+00,Standard Scalping,0
HMSTRUSDT,2026-07-09 05:35:28.049478+00,2026-07-09 15:07:02.421093+00,Scalping Clone,1
HMSTRUSDT,2026-07-09 05:35:41.039386+00,2026-07-09 14:57:23.773628+00,Standard Scalping,1
PEOPLEUSDT,2026-07-09 05:39:25.761996+00,2026-07-09 05:41:49.417121+00,MA Cross Momentum,0
HPEUSDT,2026-07-09 15:35:44.676432+00,2026-07-10 13:50:10.54405+00,Standard Scalping,0
DOLOUSDT,2026-07-09 16:12:34.48513+00,2026-07-09 16:25:39.689703+00,Standard Scalping,0
DOLOUSDT,2026-07-09 16:27:36.105848+00,2026-07-09 21:31:17.370818+00,Standard Scalping,0
TUTUSDT,2026-07-09 16:52:34.687376+00,2026-07-09 19:11:52.940259+00,Standard Scalping,0
SIRENUSDT,2026-07-09 19:01:22.99178+00,2026-07-10 03:40:17.22133+00,LSE Counter-Trend ,0
ONUSDT,2026-07-09 19:03:30.661133+00,2026-07-10 21:13:04.39131+00,Scalping Clone,0
FIGHTUSDT,2026-07-09 19:41:41.939746+00,2026-07-09 22:30:25.995131+00,Standard Scalping,0
VIRTUALUSDT,2026-07-09 21:02:57.913907+00,2026-07-10 07:04:57.225918+00,LSE Counter-Trend ,0
BANANAS31USDT,2026-07-09 21:09:21.141249+00,2026-07-10 03:31:46.183579+00,Scalping Clone,0
STBLUSDT,2026-07-09 22:16:49.878471+00,2026-07-10 09:08:20.752767+00,Scalping Clone,0
RVNUSDT,2026-07-09 22:30:08.342122+00,2026-07-10 06:03:35.145745+00,Standard Scalping,0
ONUSDT,2026-07-09 23:15:51.298671+00,2026-07-09 23:26:11.165252+00,Standard Scalping,0
POWERUSDT,2026-07-10 01:43:24.819611+00,2026-07-10 05:14:22.954684+00,MA Clone,0
POWERUSDT,2026-07-10 01:43:30.16777+00,2026-07-10 05:14:52.901621+00,MA Cross Momentum,0
POWERUSDT,2026-07-10 01:43:42.235663+00,2026-07-10 05:06:23.436682+00,Standard Scalping,0
SLXUSDT,2026-07-10 02:15:43.495824+00,2026-07-10 07:23:27.589212+00,MA Cross Momentum,0
KATUSDT,2026-07-10 06:13:46.857694+00,2026-07-10 06:43:34.176909+00,MA Clone,0
KATUSDT,2026-07-10 06:13:52.694466+00,2026-07-10 06:43:46.000639+00,Scalping Clone,0
KATUSDT,2026-07-10 06:13:58.51005+00,2026-07-10 06:28:26.189953+00,Standard Scalping,0
BANANAUSDT,2026-07-10 07:15:33.056067+00,2026-07-12 07:15:57.948935+00,LSE Counter-Trend ,0
POPCATUSDT,2026-07-10 07:46:02.257443+00,2026-07-10 17:56:53.333443+00,LSE Counter-Trend ,0
NAORISUSDT,2026-07-10 07:46:15.733576+00,2026-07-10 20:01:17.847574+00,MA Clone,0
NAORISUSDT,2026-07-10 07:46:23.983712+00,2026-07-11 04:38:30.589084+00,Scalping Clone,0
NAORISUSDT,2026-07-10 07:46:29.059814+00,2026-07-11 04:33:33.262706+00,Standard Scalping,0
BERAUSDT,2026-07-10 08:02:14.484186+00,2026-07-10 14:10:03.070867+00,LSE Counter-Trend ,0
KGENUSDT,2026-07-10 08:29:45.101114+00,2026-07-10 13:54:00.581282+00,MA Clone,0
KGENUSDT,2026-07-10 08:29:50.119168+00,2026-07-10 11:42:45.505067+00,MA Cross Momentum,0
MUSDT,2026-07-10 09:34:07.594838+00,2026-07-10 11:03:05.620648+00,MA Cross Momentum,0
MUSDT,2026-07-10 09:34:17.340241+00,2026-07-10 12:55:38.201692+00,Scalping Clone,0
MUSDT,2026-07-10 09:34:22.433019+00,2026-07-10 11:03:05.640632+00,Standard Scalping,0
SEIUSDT,2026-07-10 11:29:15.291929+00,2026-07-10 11:34:14.993964+00,MA Clone,0
UNIUSDT,2026-07-10 11:54:48.294033+00,2026-07-10 14:33:16.14385+00,MA Clone,0
龙虾USDT,2026-07-10 12:20:01.127014+00,2026-07-10 18:17:32.484015+00,Standard Scalping,0
SYRUPUSDT,2026-07-10 14:28:08.298389+00,2026-07-12 14:31:48.576972+00,Standard Scalping,0
GRASSUSDT,2026-07-10 14:36:18.465223+00,2026-07-12 14:44:11.364035+00,LSE Counter-Trend ,0
RVNUSDT,2026-07-10 15:57:46.435711+00,2026-07-10 16:45:01.777124+00,MA Clone,0
RVNUSDT,2026-07-10 15:57:51.613139+00,2026-07-10 16:45:01.798445+00,MA Cross Momentum,0
RVNUSDT,2026-07-10 15:58:02.647708+00,2026-07-10 20:02:01.354204+00,Scalping Clone,0
B2USDT,2026-07-10 16:25:31.326404+00,2026-07-12 00:07:11.190408+00,MA Clone,0
B2USDT,2026-07-10 16:25:38.344699+00,2026-07-11 19:43:04.250863+00,MA Cross Momentum,0
MOVEUSDT,2026-07-10 18:06:45.91041+00,2026-07-11 19:04:08.635831+00,LSE Counter-Trend ,0
XANUSDT,2026-07-10 18:33:14.933805+00,2026-07-11 14:08:04.683878+00,MA Cross Momentum,0
CTRUSDT,2026-07-10 21:02:29.172981+00,2026-07-10 21:48:21.351934+00,MA Cross Momentum,0
CTRUSDT,2026-07-10 21:02:41.527357+00,2026-07-10 21:48:21.367607+00,Standard Scalping,0
APRUSDT,2026-07-10 23:00:58.402465+00,2026-07-11 01:51:42.001066+00,Standard Scalping,0
MONUSDT,2026-07-10 23:44:01.560947+00,2026-07-12 23:46:07.027276+00,Arrow Reversal,1
BLESSUSDT,2026-07-10 23:54:12.871441+00,2026-07-11 02:32:35.52459+00,MA Cross Momentum,0
BLESSUSDT,2026-07-10 23:54:24.497663+00,2026-07-11 02:39:20.133527+00,Scalping Clone,0
ALLOUSDT,2026-07-11 02:06:30.556229+00,2026-07-11 14:05:08.144453+00,MA Slope Caso 1,0
CBRSUSDT,2026-07-11 02:06:37.54717+00,2026-07-13 02:14:11.2423+00,MA Slope Caso 3,1
STGUSDT,2026-07-11 02:15:12.765445+00,2026-07-11 16:37:22.505748+00,MA Slope Caso 1,0
NVDAUSDT,2026-07-11 02:15:20.507637+00,2026-07-13 02:22:07.050117+00,MA Slope Caso 3,1
ADAUSDT,2026-07-11 02:23:01.605496+00,2026-07-12 00:10:12.297895+00,MA Slope Caso 1,0
TAKEUSDT,2026-07-11 02:23:08.879958+00,2026-07-11 03:52:42.922727+00,MA Slope Caso 2,0
EWYUSDT,2026-07-11 02:23:17.930312+00,2026-07-13 02:30:13.178636+00,MA Slope Caso 3,1
ORDIUSDT,2026-07-11 02:46:51.589966+00,2026-07-11 23:21:06.825806+00,MA Slope Caso 2,0
AWEUSDT,2026-07-11 02:55:51.755905+00,2026-07-12 08:02:58.601701+00,MA Slope Caso 2,0
EIGENUSDT,2026-07-11 03:53:39.044592+00,2026-07-11 23:12:35.856801+00,MA Slope Caso 2,0
KATUSDT,2026-07-11 04:21:05.76471+00,2026-07-11 04:28:56.904031+00,MA Clone,0
KATUSDT,2026-07-11 04:21:15.671769+00,2026-07-11 04:28:56.948592+00,MA Cross Momentum,0
KATUSDT,2026-07-11 04:21:33.794832+00,2026-07-11 04:29:01.830005+00,Scalping Clone,0
KATUSDT,2026-07-11 04:21:40.177408+00,2026-07-11 04:28:56.971612+00,Standard Scalping,0
RIVERUSDT,2026-07-11 14:21:47.152525+00,2026-07-11 23:09:50.374975+00,MA Slope Caso 1,0
HBARUSDT,2026-07-11 16:38:06.39334+00,2026-07-12 16:38:56.498872+00,MA Slope Caso 1,0
SXTUSDT,2026-07-11 16:44:53.403692+00,2026-07-11 16:51:45.012189+00,Standard Scalping,0
CLOUSDT,2026-07-11 18:47:33.827995+00,2026-07-11 23:50:31.715618+00,MA Clone,0
CLOUSDT,2026-07-11 18:47:41.950335+00,2026-07-11 20:54:26.503724+00,Scalping Clone,0
CLOUSDT,2026-07-11 18:47:47.694111+00,2026-07-11 20:53:47.47436+00,Standard Scalping,0
COINUSDT,2026-07-11 19:20:00.315048+00,2026-07-11 23:25:06.372349+00,LSE Counter-Trend ,0
COOKIEUSDT,2026-07-11 19:20:07.660915+00,2026-07-11 21:24:46.430466+00,Standard Scalping,0
APEUSDT,2026-07-11 19:28:06.230675+00,2026-07-13 19:28:33.345011+00,Arrow Reversal,1
CHZUSDT,2026-07-11 20:53:48.66841+00,2026-07-11 22:20:38.860616+00,Standard Scalping,0
ANKRUSDT,2026-07-11 21:59:37.225697+00,2026-07-11 23:53:32.064156+00,MA Clone,0
ANKRUSDT,2026-07-11 21:59:41.30217+00,2026-07-12 00:00:16.730293+00,MA Cross Momentum,0
ANKRUSDT,2026-07-11 21:59:50.2886+00,2026-07-12 00:00:36.583899+00,Scalping Clone,0
ANKRUSDT,2026-07-11 21:59:53.912567+00,2026-07-11 22:20:59.181038+00,Standard Scalping,0
DRIFTUSDT,2026-07-11 22:22:34.7122+00,2026-07-11 23:21:47.905429+00,Scalping Clone,0
TRADOORUSDT,2026-07-11 22:29:18.861492+00,2026-07-12 00:31:59.543949+00,Scalping Clone,0
HEIUSDT,2026-07-11 23:15:24.415915+00,2026-07-12 14:22:45.433288+00,MA Slope Caso 1,0
ENSOUSDT,2026-07-11 23:15:30.048964+00,2026-07-12 00:06:27.221857+00,MA Slope Caso 2,0
MAVUSDT,2026-07-11 23:24:30.468493+00,2026-07-12 00:31:58.189314+00,MA Slope Caso 2,0
GWEIUSDT,2026-07-12 00:06:45.607664+00,2026-07-12 00:26:14.387314+00,MA Clone,0
BLESSUSDT,2026-07-12 00:06:54.399011+00,2026-07-13 03:08:11.115244+00,MA Slope Caso 2,0
HMSTRUSDT,2026-07-12 00:31:18.832893+00,2026-07-12 00:53:47.116354+00,MA Clone,0
HMSTRUSDT,2026-07-12 00:31:22.14905+00,2026-07-12 00:53:38.025828+00,MA Cross Momentum,0
HMSTRUSDT,2026-07-12 00:31:38.262752+00,2026-07-12 00:52:54.17486+00,Standard Scalping,0
RVNUSDT,2026-07-12 00:42:00.541627+00,2026-07-13 00:45:15.191453+00,MA Slope Caso 2,0
BEUSDT,2026-07-12 02:15:50.528505+00,2026-07-12 06:19:47.199608+00,LSE Counter-Trend ,0
MANAUSDT,2026-07-12 03:05:03.733483+00,2026-07-13 02:38:45.466844+00,MA Slope Caso 1,0
UNIUSDT,2026-07-12 04:21:57.984088+00,2026-07-14 04:22:43.742692+00,Arrow Reversal,1
AGLDUSDT,2026-07-12 05:18:57.266541+00,2026-07-12 05:23:52.783041+00,Compresion ADN - Micro (5m),0
RAREUSDT,2026-07-12 05:19:05.425024+00,2026-07-12 06:28:29.671234+00,FVG - 15m,0
AGLDUSDT,2026-07-12 05:19:11.547395+00,2026-07-12 05:19:54.66611+00,FVG - 1m,1
CHRUSDT,2026-07-12 05:19:16.467468+00,2026-07-12 16:52:46.865311+00,FVG - 5m,0
SKLUSDT,2026-07-12 05:29:10.787953+00,2026-07-12 05:39:09.449627+00,FVG - 15m,0
SXTUSDT,2026-07-12 05:29:16.858349+00,2026-07-12 06:02:20.210725+00,FVG - 1m,0
MITOUSDT,2026-07-12 05:29:24.942908+00,2026-07-12 06:11:10.87588+00,FVG - 5m,0
TACUSDT,2026-07-12 05:37:48.685545+00,2026-07-12 06:26:22.224951+00,FVG - 15m,0
ELSAUSDT,2026-07-12 05:37:54.793142+00,2026-07-12 16:22:18.969166+00,FVG - 1m,1
BEATUSDT,2026-07-12 05:38:00.883143+00,2026-07-12 22:18:12.609552+00,FVG - 5m,0
USUSDT,2026-07-12 05:47:55.10934+00,2026-07-12 07:04:15.962734+00,FVG - 15m,0
VANRYUSDT,2026-07-12 05:48:01.181614+00,2026-07-12 06:20:10.254307+00,FVG - 1m,1
YFIUSDT,2026-07-12 06:01:10.840407+00,2026-07-12 21:34:57.310567+00,Compresion ADN - Micro (5m),0
SYNUSDT,2026-07-12 06:14:17.351191+00,2026-07-12 15:29:26.212619+00,Compresion ADN - Micro (5m),0
MMTUSDT,2026-07-12 06:14:23.422348+00,2026-07-12 06:36:21.451715+00,FVG - 1m,1
UMAUSDT,2026-07-12 06:14:29.524867+00,2026-07-12 06:27:13.289598+00,FVG - 5m,0
C98USDT,2026-07-12 06:28:31.787629+00,2026-07-12 06:48:20.020162+00,Compresion ADN - Micro (5m),0
JTOUSDT,2026-07-12 06:28:37.907018+00,2026-07-13 07:13:04.009239+00,FVG - 15m,0
SPELLUSDT,2026-07-12 06:28:43.982805+00,2026-07-12 07:41:05.297288+00,FVG - 1m,0
TUSDT,2026-07-12 06:28:50.041483+00,2026-07-12 07:30:54.15613+00,FVG - 5m,1
ZBTUSDT,2026-07-12 06:38:17.407325+00,2026-07-12 07:41:05.324944+00,FVG - 15m,0
ALLOUSDT,2026-07-12 06:38:25.523119+00,2026-07-12 06:40:54.79606+00,FVG - 1m,0
TLMUSDT,2026-07-12 06:50:00.360919+00,2026-07-12 06:50:59.094641+00,FVG - 1m,1
HOTUSDT,2026-07-12 07:02:31.219475+00,2026-07-12 07:16:40.687293+00,FVG - 1m,0
GUNUSDT,2026-07-12 07:15:44.804778+00,2026-07-12 07:44:30.145298+00,FVG - 15m,0
ZECUSDT,2026-07-12 07:24:57.637264+00,2026-07-13 10:45:31.323405+00,Compresion ADN - Micro (5m),0
BLURUSDT,2026-07-12 07:33:37.604956+00,2026-07-12 07:56:12.200337+00,FVG - 1m,0
AIOUSDT,2026-07-12 07:43:56.27635+00,2026-07-13 21:48:22.678071+00,FVG - 15m,0
DEXEUSDT,2026-07-12 07:44:14.449976+00,2026-07-12 07:48:16.288316+00,FVG - 1m,1
SKYAIUSDT,2026-07-12 07:44:20.531835+00,2026-07-12 08:08:02.030848+00,FVG - 5m,1
VELVETUSDT,2026-07-12 07:52:57.837551+00,2026-07-13 01:23:10.726565+00,FVG - 15m,0
LABUSDT,2026-07-12 07:53:03.937055+00,2026-07-12 07:53:29.737279+00,FVG - 1m,0
QUSDT,2026-07-12 08:02:23.063092+00,2026-07-12 08:02:41.0479+00,FVG - 1m,0
CLOUSDT,2026-07-12 08:02:29.155138+00,2026-07-12 15:09:01.641295+00,MA Clone,0
CLOUSDT,2026-07-12 08:02:33.264522+00,2026-07-12 15:09:11.744926+00,Scalping Clone,0
CLOUSDT,2026-07-12 08:02:37.421916+00,2026-07-12 15:09:21.869305+00,Standard Scalping,0
AWEUSDT,2026-07-12 08:16:35.739813+00,2026-07-14 08:19:44.781502+00,FVG - 5m,0
DUSKUSDT,2026-07-12 08:16:41.81397+00,2026-07-12 22:00:31.38457+00,MA Slope Caso 2,0
TUTUSDT,2026-07-12 08:25:53.43951+00,2026-07-12 08:50:12.511138+00,FVG - 1m,0
EPICUSDT,2026-07-12 08:46:49.191212+00,2026-07-12 08:54:29.650779+00,FVG - 1m,0
SCRTUSDT,2026-07-12 09:20:13.209637+00,2026-07-12 09:50:59.45949+00,FVG - 1m,0
BANKUSDT,2026-07-12 09:28:50.747873+00,2026-07-12 09:34:25.657064+00,FVG - 1m,0
TSTUSDT,2026-07-12 09:50:27.585312+00,2026-07-12 10:39:07.39075+00,FVG - 1m,0
UBUSDT,2026-07-12 09:50:33.661669+00,2026-07-12 13:51:17.986452+00,LSE Counter-Trend ,0
UBUSDT,2026-07-12 09:50:47.823282+00,2026-07-12 11:58:55.623342+00,Scalping Clone,0
UBUSDT,2026-07-12 09:50:51.91038+00,2026-07-12 11:59:02.373041+00,Standard Scalping,0
ALTUSDT,2026-07-12 10:02:32.393937+00,2026-07-12 10:17:05.843539+00,FVG - 1m,0
MAGMAUSDT,2026-07-12 10:23:13.629841+00,2026-07-12 10:24:20.282387+00,FVG - 1m,0
ARBUSDT,2026-07-12 11:16:07.752898+00,2026-07-12 17:54:37.838402+00,FVG - 1m,0
ANKRUSDT,2026-07-12 11:46:00.814322+00,2026-07-12 12:36:37.886129+00,FVG - 1m,0
USUALUSDT,2026-07-12 12:48:02.090966+00,2026-07-12 17:51:46.722248+00,FVG - 1m,1
BABAUSDT,2026-07-12 14:22:53.114904+00,2026-07-12 14:24:38.871707+00,LSE Counter-Trend ,0
SOLUSDT,2026-07-12 14:23:01.27783+00,2026-07-13 14:31:19.046722+00,MA Slope Caso 1,0
HMSTRUSDT,2026-07-12 15:07:58.13265+00,2026-07-12 15:52:44.305075+00,MA Cross Momentum,0
HMSTRUSDT,2026-07-12 15:08:07.593353+00,2026-07-12 16:32:16.007061+00,Scalping Clone,0
HMSTRUSDT,2026-07-12 15:08:11.654654+00,2026-07-12 15:52:44.32473+00,Standard Scalping,0
FUSDT,2026-07-12 16:02:39.990362+00,2026-07-12 21:19:00.942254+00,Compresion ADN - Micro (5m),0
GWEIUSDT,2026-07-12 16:29:55.846602+00,2026-07-12 16:32:01.380942+00,FVG - 1m,0
EVAAUSDT,2026-07-12 16:38:30.879498+00,2026-07-12 16:39:38.202532+00,FVG - 1m,0
2ZUSDT,2026-07-12 16:52:11.107008+00,2026-07-12 17:04:02.792979+00,FVG - 1m,1
STGUSDT,2026-07-12 16:52:16.505155+00,2026-07-13 03:10:04.919535+00,MA Slope Caso 1,0
PUNDIXUSDT,2026-07-12 17:03:57.180282+00,2026-07-12 17:37:48.249245+00,FVG - 5m,1
REDUSDT,2026-07-12 17:15:14.184423+00,2026-07-12 17:17:19.405685+00,FVG - 1m,0
HEIUSDT,2026-07-12 17:24:46.639196+00,2026-07-12 17:28:53.595877+00,FVG - 1m,0
STEEMUSDT,2026-07-12 17:44:10.418943+00,2026-07-12 17:54:37.978511+00,FVG - 5m,0
OGNUSDT,2026-07-12 17:55:52.456637+00,2026-07-12 18:12:05.999757+00,FVG - 5m,0
WLDUSDT,2026-07-12 18:26:59.393715+00,2026-07-12 19:19:40.98142+00,FVG - 5m,1
BEAMUSDT,2026-07-12 19:45:53.553118+00,2026-07-12 19:47:56.596724+00,FVG - 5m,0
FHEUSDT,2026-07-12 19:55:45.897906+00,2026-07-12 20:03:57.322216+00,FVG - 5m,1
BILLUSDT,2026-07-12 20:05:28.74036+00,2026-07-12 20:16:35.300809+00,FVG - 1m,1
BILLUSDT,2026-07-12 20:05:34.807356+00,2026-07-12 20:21:22.115201+00,FVG - 5m,1
APRUSDT,2026-07-12 20:14:55.72484+00,2026-07-12 20:42:42.588417+00,FVG - 1m,1
HUMAUSDT,2026-07-12 20:34:27.095439+00,2026-07-12 20:46:18.540356+00,FVG - 1m,0
PARTIUSDT,2026-07-12 20:34:33.155278+00,2026-07-12 20:46:13.479238+00,FVG - 5m,0
TWTUSDT,2026-07-12 20:45:36.139177+00,2026-07-12 21:07:45.59523+00,FVG - 1m,1
STORJUSDT,2026-07-12 21:09:52.370761+00,2026-07-12 22:02:36.985823+00,FVG - 1m,1
NILUSDT,2026-07-12 21:18:18.333399+00,2026-07-12 21:29:16.606853+00,FVG - 1m,0
MIRAUSDT,2026-07-12 21:34:20.251089+00,2026-07-12 21:35:37.028897+00,Compresion ADN - Micro (5m),0
RESOLVUSDT,2026-07-12 22:10:23.48347+00,2026-07-12 22:50:05.658462+00,FVG - 5m,0
AVGOUSDT,2026-07-12 22:10:29.537742+00,2026-07-13 03:13:48.793884+00,MA Slope Caso 2,0
CATIUSDT,2026-07-12 22:27:06.814599+00,2026-07-12 22:28:56.842789+00,FVG - 1m,0
XPLUSDT,2026-07-12 22:36:29.956945+00,2026-07-12 22:49:09.630259+00,FVG - 1m,0
ENJUSDT,2026-07-13 00:05:51.535484+00,2026-07-13 01:24:08.979921+00,Compresion ADN - Micro (5m),0
ESPORTSUSDT,2026-07-13 00:05:57.643123+00,2026-07-13 03:34:25.584472+00,FVG - 1m,0
UAIUSDT,2026-07-13 00:06:02.688427+00,2026-07-13 00:29:48.289309+00,FVG - 5m,0
XRPUSDT,2026-07-13 00:14:51.803956+00,2026-07-13 01:55:47.477713+00,Compresion ADN - Micro (5m),0
XPINUSDT,2026-07-13 00:15:01.923538+00,2026-07-13 05:02:24.039912+00,MA Cross Momentum,0
PARTIUSDT,2026-07-13 00:15:23.492914+00,2026-07-13 02:35:14.555495+00,Standard Scalping,0
SNXUSDT,2026-07-13 00:25:01.051312+00,2026-07-13 03:08:34.724156+00,FVG - 1m,1
KITEUSDT,2026-07-13 00:32:48.08952+00,2026-07-13 00:34:18.908368+00,FVG - 1m,1
CYBERUSDT,2026-07-13 00:32:56.176378+00,2026-07-13 00:41:51.572583+00,FVG - 5m,0
JUPUSDT,2026-07-13 00:44:48.158976+00,2026-07-13 03:33:05.804016+00,LSE Counter-Trend ,0
BTCUSDT,2026-07-13 00:55:20.249524+00,2026-07-13 05:00:41.419832+00,MA Slope Caso 2,0
AXLUSDT,2026-07-13 01:14:22.05721+00,2026-07-13 01:17:55.102713+00,FVG - 1m,0
ESPUSDT,2026-07-13 01:31:46.01299+00,2026-07-13 02:14:21.08155+00,FVG - 15m,0
ZKUSDT,2026-07-13 01:31:52.112162+00,2026-07-13 02:11:08.851016+00,FVG - 1m,0
JCTUSDT,2026-07-13 01:32:06.496124+00,2026-07-13 05:28:44.238069+00,Standard Scalping,0
ERAUSDT,2026-07-13 01:53:33.349825+00,2026-07-13 01:53:57.106318+00,FVG - 5m,0
ATUSDT,2026-07-13 02:21:44.27858+00,2026-07-14 09:07:48.853992+00,FVG - 1m,0
TRXUSDT,2026-07-13 02:21:50.346833+00,2026-07-15 02:23:31.4225+00,MA Slope Caso 3,1
SUNUSDT,2026-07-13 02:29:52.966569+00,2026-07-15 02:33:16.992998+00,MA Slope Caso 3,1
RIVERUSDT,2026-07-13 02:38:47.502397+00,2026-07-14 02:43:12.716418+00,MA Slope Caso 1,0
PARTIUSDT,2026-07-13 02:38:59.704415+00,2026-07-13 03:05:54.161236+00,Standard Scalping,0
ZAMAUSDT,2026-07-13 02:53:29.255429+00,2026-07-13 09:39:57.398857+00,MA Slope Caso 3,1
PARTIUSDT,2026-07-13 03:07:58.93849+00,2026-07-13 05:19:27.275272+00,Standard Scalping,0
OPGUSDT,2026-07-13 03:18:19.738671+00,2026-07-14 03:20:14.986243+00,MA Slope Caso 1,0
SUIUSDT,2026-07-13 03:18:25.847489+00,2026-07-13 21:38:18.532894+00,MA Slope Caso 2,0
ENAUSDT,2026-07-13 03:27:33.335533+00,2026-07-13 21:38:18.557934+00,MA Slope Caso 2,0
NVDAUSDT,2026-07-13 05:07:09.593316+00,2026-07-13 17:25:43.398227+00,MA Slope Caso 2,0
GIGGLEUSDT,2026-07-13 05:28:08.410123+00,2026-07-13 05:28:50.342806+00,Compresion ADN - Micro (5m),0
SKLUSDT,2026-07-13 05:36:42.161523+00,2026-07-13 10:56:08.482991+00,Compresion ADN - Micro (5m),0
ELSAUSDT,2026-07-13 06:21:38.973257+00,2026-07-13 08:41:13.170981+00,MA Clone,0
ELSAUSDT,2026-07-13 06:21:43.038277+00,2026-07-13 08:26:35.551719+00,MA Cross Momentum,0
ELSAUSDT,2026-07-13 06:21:52.928574+00,2026-07-13 08:25:56.257396+00,Standard Scalping,0
PRLUSDT,2026-07-13 07:24:38.637117+00,2026-07-13 19:28:56.425746+00,LSE Counter-Trend ,0
ETCUSDT,2026-07-13 07:33:05.010457+00,2026-07-13 09:03:10.829975+00,Compresion ADN - Micro (5m),0
HUSDT,2026-07-13 07:54:08.516594+00,2026-07-13 10:24:28.014429+00,MA Cross Momentum,0
TAOUSDT,2026-07-13 08:33:51.006922+00,2026-07-13 12:42:49.76795+00,LSE Counter-Trend ,0
GENIUSUSDT,2026-07-13 09:16:32.044109+00,2026-07-13 10:42:38.056537+00,Compresion ADN - Micro (5m),0
MASKUSDT,2026-07-13 10:06:54.505838+00,2026-07-13 10:07:36.374494+00,LSE Counter-Trend ,0
ARBUSDT,2026-07-13 10:33:57.248453+00,2026-07-15 10:35:47.067468+00,Arrow Reversal,1
JTOUSDT,2026-07-13 10:47:23.877141+00,2026-07-13 14:52:04.854351+00,LSE Counter-Trend ,0
BUSDT,2026-07-13 10:47:29.983796+00,2026-07-13 10:55:01.733083+00,MA Clone,0
BUSDT,2026-07-13 10:47:35.456017+00,2026-07-13 13:54:38.514165+00,Scalping Clone,0
BUSDT,2026-07-13 10:47:41.572274+00,2026-07-13 10:55:01.759548+00,Standard Scalping,0
PYTHUSDT,2026-07-13 11:27:29.119031+00,2026-07-13 12:27:20.03882+00,Compresion ADN - Micro (5m),0
SENTUSDT,2026-07-13 11:40:25.872771+00,2026-07-13 19:37:29.739661+00,Compresion ADN - Micro (5m),0
OGUSDT,2026-07-13 12:42:05.469379+00,2026-07-13 16:58:13.483166+00,Compresion ADN - Micro (5m),0
SKYAI1USDT,2026-07-13 13:13:52.602584+00,2026-07-13 17:19:40.641893+00,LSE Counter-Trend ,0
UBUSDT,2026-07-13 13:54:09.140633+00,2026-07-13 14:10:31.51685+00,Compresion ADN - Micro (5m),0
TRBUSDT,2026-07-13 14:13:54.252874+00,2026-07-13 17:59:57.310793+00,Compresion ADN - Micro (5m),0
BILLUSDT,2026-07-13 14:30:51.313833+00,2026-07-13 17:53:20.777652+00,Scalping Clone,0
BILLUSDT,2026-07-13 14:30:57.470238+00,2026-07-13 17:53:30.946823+00,Standard Scalping,0
UAIUSDT,2026-07-13 14:40:06.658887+00,2026-07-14 08:24:40.089383+00,MA Slope Caso 1,0
EGLDUSDT,2026-07-13 15:45:34.553675+00,2026-07-14 00:12:33.645941+00,MA Slope Caso 3,1
JUPUSDT,2026-07-13 16:08:07.086087+00,2026-07-13 16:24:31.069483+00,MA Cross Momentum,0
SOONUSDT,2026-07-13 16:58:26.967252+00,2026-07-13 17:21:00.501743+00,Compresion ADN - Micro (5m),0
NAORISUSDT,2026-07-13 17:09:18.301812+00,2026-07-13 19:07:33.100235+00,LSE Counter-Trend ,0
CRVUSDT,2026-07-13 17:18:49.273972+00,2026-07-13 17:59:24.051667+00,MA Clone,0
CRVUSDT,2026-07-13 17:18:53.354081+00,2026-07-13 17:59:24.06925+00,MA Cross Momentum,0
ZECUSDT,2026-07-13 17:31:09.66937+00,2026-07-13 20:51:52.528415+00,MA Slope Caso 2,0
JASMYUSDT,2026-07-13 19:37:02.087376+00,2026-07-15 15:43:46.244414+00,Compresion ADN - Micro (5m),0
FFUSDT,2026-07-13 19:59:03.742684+00,2026-07-14 00:23:54.96527+00,Compresion ADN - Micro (5m),0
ZBTUSDT,2026-07-13 20:12:49.726372+00,2026-07-13 20:37:16.307905+00,Compresion ADN - Micro (5m),0
AUSDT,2026-07-13 20:51:22.878463+00,2026-07-13 23:08:19.931499+00,Compresion ADN - Micro (5m),0
C98USDT,2026-07-13 21:16:22.626695+00,2026-07-14 01:31:48.035758+00,MA Slope Caso 2,0
SAFEUSDT,2026-07-13 22:12:15.325116+00,2026-07-14 02:34:42.015443+00,MA Slope Caso 2,0
KITEUSDT,2026-07-13 22:24:38.098167+00,2026-07-14 02:50:51.463214+00,LSE Counter-Trend ,0
VANRYUSDT,2026-07-13 22:36:13.123266+00,2026-07-14 03:15:25.886885+00,MA Clone,0
VANRYUSDT,2026-07-13 22:36:19.250563+00,2026-07-14 03:15:36.009456+00,MA Cross Momentum,0
VANRYUSDT,2026-07-13 22:36:32.729064+00,2026-07-14 00:40:18.408334+00,Scalping Clone,0
VANRYUSDT,2026-07-13 22:36:38.825076+00,2026-07-14 00:40:23.719078+00,Standard Scalping,0
IDUSDT,2026-07-13 23:10:08.551941+00,2026-07-13 23:34:25.644962+00,FVG - 15m,0
COOKIEUSDT,2026-07-13 23:10:16.644343+00,2026-07-13 23:22:16.964082+00,FVG - 1m,1
ALLOUSDT,2026-07-13 23:10:22.734205+00,2026-07-13 23:23:36.053261+00,FVG - 5m,1
MANTAUSDT,2026-07-13 23:10:30.830372+00,2026-07-14 15:35:03.548259+00,MA Slope Caso 2,0
VICUSDT,2026-07-13 23:21:23.422397+00,2026-07-14 14:46:22.527954+00,FVG - 15m,0
SYNUSDT,2026-07-13 23:21:35.537634+00,2026-07-13 23:33:44.032269+00,FVG - 1m,1
PROMUSDT,2026-07-13 23:21:41.649146+00,2026-07-13 23:21:45.293292+00,FVG - 5m,0
USUALUSDT,2026-07-13 23:33:47.481566+00,2026-07-15 05:02:17.752782+00,FVG - 15m,0
LINEAUSDT,2026-07-13 23:33:55.583272+00,2026-07-13 23:35:12.754206+00,FVG - 1m,0
LAUSDT,2026-07-13 23:34:01.659059+00,2026-07-14 00:22:06.849656+00,FVG - 5m,0
MMTUSDT,2026-07-13 23:47:47.42927+00,2026-07-13 23:50:08.383854+00,FVG - 15m,0
THEUSDT,2026-07-13 23:47:59.551455+00,2026-07-14 00:24:16.64682+00,FVG - 1m,1
STGUSDT,2026-07-13 23:48:05.618841+00,2026-07-14 00:12:37.266531+00,FVG - 5m,0
0GUSDT,2026-07-13 23:59:40.514986+00,2026-07-14 01:09:25.031786+00,FVG - 15m,0
TUTUSDT,2026-07-13 23:59:48.586217+00,2026-07-14 00:05:48.20517+00,FVG - 1m,1
TUSDT,2026-07-14 00:12:03.350275+00,2026-07-14 00:18:48.543346+00,FVG - 1m,0
APRUSDT,2026-07-14 00:20:45.291355+00,2026-07-14 02:19:41.430876+00,Compresion ADN - Micro (5m),0
HYUNDAIUSDT,2026-07-14 00:20:51.333266+00,2026-07-14 02:20:29.000564+00,FVG - 1m,1
EVAAUSDT,2026-07-14 00:20:57.392358+00,2026-07-14 00:22:13.619511+00,FVG - 5m,0
ADBEUSDT,2026-07-14 00:21:07.512257+00,2026-07-14 11:02:40.940037+00,MA Slope Caso 3,1
KGENUSDT,2026-07-14 00:39:36.078393+00,2026-07-14 02:37:15.336784+00,Compresion ADN - Micro (5m),0
ALCHUSDT,2026-07-14 00:39:41.281707+00,2026-07-14 05:00:34.123768+00,FVG - 1m,0
DEXEUSDT,2026-07-14 00:49:14.816109+00,2026-07-14 00:57:45.874122+00,FVG - 5m,1
ETHFIUSDT,2026-07-14 00:56:17.836078+00,2026-07-14 01:57:59.66039+00,FVG - 5m,0
KAITOUSDT,2026-07-14 01:08:55.300451+00,2026-07-14 01:24:38.962031+00,FVG - 5m,0
AGLDUSDT,2026-07-14 01:14:25.639836+00,2026-07-14 02:29:35.913709+00,FVG - 15m,0
MANTRAUSDT,2026-07-14 01:28:56.153467+00,2026-07-14 11:35:36.991666+00,FVG - 5m,0
USDCUSDT,2026-07-14 01:57:04.940085+00,2026-07-15 02:01:12.154018+00,MA Slope Caso 2,0
BELUSDT,2026-07-14 02:03:51.604091+00,2026-07-14 03:30:37.53083+00,FVG - 5m,1
SXTUSDT,2026-07-14 02:34:10.329755+00,2026-07-14 02:35:30.822337+00,FVG - 15m,0
MEGAUSDT,2026-07-14 02:34:16.40409+00,2026-07-14 06:53:05.694981+00,FVG - 1m,1
STORJUSDT,2026-07-14 02:42:40.062609+00,2026-07-14 03:20:43.682568+00,FVG - 15m,0
REDUSDT,2026-07-14 02:42:44.358359+00,2026-07-14 02:45:18.210504+00,MA Slope Caso 2,0
XAUUSDT,2026-07-14 02:50:18.017036+00,2026-07-14 12:30:56.659323+00,MA Slope Caso 1,0
APRUSDT,2026-07-14 03:03:59.91951+00,2026-07-14 17:03:16.059785+00,MA Slope Caso 2,0
ZAMAUSDT,2026-07-14 03:25:09.30723+00,2026-07-14 10:50:18.441488+00,Compresion ADN - Micro (5m),0
SXTUSDT,2026-07-14 03:25:15.406648+00,2026-07-14 03:29:24.142577+00,FVG - 15m,0
LITUSDT,2026-07-14 03:25:21.475664+00,2026-07-14 12:33:25.828708+00,MA Slope Caso 1,0
SENTUSDT,2026-07-14 03:34:00.245105+00,2026-07-14 03:45:38.438941+00,FVG - 15m,0
DEXEUSDT,2026-07-14 03:34:06.333412+00,2026-07-14 04:05:35.553+00,FVG - 5m,0
JSTUSDT,2026-07-14 03:44:53.790677+00,2026-07-14 13:36:50.527623+00,Compresion ADN - Micro (5m),0
MMTUSDT,2026-07-14 03:52:44.681287+00,2026-07-14 03:53:04.874813+00,FVG - 15m,0
STORJUSDT,2026-07-14 04:00:32.289753+00,2026-07-14 04:16:46.200259+00,FVG - 15m,0
WLDUSDT,2026-07-14 04:07:28.589375+00,2026-07-14 08:29:24.501324+00,FVG - 5m,0
ALLOUSDT,2026-07-14 04:21:31.365526+00,2026-07-14 18:37:55.988735+00,FVG - 15m,1
THEUSDT,2026-07-14 05:02:27.731373+00,2026-07-14 05:11:27.225588+00,FVG - 1m,1
SYNUSDT,2026-07-14 05:15:12.276+00,2026-07-14 06:07:28.328329+00,FVG - 1m,1
VANAUSDT,2026-07-14 06:10:19.496267+00,2026-07-14 06:16:44.397673+00,FVG - 1m,0
CLOUSDT,2026-07-14 06:19:42.699147+00,2026-07-14 06:23:28.198121+00,FVG - 1m,1
SKHYNIXUSDT,2026-07-14 06:24:35.397155+00,2026-07-14 06:41:14.611895+00,FVG - 1m,1
USUSDT,2026-07-14 06:36:23.640574+00,2026-07-14 09:37:16.337661+00,LSE Counter-Trend ,0
EVAAUSDT,2026-07-14 06:43:45.963225+00,2026-07-14 07:09:13.434251+00,FVG - 1m,0
MANAUSDT,2026-07-14 06:52:26.432343+00,2026-07-14 10:57:30.451012+00,LSE Counter-Trend ,0
VANRYUSDT,2026-07-14 07:00:13.197873+00,2026-07-14 07:30:53.460321+00,FVG - 1m,0
TUSDT,2026-07-14 07:10:43.042405+00,2026-07-14 07:13:09.813054+00,FVG - 1m,0
MUBARAKUSDT,2026-07-14 07:16:40.316554+00,2026-07-14 12:16:58.663836+00,FVG - 1m,0
ZKCUSDT,2026-07-14 07:31:01.775293+00,2026-07-14 07:31:51.674762+00,FVG - 1m,0
ZBTUSDT,2026-07-14 07:36:17.775693+00,2026-07-14 08:08:58.5929+00,FVG - 1m,0
POWERUSDT,2026-07-14 07:44:05.612547+00,2026-07-14 14:35:57.227718+00,LSE Counter-Trend ,0
SXTUSDT,2026-07-14 08:09:06.108308+00,2026-07-14 08:20:28.544586+00,Standard Scalping,0
BILLUSDT,2026-07-14 08:13:09.785536+00,2026-07-14 08:15:59.517516+00,FVG - 1m,1
LUMIAUSDT,2026-07-14 08:19:05.456168+00,2026-07-14 08:38:52.85412+00,FVG - 1m,0
CHIPUSDT,2026-07-14 08:24:41.301182+00,2026-07-14 08:50:55.610632+00,FVG - 5m,1
BBXUSDT,2026-07-14 08:24:50.08903+00,2026-07-14 13:45:33.239061+00,MA Slope Caso 1,0
UAIUSDT,2026-07-14 08:24:58.20975+00,2026-07-14 08:37:21.203543+00,Standard Scalping,0
LITUSDT,2026-07-14 08:29:58.26987+00,2026-07-14 13:51:32.306217+00,Standard Scalping,0
ZROUSDT,2026-07-14 08:34:24.066142+00,2026-07-14 08:51:08.498034+00,FVG - 5m,0
XPINUSDT,2026-07-14 08:41:40.568662+00,2026-07-14 08:52:17.860647+00,FVG - 1m,0
LABUSDT,2026-07-14 08:58:57.120571+00,2026-07-14 09:05:55.940756+00,FVG - 1m,0
EPICUSDT,2026-07-14 08:59:04.601364+00,2026-07-14 10:20:49.279634+00,FVG - 5m,1
BZUSDT,2026-07-14 08:59:26.838725+00,2026-07-14 09:11:06.88425+00,Standard Scalping,0
EGLDUSDT,2026-07-14 09:07:05.049216+00,2026-07-14 11:32:40.433487+00,FVG - 1m,0
GPSUSDT,2026-07-14 09:07:09.140175+00,2026-07-14 10:45:14.610118+00,FVG - 5m,1
MUSDT,2026-07-14 09:13:35.007671+00,2026-07-14 11:09:52.141814+00,Standard Scalping,0
CAPUSDT,2026-07-14 09:18:06.556365+00,2026-07-14 09:24:15.060137+00,FVG - 1m,0
HEIUSDT,2026-07-14 09:28:35.941469+00,2026-07-14 15:13:39.997228+00,Standard Scalping,0
COOKIEUSDT,2026-07-14 09:32:21.127369+00,2026-07-14 13:24:25.012698+00,FVG - 1m,1
ARCUSDT,2026-07-14 10:25:39.128771+00,2026-07-14 10:28:39.432427+00,FVG - 5m,1
AGLDUSDT,2026-07-14 10:29:43.308731+00,2026-07-14 23:30:57.927664+00,FVG - 5m,0
BICOUSDT,2026-07-14 10:49:22.563305+00,2026-07-14 13:25:10.451597+00,FVG - 5m,1
UNIUSDT,2026-07-14 11:09:59.579699+00,2026-07-15 07:26:39.635563+00,Compresion ADN - Micro (5m),0
FFUSDT,2026-07-14 11:33:39.722233+00,2026-07-14 13:43:03.765818+00,FVG - 1m,0
BSBUSDT,2026-07-14 11:35:08.725105+00,2026-07-14 12:02:06.343292+00,Standard Scalping,0
MAGMAUSDT,2026-07-14 11:41:51.689434+00,2026-07-14 11:50:05.765784+00,FVG - 5m,0
ALCHUSDT,2026-07-14 11:56:21.873704+00,2026-07-14 12:12:14.006236+00,FVG - 5m,0
B3USDT,2026-07-14 12:04:07.939851+00,2026-07-14 12:32:35.461396+00,Scalping Clone,0
VELVETUSDT,2026-07-14 12:15:53.362397+00,2026-07-14 12:22:19.852688+00,FVG - 5m,1
KAITOUSDT,2026-07-14 12:20:51.503731+00,2026-07-14 12:46:44.233125+00,FVG - 1m,1
BLESSUSDT,2026-07-14 12:24:31.185629+00,2026-07-14 12:31:01.057871+00,FVG - 5m,1
XLMUSDT,2026-07-14 12:31:42.086359+00,2026-07-14 12:31:52.784624+00,Standard Scalping,0
GRASSUSDT,2026-07-14 12:31:53.829036+00,2026-07-14 17:44:12.508937+00,Standard Scalping,0
GWEIUSDT,2026-07-14 12:41:09.106847+00,2026-07-14 13:14:34.215195+00,FVG - 5m,0
HOMEUSDT,2026-07-14 12:41:15.197245+00,2026-07-14 15:20:18.149306+00,MA Slope Caso 1,0
ASTERUSDT,2026-07-14 12:41:19.232386+00,2026-07-15 07:17:43.645631+00,MA Slope Caso 3,1
IBMUSDT,2026-07-14 12:49:36.715022+00,2026-07-14 12:56:58.183214+00,FVG - 1m,0
JUPUSDT,2026-07-14 12:49:44.112423+00,2026-07-14 17:37:14.015465+00,MA Slope Caso 1,0
TRIAUSDT,2026-07-14 12:58:41.620243+00,2026-07-14 12:59:00.295203+00,FVG - 1m,0
EIGENUSDT,2026-07-14 13:07:48.867241+00,2026-07-14 13:19:08.999848+00,FVG - 1m,1
KITEUSDT,2026-07-14 13:17:42.408198+00,2026-07-14 17:36:26.666882+00,FVG - 5m,0
LAUSDT,2026-07-14 13:25:00.719896+00,2026-07-14 18:29:50.078111+00,FVG - 1m,0
AIGENSYNUSDT,2026-07-14 13:29:56.758707+00,2026-07-14 14:46:22.500618+00,FVG - 5m,0
ORCLUSDT,2026-07-14 13:42:07.951541+00,2026-07-14 13:55:41.609004+00,Compresion ADN - Micro (5m),0
PAXGUSDT,2026-07-14 13:49:01.115488+00,2026-07-14 18:53:08.104145+00,FVG - 1m,0
HOLOUSDT,2026-07-14 13:49:08.205499+00,2026-07-15 14:58:38.961493+00,MA Slope Caso 1,0
MOVRUSDT,2026-07-14 14:02:14.5866+00,2026-07-15 07:27:23.712381+00,Compresion ADN - Micro (5m),0
PIPPINUSDT,2026-07-14 14:49:01.220786+00,2026-07-15 05:55:37.311108+00,FVG - 15m,0
TREEUSDT,2026-07-14 14:49:07.295169+00,2026-07-14 15:01:00.008606+00,FVG - 5m,1
BUSDT,2026-07-14 15:01:05.657427+00,2026-07-14 15:58:09.461562+00,FVG - 5m,0
MORPHOUSDT,2026-07-14 15:12:00.480803+00,2026-07-15 01:41:14.907397+00,LSE Counter-Trend ,0
BEATUSDT,2026-07-14 15:19:14.234008+00,2026-07-14 19:41:50.312871+00,LSE Counter-Trend ,0
UBUSDT,2026-07-14 15:19:47.835457+00,2026-07-14 15:48:06.471174+00,Standard Scalping,0
YFIUSDT,2026-07-14 15:24:22.690377+00,2026-07-15 16:15:22.471505+00,MA Slope Caso 1,0
REDUSDT,2026-07-14 15:41:07.04009+00,2026-07-14 15:42:04.9772+00,MA Slope Caso 2,0
SAPIENUSDT,2026-07-14 15:47:28.830912+00,2026-07-14 15:48:10.49829+00,MA Slope Caso 2,0
ZESTUSDT,2026-07-14 16:05:09.793132+00,2026-07-14 16:06:56.932985+00,MA Slope Caso 2,0
SNXXUSDT,2026-07-14 16:10:20.272572+00,2026-07-14 16:22:40.730525+00,FVG - 5m,1
币安人生USDT,2026-07-14 16:31:33.946719+00,2026-07-14 16:34:42.771169+00,FVG - 5m,1
SOXLUSDT,2026-07-14 16:34:50.229281+00,2026-07-14 16:43:52.870969+00,FVG - 5m,1
1000CHEEMSUSDT,2026-07-14 16:50:26.030103+00,2026-07-14 16:56:26.530586+00,FVG - 5m,0
AKEUSDT,2026-07-14 16:57:40.554565+00,2026-07-15 04:46:38.055774+00,FVG - 5m,1
BTWUSDT,2026-07-14 17:30:15.077293+00,2026-07-14 21:31:45.978588+00,LSE Counter-Trend ,0
SLXUSDT,2026-07-14 17:41:50.979033+00,2026-07-14 17:47:50.189896+00,FVG - 5m,0
SLXUSDT,2026-07-14 17:42:01.115691+00,2026-07-15 10:14:18.684331+00,MA Slope Caso 1,0
TOWNSUSDT,2026-07-14 17:50:03.95961+00,2026-07-14 18:47:21.929432+00,FVG - 5m,0
EDUUSDT,2026-07-14 18:29:20.287067+00,2026-07-14 19:07:30.465464+00,Standard Scalping,0
BTRUSDT,2026-07-14 18:29:28.393999+00,2026-07-14 20:34:22.530831+00,Standard Scalping,0
HOODUSDT,2026-07-14 18:33:46.0906+00,2026-07-14 19:46:50.129377+00,FVG - 1m,1
HANAUSDT,2026-07-14 18:39:56.516553+00,2026-07-14 19:30:44.650985+00,FVG - 15m,1
1000RATSUSDT,2026-07-14 18:52:14.945897+00,2026-07-14 20:05:30.754919+00,FVG - 5m,0
SYRUPUSDT,2026-07-14 18:58:58.500047+00,2026-07-14 19:00:23.589234+00,FVG - 1m,1
HUSDT,2026-07-14 19:05:20.312507+00,2026-07-14 19:44:26.591676+00,FVG - 1m,1
STABLEUSDT,2026-07-14 19:05:26.394518+00,2026-07-15 02:01:09.623977+00,MA Slope Caso 2,0
AXTIUSDT,2026-07-14 19:15:08.161123+00,2026-07-14 19:30:04.968954+00,Standard Scalping,0
SPXUSDT,2026-07-14 19:34:39.897174+00,2026-07-14 19:44:26.616872+00,FVG - 15m,1
FOLKSUSDT,2026-07-14 19:47:27.779411+00,2026-07-14 21:37:14.028126+00,FVG - 15m,1
TLMUSDT,2026-07-14 19:47:31.659149+00,2026-07-14 21:21:52.945878+00,FVG - 1m,0
ALPINEUSDT,2026-07-14 19:54:45.120388+00,2026-07-14 21:16:00.775476+00,FVG - 1m,1
CRWDUSDT,2026-07-14 19:55:01.240685+00,2026-07-15 14:40:26.066054+00,Standard Scalping,0
INTWUSDT,2026-07-14 20:06:48.598013+00,2026-07-14 23:35:21.075784+00,FVG - 5m,1
ALPINEUSDT,2026-07-14 20:40:43.92533+00,2026-07-14 21:24:34.920748+00,Standard Scalping,0
MSFTUSDT,2026-07-14 21:06:10.899772+00,2026-07-15 13:34:40.194157+00,MA Slope Caso 2,0
TACUSDT,2026-07-14 21:19:32.200382+00,2026-07-14 21:21:09.308561+00,FVG - 1m,1
ESPORTSUSDT,2026-07-14 21:30:46.115977+00,2026-07-14 21:49:51.969488+00,FVG - 1m,0
1000XECUSDT,2026-07-14 21:42:26.501406+00,2026-07-14 23:45:39.370588+00,FVG - 15m,1
SNXUSDT,2026-07-14 21:42:32.559704+00,2026-07-15 01:08:05.166064+00,FVG - 1m,1
MVLLUSDT,2026-07-14 23:56:46.037522+00,2026-07-15 12:25:29.74351+00,FVG - 15m,0
NAORISUSDT,2026-07-14 23:56:49.765064+00,2026-07-14 23:57:38.415347+00,FVG - 1m,1
NBISUSDT,2026-07-14 23:56:55.33316+00,2026-07-15 08:17:26.652529+00,FVG - 5m,0
BASEDUSDT,2026-07-15 00:02:24.471746+00,2026-07-15 00:07:58.487871+00,FVG - 1m,1
HEMIUSDT,2026-07-15 00:02:30.531302+00,2026-07-15 00:10:31.487456+00,FVG - 5m,1
MEMEUSDT,2026-07-15 00:02:40.682677+00,2026-07-15 01:12:43.110899+00,Standard Scalping,0
BOTUSDT,2026-07-15 00:11:32.343745+00,2026-07-15 01:48:58.428949+00,FVG - 1m,0
KORUUSDT,2026-07-15 00:11:38.411233+00,2026-07-15 00:57:31.074288+00,FVG - 5m,1
DELLUSDT,2026-07-15 00:17:40.216077+00,2026-07-15 13:33:17.151352+00,Standard Scalping,0
SKHYUSDT,2026-07-15 00:25:45.556883+00,2026-07-15 05:28:45.747115+00,MA Cross Momentum,0
SKHYUSDT,2026-07-15 00:25:53.704049+00,2026-07-15 02:28:44.80918+00,Scalping Clone,0
BMNRUSDT,2026-07-15 01:02:29.396644+00,2026-07-15 04:06:41.742206+00,FVG - 5m,1
POPCATUSDT,2026-07-15 01:12:45.142545+00,2026-07-15 07:12:00.710565+00,Standard Scalping,0
KASUSDT,2026-07-15 01:17:40.393578+00,2026-07-15 02:33:47.543874+00,Scalping Clone,0
ELSAUSDT,2026-07-15 01:25:22.797313+00,2026-07-15 04:29:56.68376+00,FVG - 1m,0
PYTHUSDT,2026-07-15 01:52:36.799376+00,2026-07-15 01:54:11.663577+00,FVG - 1m,1
AUSDT,2026-07-15 02:00:47.368277+00,2026-07-15 02:13:54.295022+00,FVG - 1m,1
UVXYUSDT,2026-07-15 02:08:00.644004+00,2026-07-15 04:00:55.418206+00,MA Slope Caso 2,0
ATUSDT,2026-07-15 02:11:47.057718+00,2026-07-15 02:12:38.826258+00,MA Slope Caso 2,0
ZECUSDT,2026-07-15 02:16:46.419584+00,2026-07-15 02:18:11.902271+00,FVG - 1m,0
STOUSDT,2026-07-15 02:21:36.330073+00,2026-07-15 02:24:17.403865+00,FVG - 1m,1
PYTHUSDT,2026-07-15 02:23:11.21618+00,2026-07-15 04:46:35.938803+00,Scalping Clone,0
METUSDT,2026-07-15 02:27:04.393625+00,2026-07-15 02:33:17.45341+00,FVG - 1m,1
SUIUSDT,2026-07-15 02:27:08.526265+00,2026-07-15 03:42:16.663136+00,MA Slope Caso 3,1
NEWTUSDT,2026-07-15 02:37:00.065261+00,2026-07-15 02:41:56.545854+00,FVG - 1m,0
ETHBTCUSDT,2026-07-15 02:37:08.16409+00,2026-07-15 12:55:57.665668+00,MA Slope Caso 3,1
BLURUSDT,2026-07-15 02:49:34.850763+00,2026-07-15 03:04:11.402601+00,FVG - 1m,0
EDENUSDT,2026-07-15 03:03:57.222948+00,2026-07-16 04:07:06.923616+00,MA Slope Caso 2,0
AUSDT,2026-07-15 03:10:00.535221+00,2026-07-15 03:35:18.929953+00,FVG - 1m,1
AIGENSYNUSDT,2026-07-15 03:42:00.509467+00,2026-07-15 04:02:26.135638+00,FVG - 1m,1
SANDUSDT,2026-07-15 03:49:14.592346+00,2026-07-16 08:16:26.688596+00,MA Slope Caso 3,1
HOMEUSDT,2026-07-15 04:05:49.464448+00,2026-07-15 04:07:03.427007+00,FVG - 1m,0
ICNTUSDT,2026-07-15 04:05:55.628758+00,2026-07-16 23:41:27.999221+00,MA Slope Caso 2,0
MMTUSDT,2026-07-15 04:11:03.306459+00,2026-07-15 04:36:06.633929+00,FVG - 1m,1
0GUSDT,2026-07-15 04:11:07.457468+00,2026-07-15 05:05:44.729402+00,FVG - 5m,0
SYNUSDT,2026-07-15 04:32:53.318589+00,2026-07-15 04:46:38.086567+00,FVG - 1m,0
ASMLUSDT,2026-07-15 04:32:59.402051+00,2026-07-15 05:55:36.742044+00,MA Slope Caso 3 (15m),1
JTOUSDT,2026-07-15 04:40:07.532088+00,2026-07-15 04:40:47.577984+00,FVG - 1m,0
ZBTUSDT,2026-07-15 04:47:43.676262+00,2026-07-15 04:49:14.126756+00,FVG - 1m,0
ZBTUSDT,2026-07-15 04:47:47.750907+00,2026-07-15 04:49:24.283099+00,FVG - 5m,0
BSPUSDT,2026-07-15 04:47:51.843837+00,2026-07-15 13:30:46.987822+00,MA Slope Caso 3 (15m),1
VANAUSDT,2026-07-15 04:57:27.799637+00,2026-07-15 09:26:26.709946+00,FVG - 1m,1
CATIUSDT,2026-07-15 04:57:31.853222+00,2026-07-15 05:00:27.123012+00,FVG - 5m,1
GOOGLUSDT,2026-07-15 04:57:39.974428+00,2026-07-15 13:47:28.246412+00,MA Slope Caso 3 (15m),1
TOWNSUSDT,2026-07-15 05:06:19.647762+00,2026-07-15 05:52:30.658519+00,FVG - 15m,0
TUSDT,2026-07-15 05:06:23.717682+00,2026-07-15 05:15:14.81132+00,FVG - 1m,0
CUSDT,2026-07-15 05:06:27.787384+00,2026-07-15 05:07:21.617009+00,FVG - 5m,1
LINEAUSDT,2026-07-15 05:11:42.854844+00,2026-07-15 08:12:22.928482+00,FVG - 1m,1
LDOUSDT,2026-07-15 05:11:46.936741+00,2026-07-15 05:52:30.680236+00,FVG - 5m,1
APEUSDT,2026-07-15 05:16:50.399947+00,2026-07-15 10:19:35.280008+00,FVG - 1m,0
RESOLVUSDT,2026-07-15 05:16:54.452001+00,2026-07-15 09:34:02.845512+00,FVG - 5m,0
KITEUSDT,2026-07-15 05:54:58.855763+00,2026-07-15 06:09:33.301393+00,FVG - 15m,0
SXTUSDT,2026-07-15 05:55:04.911218+00,2026-07-15 06:42:58.935694+00,FVG - 5m,0
VANRYUSDT,2026-07-15 06:02:21.264721+00,2026-07-15 21:06:13.835373+00,FVG - 15m,0
SNDKUSDT,2026-07-15 06:02:27.378924+00,2026-07-15 10:28:39.21747+00,MA Slope Caso 3 (15m),1
HEIUSDT,2026-07-15 06:11:39.36372+00,2026-07-15 06:27:13.350506+00,FVG - 15m,1
AGLDUSDT,2026-07-15 06:28:21.12312+00,2026-07-15 09:38:07.205174+00,FVG - 15m,0
EGLDUSDT,2026-07-15 06:49:09.431494+00,2026-07-15 12:39:59.138058+00,FVG - 5m,0
KLACUSDT,2026-07-15 06:49:31.766887+00,2026-07-15 08:22:27.161872+00,Scalping Clone,0
USUALUSDT,2026-07-15 06:49:39.205208+00,2026-07-15 06:51:43.121592+00,Scalping Clone,0
ASMLUSDT,2026-07-15 06:57:28.856632+00,2026-07-15 08:17:28.918822+00,Scalping Clone,0
OGUSDT,2026-07-15 07:11:31.514873+00,2026-07-15 08:03:36.297945+00,Scalping Clone,0
BTCUSDT,2026-07-15 07:20:33.420351+00,2026-07-17 02:10:09.221873+00,MA Slope Caso 3,1
BABYUSDT,2026-07-15 07:30:05.904472+00,2026-07-16 08:10:49.69643+00,Compresion ADN - Micro (5m),0
RAVEUSDT,2026-07-15 08:03:16.784794+00,2026-07-15 08:51:24.308458+00,Compresion ADN - Micro (5m),0
COWUSDT,2026-07-15 08:03:44.402317+00,2026-07-15 10:04:39.413549+00,Standard Scalping,0
ALPINEUSDT,2026-07-15 08:14:49.574723+00,2026-07-15 08:17:26.678862+00,FVG - 1m,0
REUSDT,2026-07-15 08:18:00.724923+00,2026-07-15 08:41:08.706668+00,FVG - 1m,0
ESPORTSUSDT,2026-07-15 08:18:04.8602+00,2026-07-15 10:00:27.500142+00,FVG - 5m,0
XANUSDT,2026-07-15 08:43:39.628363+00,2026-07-15 14:24:21.068374+00,FVG - 1m,0
LAUSDT,2026-07-15 09:04:47.789704+00,2026-07-16 00:39:19.924626+00,Compresion ADN - Micro (5m),0
VANRYUSDT,2026-07-15 09:09:59.348796+00,2026-07-15 11:14:22.481096+00,Scalping Clone,0
USUSDT,2026-07-15 09:27:22.860591+00,2026-07-15 11:48:01.242536+00,FVG - 1m,0
BSBUSDT,2026-07-15 09:35:17.462901+00,2026-07-15 09:36:03.600033+00,FVG - 5m,0
BSVUSDT,2026-07-15 09:44:23.870917+00,2026-07-15 09:47:34.757439+00,FVG - 15m,0
EDUUSDT,2026-07-15 09:44:29.938333+00,2026-07-15 09:47:34.743247+00,FVG - 5m,0
1000XECUSDT,2026-07-15 09:44:42.057753+00,2026-07-15 11:48:40.516827+00,Scalping Clone,0
HANAUSDT,2026-07-15 09:50:33.167629+00,2026-07-16 10:57:25.452358+00,FVG - 15m,1
SPORTFUNUSDT,2026-07-15 09:50:38.697842+00,2026-07-15 09:53:35.059199+00,FVG - 5m,0
DEXEUSDT,2026-07-15 09:58:03.091602+00,2026-07-15 10:12:31.868359+00,FVG - 5m,0
ALCHUSDT,2026-07-15 10:03:55.659435+00,2026-07-15 12:14:46.96772+00,FVG - 5m,0
OGNUSDT,2026-07-15 10:18:57.598781+00,2026-07-15 13:46:30.952177+00,FVG - 5m,0
BCHUSDT,2026-07-15 10:19:02.947088+00,2026-07-15 17:10:19.925186+00,MA Slope Caso 1,0
DODOXUSDT,2026-07-15 10:25:28.595483+00,2026-07-15 10:31:38.184989+00,FVG - 1m,1
VIRTUALUSDT,2026-07-15 10:29:17.062253+00,2026-07-15 11:36:08.169183+00,MA Slope Caso 3 (15m),1
BEATUSDT,2026-07-15 10:34:29.418185+00,2026-07-15 10:47:39.19717+00,FVG - 1m,0
PTBUSDT,2026-07-15 10:49:04.343716+00,2026-07-15 11:19:32.148751+00,FVG - 1m,0
RAVEUSDT,2026-07-15 10:49:12.434787+00,2026-07-15 11:50:45.896043+00,Standard Scalping,0
MYXUSDT,2026-07-15 11:25:22.418899+00,2026-07-15 12:50:14.921262+00,FVG - 1m,1
AVAXUSDT,2026-07-15 11:42:04.760301+00,2026-07-15 13:02:54.098197+00,MA Slope Caso 3 (15m),1
2ZUSDT,2026-07-15 11:55:39.207937+00,2026-07-15 12:05:01.560578+00,FVG - 1m,1
LABUSDT,2026-07-15 12:07:46.171946+00,2026-07-15 12:16:16.300687+00,FVG - 1m,1
PHAROSUSDT,2026-07-15 12:16:51.573429+00,2026-07-15 12:25:07.889422+00,FVG - 1m,1
METUSDT,2026-07-15 12:16:55.707289+00,2026-07-16 05:24:16.517437+00,FVG - 5m,1
COWUSDT,2026-07-15 12:23:49.67033+00,2026-07-15 12:34:54.998889+00,Scalping Clone,0
SKHYUSDT,2026-07-15 12:29:26.456242+00,2026-07-15 12:30:18.369355+00,FVG - 15m,1
UBUSDT,2026-07-15 12:29:30.54955+00,2026-07-15 12:31:16.663201+00,FVG - 1m,1
MAGMAUSDT,2026-07-15 12:33:24.057975+00,2026-07-15 13:47:12.839765+00,FVG - 15m,1
USELESSUSDT,2026-07-15 12:33:29.529947+00,2026-07-15 13:10:11.711715+00,FVG - 1m,0
HYPEUSDT,2026-07-15 12:34:38.788767+00,2026-07-15 14:58:55.82588+00,Scalping Clone,0
IOTAUSDT,2026-07-15 12:34:44.870514+00,2026-07-15 14:40:44.554895+00,Scalping Clone,0
SAHARAUSDT,2026-07-15 12:34:57.033311+00,2026-07-15 16:25:22.108749+00,Scalping Clone,0
RIFUSDT,2026-07-15 12:42:37.570346+00,2026-07-15 12:50:14.987661+00,FVG - 5m,1
GRAMUSDT,2026-07-15 12:55:22.076791+00,2026-07-15 16:36:37.865267+00,FVG - 1m,0
TAIKOUSDT,2026-07-15 12:55:28.184603+00,2026-07-15 13:47:12.892986+00,FVG - 5m,0
SOLUSDT,2026-07-15 13:02:12.158616+00,2026-07-16 07:36:20.66406+00,MA Slope Caso 3,1
ENSOUSDT,2026-07-15 13:08:22.277627+00,2026-07-15 15:20:03.364513+00,MA Slope Caso 3 (15m),1
CCUSDT,2026-07-15 13:11:29.880363+00,2026-07-15 13:15:12.917941+00,FVG - 1m,0
FFUSDT,2026-07-15 13:18:01.486822+00,2026-07-15 13:18:51.391279+00,FVG - 1m,1
BILLUSDT,2026-07-15 13:24:03.498293+00,2026-07-15 13:24:57.526363+00,FVG - 1m,0
XPINUSDT,2026-07-15 13:29:08.241172+00,2026-07-15 13:48:02.579294+00,FVG - 1m,1
PIEVERSEUSDT,2026-07-15 13:46:56.615214+00,2026-07-15 13:48:03.585392+00,FVG - 5m,0
STABLEUSDT,2026-07-15 13:47:02.737954+00,2026-07-15 13:48:48.87111+00,MA Slope Caso 2,0
MUBARAKUSDT,2026-07-15 13:54:52.689197+00,2026-07-15 15:13:41.065448+00,FVG - 15m,0
AXTIUSDT,2026-07-15 13:54:56.772363+00,2026-07-15 14:24:41.292416+00,FVG - 1m,1
EVAAUSDT,2026-07-15 13:55:02.873789+00,2026-07-15 13:56:56.364322+00,FVG - 5m,1
BOTUSDT,2026-07-15 14:00:43.860661+00,2026-07-15 14:24:44.201943+00,FVG - 5m,1
JSTUSDT,2026-07-15 14:08:31.373562+00,2026-07-15 14:10:53.576135+00,FVG - 5m,0
VVVUSDT,2026-07-15 14:08:35.419741+00,2026-07-16 14:18:26.31819+00,MA Slope Caso 2,0
MANTAUSDT,2026-07-15 14:08:41.509968+00,2026-07-15 14:09:54.950175+00,MA Slope Caso 3 (15m),1
BIRBUSDT,2026-07-15 14:11:51.019863+00,2026-07-15 14:39:44.101939+00,FVG - 5m,0
TNSRUSDT,2026-07-15 14:11:57.092146+00,2026-07-15 17:35:40.720484+00,MA Slope Caso 3 (15m),1
INXUSDT,2026-07-15 14:27:30.781852+00,2026-07-15 14:35:16.201671+00,FVG - 1m,1
BTWUSDT,2026-07-15 14:27:34.824131+00,2026-07-15 15:00:19.864524+00,FVG - 5m,1
ALLOUSDT,2026-07-15 14:33:12.81971+00,2026-07-15 15:11:15.593745+00,FVG - 1m,1
FOLKSUSDT,2026-07-15 14:39:51.962235+00,2026-07-15 14:40:35.473334+00,FVG - 1m,1
WOOUSDT,2026-07-15 14:39:55.352134+00,2026-07-15 16:58:08.019553+00,FVG - 5m,0
PAXGUSDT,2026-07-15 14:39:59.221221+00,2026-07-15 16:35:33.769523+00,MA Slope Caso 3 (15m),1
SNXXUSDT,2026-07-15 14:49:22.194382+00,2026-07-15 14:52:44.834465+00,FVG - 1m,1
0GUSDT,2026-07-15 14:49:31.031813+00,2026-07-15 16:51:29.720222+00,Standard Scalping,0
KAITOUSDT,2026-07-15 14:58:21.265304+00,2026-07-15 16:29:46.851339+00,FVG - 1m,0
NMRUSDT,2026-07-15 15:08:26.053928+00,2026-07-15 15:57:22.820397+00,FVG - 5m,1
1000BONKUSDT,2026-07-15 15:08:30.88914+00,2026-07-15 23:48:36.900689+00,MA Slope Caso 1,0
UAIUSDT,2026-07-15 15:20:56.770109+00,2026-07-15 17:20:54.282412+00,FVG - 15m,1
FLOCKUSDT,2026-07-15 15:21:02.855664+00,2026-07-15 15:21:55.565565+00,FVG - 1m,1
XRPUSDT,2026-07-15 15:21:08.969221+00,2026-07-16 17:58:04.345549+00,MA Slope Caso 3 (15m),1
MVLLUSDT,2026-07-15 15:33:25.884154+00,2026-07-15 15:36:03.511094+00,FVG - 1m,0
HEMIUSDT,2026-07-15 15:42:22.605065+00,2026-07-15 15:50:06.677665+00,FVG - 1m,0
PLTRUSDT,2026-07-15 15:42:38.913024+00,2026-07-15 16:06:28.677694+00,Standard Scalping,0
EPICUSDT,2026-07-15 15:55:39.414843+00,2026-07-15 16:25:21.919188+00,FVG - 1m,1
RPLUSDT,2026-07-15 16:09:58.122393+00,2026-07-15 16:21:05.10064+00,Compresion ADN - Micro (5m),0
BANKUSDT,2026-07-15 16:19:12.762386+00,2026-07-15 16:25:45.43211+00,FVG - 5m,0
NATGASUSDT,2026-07-15 16:19:22.846966+00,2026-07-16 15:01:48.271236+00,MA Slope Caso 1,0
SKYUSDT,2026-07-15 16:29:23.001178+00,2026-07-15 16:34:11.784936+00,FVG - 1m,0
ONDOUSDT,2026-07-15 16:29:27.099641+00,2026-07-15 17:46:29.730308+00,FVG - 5m,1
AIXBTUSDT,2026-07-15 16:33:59.62552+00,2026-07-15 21:38:34.342275+00,FVG - 1m,0
NFLXUSDT,2026-07-15 16:44:07.387368+00,2026-07-16 14:11:47.978389+00,MA Slope Caso 3 (15m),1
IDUSDT,2026-07-15 16:51:02.682371+00,2026-07-15 18:06:44.548739+00,Compresion ADN - Micro (5m),0
ORDERUSDT,2026-07-15 16:57:42.257571+00,2026-07-15 18:58:40.602379+00,Standard Scalping,0
ZROUSDT,2026-07-15 17:04:08.314259+00,2026-07-15 17:04:38.37107+00,FVG - 1m,0
MEUSDT,2026-07-15 17:04:12.383251+00,2026-07-15 17:05:02.018266+00,FVG - 5m,1
ZKUSDT,2026-07-15 17:10:25.44887+00,2026-07-15 17:11:42.135056+00,FVG - 1m,0
THEUSDT,2026-07-15 17:15:15.465885+00,2026-07-15 20:35:34.300281+00,FVG - 1m,0
ETHFIUSDT,2026-07-15 17:15:19.526759+00,2026-07-15 17:25:47.557105+00,FVG - 5m,1
NAORISUSDT,2026-07-15 17:15:36.907019+00,2026-07-15 17:16:56.11233+00,Standard Scalping,0
WLDUSDT,2026-07-15 17:24:51.665853+00,2026-07-15 17:27:00.718695+00,FVG - 1m,0
BELUSDT,2026-07-15 17:35:30.790207+00,2026-07-15 23:58:41.857276+00,FVG - 15m,1
SKLUSDT,2026-07-15 17:35:44.201874+00,2026-07-15 17:40:32.226601+00,MA Cross Momentum,0
HOODUSDT,2026-07-15 17:35:56.420895+00,2026-07-16 13:31:18.752288+00,MA Slope Caso 3 (15m),1
TRBUSDT,2026-07-15 17:45:08.556035+00,2026-07-16 06:58:05.753259+00,MA Slope Caso 1,0
HIMSUSDT,2026-07-15 17:58:14.958895+00,2026-07-16 08:21:24.445453+00,Standard Scalping,0
SCRUSDT,2026-07-15 18:05:03.421304+00,2026-07-15 18:17:48.102938+00,FVG - 1m,0
NOMUSDT,2026-07-15 18:15:37.35486+00,2026-07-16 07:36:18.504764+00,Compresion ADN - Micro (5m),0
ACTUSDT,2026-07-15 18:20:32.351796+00,2026-07-15 19:49:50.892735+00,FVG - 1m,1
BEAMXUSDT,2026-07-15 18:20:40.473646+00,2026-07-15 18:27:28.583592+00,FVG - 5m,1
TLMUSDT,2026-07-15 18:35:12.386477+00,2026-07-15 18:49:48.234774+00,FVG - 5m,0
PYTHUSDT,2026-07-15 18:58:06.19443+00,2026-07-15 20:49:31.0329+00,FVG - 5m,0
HOTUSDT,2026-07-15 19:04:45.411874+00,2026-07-15 19:31:13.921705+00,FVG - 5m,0
CAPUSDT,2026-07-15 19:04:53.516243+00,2026-07-15 21:46:06.026977+00,Standard Scalping,0
ANKRUSDT,2026-07-15 19:35:31.140969+00,2026-07-15 20:32:06.772412+00,FVG - 5m,0
HOLOUSDT,2026-07-15 19:56:25.430267+00,2026-07-15 20:38:59.418728+00,FVG - 1m,1
MOVEUSDT,2026-07-15 20:35:45.831831+00,2026-07-16 06:02:45.606691+00,FVG - 1m,0
PHAUSDT,2026-07-15 20:43:42.774299+00,2026-07-15 22:05:09.567645+00,FVG - 1m,0
SANTOSUSDT,2026-07-15 20:43:50.952975+00,2026-07-15 22:53:56.71059+00,FVG - 5m,0
WUSDT,2026-07-15 20:58:49.403682+00,2026-07-16 21:13:44.081045+00,FVG - 5m,1
MINAUSDT,2026-07-15 21:05:51.507142+00,2026-07-16 01:24:12.047891+00,LSE Counter-Trend ,0
VIRTUALUSDT,2026-07-15 21:12:28.607998+00,2026-07-15 23:12:55.315629+00,Standard Scalping,0
PUMPUSDT,2026-07-15 21:17:22.975773+00,2026-07-15 21:45:54.86356+00,FVG - 15m,1
SQDUSDT,2026-07-15 21:35:57.387195+00,2026-07-15 22:50:22.577584+00,LSE Counter-Trend ,0
EIGENUSDT,2026-07-15 21:44:29.119796+00,2026-07-15 22:55:25.531033+00,FVG - 1m,1
SENTUSDT,2026-07-15 21:57:02.314414+00,2026-07-15 22:45:14.145466+00,FVG - 15m,0
HOLOUSDT,2026-07-15 22:14:19.326302+00,2026-07-16 00:19:08.124805+00,Scalping Clone,0
CFGUSDT,2026-07-15 22:18:24.47945+00,2026-07-15 22:19:44.001155+00,FVG - 1m,1
AKEUSDT,2026-07-15 22:44:15.547679+00,2026-07-15 22:45:39.907815+00,FVG - 1m,1
GWEIUSDT,2026-07-15 22:50:48.72268+00,2026-07-16 00:00:43.727205+00,FVG - 15m,0
SIRENUSDT,2026-07-15 22:50:53.202561+00,2026-07-15 22:58:36.333619+00,FVG - 1m,1
NBISUSDT,2026-07-15 22:58:08.966791+00,2026-07-16 00:00:27.725017+00,FVG - 1m,0
INTWUSDT,2026-07-15 22:58:13.052337+00,2026-07-16 00:00:15.613355+00,FVG - 5m,0
ASTSUSDT,2026-07-15 23:05:41.622609+00,2026-07-16 12:17:39.865403+00,FVG - 1m,0
GALAUSDT,2026-07-15 23:50:59.455915+00,2026-07-16 08:04:18.903738+00,MA Slope Caso 1,0
BASUSDT,2026-07-15 23:59:19.507688+00,2026-07-16 10:14:42.687544+00,FVG - 15m,0
BEUSDT,2026-07-16 00:11:53.248022+00,2026-07-16 02:50:01.976313+00,FVG - 15m,1
SOXLUSDT,2026-07-16 00:11:58.427318+00,2026-07-16 00:18:03.061233+00,FVG - 5m,0
BULLAUSDT,2026-07-16 00:18:16.643767+00,2026-07-16 04:24:04.536385+00,FVG - 1m,0
FRAXUSDT,2026-07-16 00:23:30.368021+00,2026-07-16 02:38:25.777275+00,FVG - 5m,1
HYUNDAIUSDT,2026-07-16 00:40:17.048749+00,2026-07-16 01:06:12.761269+00,Compresion ADN - Micro (5m),0
MEGAUSDT,2026-07-16 01:08:30.000847+00,2026-07-16 02:33:02.544584+00,Compresion ADN - Micro (5m),0
NOTUSDT,2026-07-16 02:23:56.412153+00,2026-07-16 06:32:25.846214+00,LSE Counter-Trend ,0
ETHFIUSDT,2026-07-16 02:34:15.795716+00,2026-07-16 05:17:00.749681+00,Standard Scalping,0
SNXUSDT,2026-07-16 02:40:31.53144+00,2026-07-16 02:52:18.739928+00,Compresion ADN - Micro (5m),0
LITEUSDT,2026-07-16 02:46:23.471334+00,2026-07-16 04:22:15.416425+00,FVG - 5m,0
ZECUSDT,2026-07-16 02:51:16.303605+00,2026-07-16 02:56:08.306925+00,FVG - 15m,1
TACUSDT,2026-07-16 02:57:23.257108+00,2026-07-16 05:42:22.601681+00,FVG - 15m,0
BSVUSDT,2026-07-16 03:39:38.469277+00,2026-07-16 06:34:36.76884+00,Compresion ADN - Micro (5m),0
AIGENSYNUSDT,2026-07-16 03:48:04.981814+00,2026-07-16 04:07:18.593107+00,Standard Scalping,0
SKHYUSDT,2026-07-16 04:10:34.424063+00,2026-07-16 12:07:23.650022+00,MA Slope Caso 2,0
HEIUSDT,2026-07-16 04:29:56.785816+00,2026-07-16 04:39:56.138995+00,FVG - 1m,1
FFUSDT,2026-07-16 04:30:00.844861+00,2026-07-16 06:27:14.440559+00,FVG - 5m,0
MORPHOUSDT,2026-07-16 04:42:21.218194+00,2026-07-16 04:48:00.185851+00,FVG - 1m,1
XPLUSDT,2026-07-16 04:49:39.648834+00,2026-07-16 05:53:37.960782+00,FVG - 1m,0
EDGEUSDT,2026-07-16 05:06:25.627221+00,2026-07-16 07:33:32.963292+00,Standard Scalping,0
MVLLUSDT,2026-07-16 05:27:02.96107+00,2026-07-16 05:34:19.016589+00,FVG - 5m,0
FLOCKUSDT,2026-07-16 05:41:32.428486+00,2026-07-16 05:49:07.988872+00,FVG - 5m,0
ALCHUSDT,2026-07-16 05:50:30.629409+00,2026-07-16 18:01:44.838175+00,FVG - 15m,0
ZBTUSDT,2026-07-16 05:50:34.635921+00,2026-07-16 06:54:08.078589+00,FVG - 5m,0
ESPORTSUSDT,2026-07-16 06:02:07.408512+00,2026-07-16 08:00:19.785209+00,FVG - 1m,1
HOMEUSDT,2026-07-16 06:12:00.462135+00,2026-07-16 06:14:52.353874+00,FVG - 1m,0
LABUSDT,2026-07-16 06:19:50.434053+00,2026-07-16 06:26:26.864076+00,FVG - 1m,1
BLUAIUSDT,2026-07-16 06:31:45.250942+00,2026-07-16 06:32:52.005618+00,FVG - 1m,0
HUSDT,2026-07-16 06:31:48.690143+00,2026-07-16 06:36:21.560751+00,FVG - 5m,0
BSBUSDT,2026-07-16 06:42:11.557998+00,2026-07-16 06:57:26.133596+00,FVG - 1m,0
ONDOUSDT,2026-07-16 06:42:17.633002+00,2026-07-16 06:44:19.202797+00,FVG - 5m,1
PTBUSDT,2026-07-16 06:50:54.917656+00,2026-07-16 07:04:02.613382+00,FVG - 5m,0
NVOUSDT,2026-07-16 07:01:26.271823+00,2026-07-16 08:13:45.008495+00,Compresion ADN - Micro (5m),0
TACUSDT,2026-07-16 07:01:30.206236+00,2026-07-16 07:27:36.838246+00,FVG - 1m,0
STARUSDT,2026-07-16 07:01:35.688309+00,2026-07-16 09:10:22.657075+00,FVG - 5m,0
TERUSDT,2026-07-16 07:01:41.354966+00,2026-07-16 08:11:14.310527+00,MA Slope Caso 1,0
BANKUSDT,2026-07-16 07:11:41.244427+00,2026-07-16 07:12:12.560966+00,FVG - 5m,1
BEATUSDT,2026-07-16 07:22:56.148166+00,2026-07-16 07:49:26.759912+00,FVG - 5m,0
DEXEUSDT,2026-07-16 07:32:48.69644+00,2026-07-16 12:24:42.321505+00,FVG - 1m,1
AAPLUSDT,2026-07-16 07:43:21.690892+00,2026-07-16 15:50:27.622789+00,MA Slope Caso 3,1
CAPUSDT,2026-07-16 07:54:05.519397+00,2026-07-16 08:31:07.064491+00,FVG - 5m,1
EPICUSDT,2026-07-16 08:12:42.097304+00,2026-07-16 08:16:19.511213+00,FVG - 1m,1
AMZNUSDT,2026-07-16 08:21:00.932848+00,2026-07-16 19:44:21.921343+00,MA Slope Caso 3,1
AIOUSDT,2026-07-16 08:29:39.156589+00,2026-07-16 08:30:32.963733+00,FVG - 1m,1
USELESSUSDT,2026-07-16 08:40:57.665636+00,2026-07-16 08:41:56.302055+00,FVG - 1m,0
USUSDT,2026-07-16 08:41:02.984335+00,2026-07-16 08:53:04.462361+00,FVG - 5m,1
JSTUSDT,2026-07-16 08:41:07.42042+00,2026-07-17 04:26:15.834121+00,MA Slope Caso 1,0
KORUUSDT,2026-07-16 08:49:54.562011+00,2026-07-16 11:05:12.910104+00,FVG - 1m,0
HYUNDAIUSDT,2026-07-16 08:49:59.344822+00,2026-07-16 10:35:19.676438+00,MA Slope Caso 1,0
RAVEUSDT,2026-07-16 08:59:42.631617+00,2026-07-16 09:44:22.271068+00,FVG - 5m,1
SOXLUSDT,2026-07-16 09:18:49.213545+00,2026-07-16 09:29:23.576766+00,FVG - 5m,0
龙虾USDT,2026-07-16 09:32:47.224533+00,2026-07-16 09:52:16.44319+00,FVG - 5m,1
RECALLUSDT,2026-07-16 09:43:37.575571+00,2026-07-16 11:22:45.579102+00,Compresion ADN - Micro (5m),0
RECALLUSDT,2026-07-16 09:43:49.706742+00,2026-07-16 10:58:26.323117+00,Standard Scalping,0
SKYAIUSDT,2026-07-16 09:51:40.091794+00,2026-07-16 10:07:04.808152+00,FVG - 5m,0
JCTUSDT,2026-07-16 10:00:52.892795+00,2026-07-16 10:14:24.70909+00,FVG - 5m,0
BILLUSDT,2026-07-16 10:10:35.79468+00,2026-07-16 10:13:34.679077+00,FVG - 5m,0
EVAAUSDT,2026-07-16 10:22:24.440639+00,2026-07-17 03:32:38.484581+00,FVG - 15m,0
TUSDT,2026-07-16 10:22:28.050299+00,2026-07-16 11:06:39.151609+00,FVG - 5m,0
MOVRUSDT,2026-07-16 10:35:11.571871+00,2026-07-16 17:14:29.612731+00,Compresion ADN - Micro (5m),0
EGLDUSDT,2026-07-16 10:35:17.646176+00,2026-07-16 11:16:07.485384+00,FVG - 5m,0
ARCUSDT,2026-07-16 10:47:19.874983+00,2026-07-16 11:14:07.064145+00,MA Slope Caso 1,0
GENIUSUSDT,2026-07-16 10:56:05.448685+00,2026-07-16 14:53:53.958231+00,Compresion ADN - Micro (5m),0
TRIAUSDT,2026-07-16 11:03:56.778428+00,2026-07-16 15:39:52.860531+00,FVG - 15m,0
RAVEUSDT,2026-07-16 11:04:01.969151+00,2026-07-16 13:06:30.67567+00,Standard Scalping,0
VIRTUALUSDT,2026-07-16 11:17:53.313811+00,2026-07-16 11:20:28.847566+00,FVG - 1m,1
KATUSDT,2026-07-16 11:17:58.450151+00,2026-07-16 11:25:39.011866+00,FVG - 5m,1
BOTUSDT,2026-07-16 11:18:03.510292+00,2026-07-16 13:28:09.110351+00,MA Slope Caso 1,0
BANUSDT,2026-07-16 11:30:51.390625+00,2026-07-16 18:29:12.027047+00,Compresion ADN - Micro (5m),0
OPNUSDT,2026-07-16 11:30:55.709187+00,2026-07-16 11:31:15.00168+00,FVG - 1m,0
LIGHTUSDT,2026-07-16 11:30:59.006601+00,2026-07-16 19:55:12.033887+00,FVG - 5m,0
AIOTUSDT,2026-07-16 11:39:48.054322+00,2026-07-16 14:47:29.563082+00,FVG - 1m,0
NIGHTUSDT,2026-07-16 11:49:02.961206+00,2026-07-16 12:33:03.520947+00,FVG - 5m,0
BASUSDT,2026-07-16 12:06:24.110122+00,2026-07-16 12:07:51.923292+00,MA Cross Momentum,0
DOGEUSDT,2026-07-16 12:15:33.373193+00,2026-07-17 05:46:12.257648+00,MA Slope Caso 2,0
BASEDUSDT,2026-07-16 12:23:41.848652+00,2026-07-16 12:26:12.980765+00,FVG - 1m,1
SOXSUSDT,2026-07-16 12:29:02.989931+00,2026-07-16 12:37:40.152452+00,FVG - 1m,1
BEUSDT,2026-07-16 12:32:59.484906+00,2026-07-16 12:34:46.724711+00,FVG - 1m,0
UBUSDT,2026-07-16 12:42:10.130717+00,2026-07-16 13:01:36.650826+00,FVG - 1m,1
SYRUPUSDT,2026-07-16 12:42:14.169285+00,2026-07-16 12:42:34.033837+00,FVG - 5m,0
BASEDUSDT,2026-07-16 12:42:22.256841+00,2026-07-16 15:20:29.993292+00,Standard Scalping,0
INTWUSDT,2026-07-16 12:51:30.012693+00,2026-07-16 13:28:52.068821+00,FVG - 1m,0
SXTUSDT,2026-07-16 12:51:34.647052+00,2026-07-16 12:53:07.371201+00,FVG - 5m,0
ZESTUSDT,2026-07-16 12:58:59.258475+00,2026-07-16 13:07:09.721208+00,FVG - 5m,0
AKEUSDT,2026-07-16 13:20:58.566315+00,2026-07-16 13:24:15.394243+00,FVG - 1m,1
FWDIUSDT,2026-07-16 13:32:59.210404+00,2026-07-16 13:43:25.47811+00,FVG - 1m,0
AERGOUSDT,2026-07-16 13:33:05.294375+00,2026-07-16 14:02:48.798814+00,FVG - 5m,0
PIEVERSEUSDT,2026-07-16 13:33:09.346562+00,2026-07-16 16:13:04.852708+00,MA Slope Caso 1,0
MNTUSDT,2026-07-16 13:33:15.392438+00,2026-07-16 14:48:09.323589+00,MA Slope Caso 3 (15m),1
SNXXUSDT,2026-07-16 13:41:47.62678+00,2026-07-16 13:44:31.932486+00,FVG - 1m,1
TAKEUSDT,2026-07-16 13:49:03.630093+00,2026-07-16 15:16:02.233537+00,FVG - 1m,0
COLLECTUSDT,2026-07-16 13:57:55.771505+00,2026-07-16 14:05:57.398233+00,FVG - 1m,1
SNDKUSDT,2026-07-16 14:04:48.29183+00,2026-07-16 14:32:20.230714+00,FVG - 5m,0
KAITOUSDT,2026-07-16 14:18:02.027039+00,2026-07-16 14:19:47.849561+00,FVG - 1m,0
BZUSDT,2026-07-16 14:18:08.124676+00,2026-07-17 14:05:26.80165+00,MA Slope Caso 3 (15m),1
SUIUSDT,2026-07-16 14:31:08.820687+00,2026-07-17 13:42:40.631393+00,MA Slope Caso 2,0
NOWUSDT,2026-07-16 14:39:31.605884+00,2026-07-16 16:00:15.643877+00,FVG - 1m,0
TAIKOUSDT,2026-07-16 14:39:36.15975+00,2026-07-16 22:27:21.540272+00,FVG - 5m,0
JELLYJELLYUSDT,2026-07-16 14:47:35.247592+00,2026-07-16 15:56:09.596493+00,FVG - 1m,0
ORCAUSDT,2026-07-16 14:55:55.911139+00,2026-07-17 04:26:24.151228+00,MA Slope Caso 3 (15m),1
OGNUSDT,2026-07-16 15:05:18.896665+00,2026-07-16 15:20:15.708533+00,Compresion ADN - Micro (5m),0
SLXUSDT,2026-07-16 15:05:27.086123+00,2026-07-18 00:40:43.848426+00,MA Slope Caso 1,0
BBXUSDT,2026-07-16 15:19:57.470618+00,2026-07-16 15:30:22.103826+00,FVG - 1m,0
BLENDUSDT,2026-07-16 15:20:03.550612+00,2026-07-16 19:20:09.652253+00,LSE Counter-Trend ,0
ESPUSDT,2026-07-16 15:32:35.658843+00,2026-07-17 03:55:12.169269+00,Compresion ADN - Micro (5m),0
TLMUSDT,2026-07-16 15:39:58.438939+00,2026-07-16 15:51:21.445238+00,FVG - 15m,0
CFGUSDT,2026-07-16 15:40:04.506084+00,2026-07-16 15:46:43.285319+00,FVG - 1m,1
ARMUSDT,2026-07-16 15:50:32.500711+00,2026-07-16 16:05:31.239097+00,FVG - 1m,0
MSFTUSDT,2026-07-16 15:50:42.856164+00,2026-07-17 15:18:27.887191+00,MA Slope Caso 3,1
CRDOUSDT,2026-07-16 15:59:39.646307+00,2026-07-16 16:00:35.48946+00,FVG - 1m,0
MMTUSDT,2026-07-16 16:09:56.64021+00,2026-07-16 22:27:21.617562+00,FVG - 15m,1
AGLDUSDT,2026-07-16 16:10:00.736301+00,2026-07-16 16:46:37.925455+00,FVG - 1m,0
MUBARAKUSDT,2026-07-16 16:13:45.011715+00,2026-07-16 16:20:46.8098+00,FVG - 1m,1
1000BONKUSDT,2026-07-16 16:13:51.09309+00,2026-07-16 17:59:04.553214+00,MA Slope Caso 1,0
ALLOUSDT,2026-07-16 16:18:45.888799+00,2026-07-16 16:33:32.139134+00,FVG - 1m,0
ENAUSDT,2026-07-16 16:23:49.061842+00,2026-07-16 16:26:26.730486+00,FVG - 1m,1
ORCLUSDT,2026-07-16 16:28:46.165142+00,2026-07-16 17:43:32.392273+00,FVG - 1m,0
SENTUSDT,2026-07-16 16:44:49.240812+00,2026-07-16 17:54:33.687523+00,FVG - 1m,1
HIMSUSDT,2026-07-16 16:52:52.961629+00,2026-07-16 17:57:27.629968+00,FVG - 1m,0
AXTIUSDT,2026-07-16 17:49:53.983753+00,2026-07-16 17:51:31.310505+00,FVG - 1m,0
ASTSUSDT,2026-07-16 17:57:33.034241+00,2026-07-16 20:02:47.658285+00,FVG - 1m,0
GWEIUSDT,2026-07-16 18:03:40.36632+00,2026-07-16 18:06:49.469352+00,FVG - 1m,0
LTCUSDT,2026-07-16 18:03:43.903057+00,2026-07-17 03:25:55.353089+00,MA Slope Caso 3 (15m),1
LUMIAUSDT,2026-07-16 18:16:13.84536+00,2026-07-17 03:19:22.955651+00,Compresion ADN - Micro (5m),0
MANTRAUSDT,2026-07-16 18:16:20.509571+00,2026-07-16 18:17:36.883436+00,FVG - 15m,0
RESOLVUSDT,2026-07-16 18:16:25.029005+00,2026-07-16 20:27:08.702456+00,FVG - 1m,1
BCHUSDT,2026-07-16 18:16:30.903347+00,2026-07-17 13:12:30.697438+00,MA Slope Caso 1,0
1000XECUSDT,2026-07-16 18:28:06.007894+00,2026-07-17 00:08:37.374263+00,FVG - 15m,1
GPSUSDT,2026-07-16 18:28:12.075289+00,2026-07-16 18:35:38.926277+00,FVG - 1m,0
ENSUSDT,2026-07-16 18:54:40.924794+00,2026-07-16 22:41:27.029118+00,Compresion ADN - Micro (5m),0
NBISUSDT,2026-07-16 18:54:46.031438+00,2026-07-16 19:04:23.563068+00,FVG - 1m,1
ERAUSDT,2026-07-16 19:08:15.072538+00,2026-07-16 19:09:59.269823+00,FVG - 1m,0
HMSTRUSDT,2026-07-16 19:14:38.919939+00,2026-07-16 19:39:00.673551+00,FVG - 1m,0
MYXUSDT,2026-07-16 19:44:15.09283+00,2026-07-16 20:04:43.809354+00,FVG - 1m,1
RKLBUSDT,2026-07-16 19:57:56.936375+00,2026-07-16 22:50:03.836118+00,FVG - 5m,0
FOLKSUSDT,2026-07-16 20:31:20.931755+00,2026-07-16 21:07:49.921951+00,FVG - 1m,0
NFLXUSDT,2026-07-16 20:34:07.41244+00,2026-07-16 21:03:43.549241+00,FVG - 1m,1
MAGMAUSDT,2026-07-16 20:42:50.193132+00,2026-07-16 20:51:53.747032+00,FVG - 1m,1
DODOXUSDT,2026-07-16 20:58:48.793379+00,2026-07-16 21:03:52.973373+00,FVG - 1m,0
SPELLUSDT,2026-07-16 21:07:47.374033+00,2026-07-16 21:12:58.555582+00,FVG - 1m,1
ROBOUSDT,2026-07-16 21:13:33.737413+00,2026-07-17 03:32:53.687458+00,FVG - 1m,1
XANUSDT,2026-07-16 21:20:24.371384+00,2026-07-16 21:45:28.695679+00,FVG - 1m,0
ALPINEUSDT,2026-07-16 21:30:34.201901+00,2026-07-16 21:30:48.653501+00,FVG - 1m,1
GLWUSDT,2026-07-16 21:34:58.958958+00,2026-07-16 22:20:23.725372+00,FVG - 5m,0
EIGENUSDT,2026-07-16 21:48:21.079157+00,2026-07-16 22:12:23.285525+00,FVG - 1m,1
STGUSDT,2026-07-16 22:09:38.43+00,2026-07-16 22:31:14.931776+00,FVG - 1m,1
GUAUSDT,2026-07-16 22:09:43.319921+00,2026-07-17 00:07:43.045901+00,MA Slope Caso 3,1
VELVETUSDT,2026-07-16 22:19:57.51868+00,2026-07-16 23:56:58.072899+00,FVG - 1m,1
XPINUSDT,2026-07-16 22:30:52.645026+00,2026-07-17 08:32:49.350462+00,FVG - 5m,0
MOVEUSDT,2026-07-16 22:41:36.70269+00,2026-07-17 03:49:38.689991+00,FVG - 1m,1
RIFUSDT,2026-07-16 22:41:44.796901+00,2026-07-16 23:03:30.438421+00,FVG - 5m,0
KSTRUSDT,2026-07-16 22:49:39.669546+00,2026-07-16 23:40:09.116072+00,FVG - 15m,0
TRUTHUSDT,2026-07-16 22:55:38.501358+00,2026-07-17 02:15:14.197278+00,FVG - 5m,1
BUSDT,2026-07-16 23:32:45.750624+00,2026-07-16 23:41:33.908497+00,FVG - 5m,1
PUMPUSDT,2026-07-16 23:43:16.222628+00,2026-07-16 23:51:23.969922+00,FVG - 15m,1
ZECUSDT,2026-07-16 23:43:24.247325+00,2026-07-17 17:05:25.827042+00,MA Slope Caso 2,0
SPCXUSDT,2026-07-16 23:53:47.373094+00,2026-07-17 19:06:22.520653+00,FVG - 15m,1
NOMUSDT,2026-07-17 00:04:29.928987+00,2026-07-17 05:40:48.438347+00,FVG - 5m,0
LDOUSDT,2026-07-17 00:11:50.38028+00,2026-07-17 00:15:59.891347+00,FVG - 15m,1
2ZUSDT,2026-07-17 00:11:54.425366+00,2026-07-17 00:15:03.289596+00,FVG - 1m,1
PLUMEUSDT,2026-07-17 00:15:54.284045+00,2026-07-17 00:16:52.922095+00,FVG - 1m,0
XAUTUSDT,2026-07-17 00:21:49.192386+00,2026-07-17 12:45:32.166615+00,Compresion ADN - Micro (5m),0
SKLUSDT,2026-07-17 00:21:55.293572+00,2026-07-17 01:37:43.365513+00,FVG - 15m,0
METUSDT,2026-07-17 00:21:59.400067+00,2026-07-17 00:23:34.053537+00,FVG - 1m,0
XMRUSDT,2026-07-17 00:22:04.818842+00,2026-07-17 08:30:30.240344+00,MA Slope Caso 3,1
COOKIEUSDT,2026-07-17 00:26:49.78784+00,2026-07-17 01:00:11.65635+00,FVG - 1m,1
VANAUSDT,2026-07-17 01:04:41.168258+00,2026-07-17 01:10:17.147152+00,FVG - 1m,0
MUUUSDT,2026-07-17 01:15:20.716449+00,2026-07-17 01:28:36.335033+00,FVG - 1m,1
ACHUSDT,2026-07-17 01:46:12.471873+00,2026-07-17 02:29:46.957027+00,FVG - 1m,1
SPORTFUNUSDT,2026-07-17 01:46:17.520933+00,2026-07-17 03:39:07.754348+00,MA Cross Momentum,0
SPORTFUNUSDT,2026-07-17 01:46:25.951834+00,2026-07-17 03:49:52.023191+00,Scalping Clone,0
SPORTFUNUSDT,2026-07-17 01:46:28.855749+00,2026-07-17 03:39:07.77498+00,Standard Scalping,0
0GUSDT,2026-07-17 01:57:10.504102+00,2026-07-17 04:52:45.538184+00,FVG - 15m,0
MMTUSDT,2026-07-17 01:57:20.481021+00,2026-07-17 04:26:20.084704+00,Standard Scalping,0
OUSDT,2026-07-17 02:19:48.252121+00,2026-07-17 23:10:50.115693+00,FVG - 5m,0
YBUSDT,2026-07-17 02:32:02.551278+00,2026-07-17 02:32:13.716477+00,FVG - 1m,1
RAVEUSDT,2026-07-17 03:32:03.417973+00,2026-07-17 06:41:11.882759+00,FVG - 1m,0
BTCDOMUSDT,2026-07-17 03:32:12.225378+00,2026-07-18 17:23:57.463628+00,MA Slope Caso 3,1
SENTUSDT,2026-07-17 03:32:18.594076+00,2026-07-17 06:46:11.938334+00,MA Slope Caso 3 (15m),1
BANKUSDT,2026-07-17 03:49:01.577384+00,2026-07-17 04:09:55.624301+00,FVG - 15m,1
STARUSDT,2026-07-17 03:49:08.370823+00,2026-07-17 03:49:22.826175+00,FVG - 1m,0
币安人生USDT,2026-07-17 04:05:05.281501+00,2026-07-17 19:14:53.829466+00,Arrow Reversal,1
AVNTUSDT,2026-07-17 04:05:19.552268+00,2026-07-17 05:56:32.539735+00,Compresion ADN - Micro (5m),0
BULLAUSDT,2026-07-17 04:05:27.663879+00,2026-07-17 04:05:31.49562+00,FVG - 1m,1
1000RATSUSDT,2026-07-17 04:25:36.089599+00,2026-07-17 06:04:54.374067+00,FVG - 15m,0
TACUSDT,2026-07-17 04:25:40.149198+00,2026-07-17 04:28:59.43943+00,FVG - 1m,1
HEIUSDT,2026-07-17 04:33:09.146785+00,2026-07-17 04:34:14.449098+00,FVG - 1m,0
CCUSDT,2026-07-17 04:33:13.186569+00,2026-07-17 13:11:32.222327+00,MA Slope Caso 1,0
ESPORTSUSDT,2026-07-17 04:41:17.375161+00,2026-07-17 04:42:35.539609+00,FVG - 1m,1
BLUAIUSDT,2026-07-17 04:52:18.698275+00,2026-07-17 05:00:36.624932+00,FVG - 1m,0
JCTUSDT,2026-07-17 05:05:35.031637+00,2026-07-17 05:48:24.577227+00,FVG - 15m,0
MYXUSDT,2026-07-17 05:05:39.776906+00,2026-07-17 05:07:49.838858+00,FVG - 1m,1
LTCUSDT,2026-07-17 05:05:45.090108+00,2026-07-17 08:19:19.341659+00,MA Slope Caso 3 (15m),1
AKEUSDT,2026-07-17 05:18:49.012841+00,2026-07-17 05:34:03.139005+00,FVG - 1m,0
TUSDT,2026-07-17 05:33:11.531859+00,2026-07-17 08:10:20.559078+00,Compresion ADN - Micro (5m),0
AERGOUSDT,2026-07-17 05:33:17.912284+00,2026-07-17 06:20:21.698361+00,FVG - 1m,0
SPORTFUNUSDT,2026-07-17 05:33:26.116641+00,2026-07-17 08:05:38.179233+00,Standard Scalping,0
GRAMUSDT,2026-07-17 05:48:06.158707+00,2026-07-17 09:06:18.644912+00,FVG - 5m,1
SKYAIUSDT,2026-07-17 06:02:07.082992+00,2026-07-17 06:37:23.056315+00,FVG - 15m,1
ONDOUSDT,2026-07-17 06:15:58.958315+00,2026-07-17 06:34:26.783578+00,FVG - 15m,1
DEXEUSDT,2026-07-17 06:31:36.474257+00,2026-07-17 06:31:50.475848+00,FVG - 1m,1
LINKUSDT,2026-07-17 06:31:41.67522+00,2026-07-17 13:36:26.516164+00,MA Slope Caso 2,0
USARUSDT,2026-07-17 06:45:38.277554+00,2026-07-17 06:57:08.40678+00,FVG - 15m,0
BLESSUSDT,2026-07-17 06:45:43.080461+00,2026-07-17 08:29:52.45743+00,FVG - 1m,0
HOTUSDT,2026-07-17 06:59:40.3043+00,2026-07-17 12:42:04.92147+00,FVG - 15m,0
SOXSUSDT,2026-07-17 06:59:45.375687+00,2026-07-17 06:59:57.09985+00,FVG - 1m,1
WIFUSDT,2026-07-17 06:59:50.585593+00,2026-07-17 16:30:43.287414+00,MA Slope Caso 3 (15m),1
TLMUSDT,2026-07-17 07:12:36.085618+00,2026-07-17 16:38:57.840781+00,FVG - 15m,0
EVAAUSDT,2026-07-17 07:12:40.835409+00,2026-07-17 07:17:19.308138+00,FVG - 1m,1
ROBOUSDT,2026-07-17 07:25:25.278869+00,2026-07-17 07:34:25.645395+00,FVG - 1m,0
AEROUSDT,2026-07-17 07:37:58.885397+00,2026-07-17 12:41:10.519171+00,FVG - 1m,0
RESOLVUSDT,2026-07-17 07:51:40.555597+00,2026-07-17 12:07:57.510217+00,FVG - 1m,0
RIVNUSDT,2026-07-17 08:05:08.625195+00,2026-07-17 08:23:06.51635+00,Compresion ADN - Micro (5m),0
IDOLUSDT,2026-07-17 08:20:16.981908+00,2026-07-17 08:57:57.11227+00,Compresion ADN - Micro (5m),0
DODOXUSDT,2026-07-17 08:32:36.184374+00,2026-07-17 08:36:18.433214+00,FVG - 1m,0
BUSDT,2026-07-17 08:45:04.557628+00,2026-07-17 19:40:45.817562+00,Compresion ADN - Micro (5m),0
1000XECUSDT,2026-07-17 08:45:10.673635+00,2026-07-17 08:47:05.563589+00,FVG - 1m,0
GPSUSDT,2026-07-17 08:45:16.768488+00,2026-07-17 11:06:04.318864+00,FVG - 5m,0
LDOUSDT,2026-07-17 08:45:22.857891+00,2026-07-17 09:09:18.954238+00,MA Slope Caso 3 (15m),1
ENSUSDT,2026-07-17 08:58:53.438775+00,2026-07-19 16:31:17.347465+00,Compresion ADN - Micro (5m),0
VANRYUSDT,2026-07-17 08:58:59.966825+00,2026-07-17 10:27:42.851351+00,FVG - 1m,0
BIOUSDT,2026-07-17 09:12:36.665827+00,2026-07-17 12:20:56.226553+00,FVG - 5m,0
AAPLUSDT,2026-07-17 09:12:42.993779+00,2026-07-19 16:12:21.500446+00,MA Slope Caso 3 (15m),1
SNXXUSDT,2026-07-17 10:38:36.796429+00,2026-07-17 10:55:59.660615+00,FVG - 1m,0
SKHYUSDT,2026-07-17 10:59:25.609182+00,2026-07-17 12:08:00.807501+00,FVG - 1m,1
OGNUSDT,2026-07-17 11:10:35.784247+00,2026-07-17 15:18:27.840985+00,FVG - 5m,0
ZESTUSDT,2026-07-17 12:14:31.833327+00,2026-07-17 12:17:19.437955+00,FVG - 1m,1
LUMIAUSDT,2026-07-17 12:23:56.590391+00,2026-07-17 12:40:34.760802+00,FVG - 1m,0
ALLOUSDT,2026-07-17 12:24:02.107131+00,2026-07-17 20:52:17.163472+00,FVG - 5m,1
BASEDUSDT,2026-07-17 12:24:08.167737+00,2026-07-17 16:27:29.641154+00,LSE Counter-Trend ,0
TREEUSDT,2026-07-17 12:28:13.031248+00,2026-07-17 12:29:48.485756+00,FVG - 1m,0
DYDXUSDT,2026-07-17 12:28:18.69003+00,2026-07-17 17:58:01.947739+00,LSE Counter-Trend ,0
HOMEUSDT,2026-07-17 12:32:32.453921+00,2026-07-17 12:45:32.084568+00,FVG - 1m,0
EPICUSDT,2026-07-17 12:47:15.669794+00,2026-07-17 14:34:08.301347+00,Compresion ADN - Micro (5m),0
BILLUSDT,2026-07-17 12:47:19.748652+00,2026-07-18 02:02:27.046903+00,FVG - 15m,1
SYNUSDT,2026-07-17 12:47:25.840175+00,2026-07-17 13:17:07.957516+00,FVG - 1m,0
MUUUSDT,2026-07-17 12:55:36.791765+00,2026-07-17 13:01:36.498468+00,FVG - 1m,0
VELVETUSDT,2026-07-17 13:00:57.621722+00,2026-07-17 13:21:22.061689+00,FVG - 1m,1
KAITOUSDT,2026-07-17 13:12:34.094249+00,2026-07-17 13:16:53.807201+00,FVG - 1m,1
RPLUSDT,2026-07-17 13:20:40.189343+00,2026-07-17 13:55:24.826034+00,FVG - 1m,0
LABUSDT,2026-07-17 13:20:46.293084+00,2026-07-18 13:22:24.583577+00,MA Slope Caso 1,0
RIFUSDT,2026-07-17 13:27:42.165821+00,2026-07-17 13:55:34.973033+00,FVG - 1m,1
PTBUSDT,2026-07-17 13:27:48.22805+00,2026-07-17 14:12:51.929796+00,MA Clone,0
PTBUSDT,2026-07-17 13:27:52.34034+00,2026-07-17 14:12:51.945947+00,MA Cross Momentum,0
IBMUSDT,2026-07-17 13:28:00.52674+00,2026-07-17 15:25:57.733581+00,MA Slope Caso 1,0
PTBUSDT,2026-07-17 13:28:04.615555+00,2026-07-17 14:18:09.082421+00,Scalping Clone,0
PTBUSDT,2026-07-17 13:28:08.711079+00,2026-07-17 14:18:09.121404+00,Standard Scalping,0
NOMUSDT,2026-07-17 13:32:51.146853+00,2026-07-18 02:51:31.395116+00,FVG - 1m,0
DOTUSDT,2026-07-17 13:54:43.019599+00,2026-07-17 16:27:41.059076+00,MA Slope Caso 2,0
SXTUSDT,2026-07-17 14:01:41.475774+00,2026-07-17 14:22:35.318374+00,FVG - 1m,0
GALAUSDT,2026-07-17 14:01:47.570058+00,2026-07-17 16:57:46.87659+00,MA Slope Caso 2,0
ONEUSDT,2026-07-17 14:08:32.923654+00,2026-07-17 15:18:28.01055+00,FVG - 1m,0
XANUSDT,2026-07-17 14:12:09.91362+00,2026-07-19 16:12:25.43677+00,Arrow Reversal,1
MAGMAUSDT,2026-07-17 14:24:37.197437+00,2026-07-17 14:24:47.563073+00,FVG - 1m,1
FORMUSDT,2026-07-17 14:29:30.319595+00,2026-07-17 19:37:10.885011+00,FVG - 1m,1
WLDUSDT,2026-07-17 14:41:13.008938+00,2026-07-17 15:14:32.249153+00,Compresion ADN - Micro (5m),0
CFXUSDT,2026-07-17 14:41:17.357475+00,2026-07-17 15:12:31.302231+00,MA Slope Caso 3,1
BZUSDT,2026-07-17 15:08:40.138463+00,2026-07-17 18:06:27.643873+00,MA Slope Caso 3 (15m),1
MEUSDT,2026-07-17 15:25:58.294666+00,2026-07-17 23:23:10.046354+00,Compresion ADN - Micro (5m),0
KORUUSDT,2026-07-17 15:26:03.239307+00,2026-07-17 15:34:18.258663+00,FVG - 1m,0
METUSDT,2026-07-17 15:26:07.303933+00,2026-07-17 15:27:03.288494+00,FVG - 5m,0
EWYUSDT,2026-07-17 15:26:13.41469+00,2026-07-18 15:30:00.02039+00,MA Slope Caso 1,0
REUSDT,2026-07-17 15:31:49.937434+00,2026-07-17 15:33:42.065876+00,FVG - 5m,0
TOWNSUSDT,2026-07-17 15:36:04.339554+00,2026-07-17 15:41:09.523782+00,FVG - 1m,0
AVAAIUSDT,2026-07-17 15:36:08.413701+00,2026-07-17 15:50:47.961587+00,FVG - 5m,0
NBISUSDT,2026-07-17 15:43:33.102246+00,2026-07-17 15:53:29.159218+00,FVG - 1m,1
LRCUSDT,2026-07-17 15:59:31.775215+00,2026-07-17 16:00:35.267003+00,FVG - 1m,1
AIGENSYNUSDT,2026-07-17 15:59:35.847127+00,2026-07-17 16:07:50.804899+00,FVG - 5m,0
HUMAUSDT,2026-07-17 16:08:52.951468+00,2026-07-17 16:10:42.239785+00,FVG - 1m,1
MMTUSDT,2026-07-17 16:08:59.086246+00,2026-07-17 20:09:16.502577+00,LSE Counter-Trend ,0
TRIAUSDT,2026-07-17 16:14:46.52797+00,2026-07-17 18:06:44.78946+00,FVG - 5m,0
AAOIUSDT,2026-07-17 16:19:21.794775+00,2026-07-17 17:00:59.435551+00,FVG - 1m,1
XLMUSDT,2026-07-17 16:30:54.604785+00,2026-07-18 18:42:37.352768+00,MA Slope Caso 2,0
XLMUSDT,2026-07-17 16:30:58.668153+00,2026-07-19 15:46:31.403731+00,MA Slope Caso 3 (15m),1
RKLBUSDT,2026-07-17 16:43:09.322556+00,2026-07-17 18:37:44.261083+00,FVG - 15m,0
ARXUSDT,2026-07-17 16:58:00.861741+00,2026-07-17 18:12:02.320368+00,Standard Scalping,0
MSFTUSDT,2026-07-17 17:05:19.674682+00,2026-07-19 16:34:51.666527+00,MA Slope Caso 2,0
COWUSDT,2026-07-17 17:10:56.483254+00,2026-07-17 17:12:51.054606+00,FVG - 1m,0
ZHIPUUSDT,2026-07-17 17:11:03.194462+00,2026-07-17 21:11:41.52526+00,LSE Counter-Trend ,0
ZHIPUUSDT,2026-07-17 17:11:06.803952+00,2026-07-17 22:14:08.800887+00,MA Cross Momentum,0
4USDT,2026-07-17 17:11:15.674891+00,2026-07-18 17:14:10.428031+00,MA Slope Caso 2,0
ZHIPUUSDT,2026-07-17 17:11:20.333376+00,2026-07-17 20:02:03.12962+00,Scalping Clone,0
ZHIPUUSDT,2026-07-17 17:11:24.807516+00,2026-07-17 20:02:07.756501+00,Standard Scalping,0
SAFEUSDT,2026-07-17 17:22:47.964531+00,2026-07-17 17:23:52.533501+00,FVG - 1m,0
UBUSDT,2026-07-17 17:32:22.939426+00,2026-07-17 17:54:52.874577+00,FVG - 1m,0
MVLLUSDT,2026-07-17 17:57:26.655998+00,2026-07-17 19:12:00.072253+00,FVG - 1m,1
XAUUSDT,2026-07-17 18:09:09.710487+00,2026-07-19 18:18:25.822595+00,MA Slope Caso 3 (15m),1
SOXLUSDT,2026-07-17 18:13:43.034691+00,2026-07-17 18:30:17.961602+00,FVG - 5m,1
USUSDT,2026-07-17 18:33:58.856998+00,2026-07-17 21:36:27.47331+00,FVG - 5m,0
MANTRAUSDT,2026-07-17 18:42:07.892876+00,2026-07-17 19:21:07.300844+00,FVG - 15m,0
INTWUSDT,2026-07-17 19:10:39.160576+00,2026-07-17 22:00:34.930822+00,FVG - 15m,0
TAGUSDT,2026-07-17 19:14:29.311862+00,2026-07-17 20:41:37.052591+00,FVG - 1m,1
ASTSUSDT,2026-07-17 19:36:43.733033+00,2026-07-18 10:47:50.615151+00,FVG - 15m,0
ETHFIUSDT,2026-07-17 19:45:26.910842+00,2026-07-17 20:40:25.47333+00,Compresion ADN - Micro (5m),0
CFGUSDT,2026-07-17 19:45:30.769749+00,2026-07-17 20:02:48.742795+00,FVG - 1m,0
VVVUSDT,2026-07-17 20:08:46.368464+00,2026-07-17 20:09:00.792048+00,FVG - 1m,1
BOTUSDT,2026-07-17 20:12:26.890529+00,2026-07-17 20:25:29.618916+00,FVG - 1m,1
QNTXUSDT,2026-07-17 20:28:00.468218+00,2026-07-17 20:37:26.501082+00,FVG - 1m,0
ENJUSDT,2026-07-17 20:42:39.595269+00,2026-07-18 01:03:44.395037+00,Compresion ADN - Micro (5m),0
AXTIUSDT,2026-07-17 20:42:43.24401+00,2026-07-17 21:30:49.51661+00,FVG - 1m,0
BLURUSDT,2026-07-17 20:50:57.034575+00,2026-07-17 20:53:06.919739+00,FVG - 1m,0
GWEIUSDT,2026-07-17 20:59:53.632483+00,2026-07-17 21:15:44.613371+00,FVG - 1m,1
MUBARAKUSDT,2026-07-17 20:59:58.180766+00,2026-07-17 21:04:09.870261+00,FVG - 5m,0
STXXUSDT,2026-07-17 21:10:54.536893+00,2026-07-18 00:23:45.89037+00,FVG - 5m,1
MOVEUSDT,2026-07-17 21:32:26.303894+00,2026-07-17 21:44:21.147347+00,FVG - 1m,0
MUUSDT,2026-07-17 21:36:36.586079+00,2026-07-17 21:45:27.693352+00,FVG - 1m,0
STABLEUSDT,2026-07-17 21:36:41.894274+00,2026-07-18 01:10:31.986197+00,FVG - 5m,0
USELESSUSDT,2026-07-17 22:13:38.884496+00,2026-07-17 23:51:18.278284+00,FVG - 15m,0
CLOUSDT,2026-07-17 22:13:44.549381+00,2026-07-17 22:23:32.65606+00,FVG - 1m,0
AIAUSDT,2026-07-17 22:24:44.498374+00,2026-07-17 23:10:26.759578+00,FVG - 1m,0
SNDKUSDT,2026-07-17 22:47:55.709435+00,2026-07-17 22:50:08.469768+00,FVG - 1m,0
1000BONKUSDT,2026-07-17 22:59:24.269781+00,2026-07-17 23:11:20.052435+00,FVG - 1m,0
UNIUSDT,2026-07-17 23:10:34.894404+00,2026-07-17 23:35:05.057199+00,FVG - 1m,0
ETCUSDT,2026-07-17 23:10:40.103046+00,2026-07-19 23:13:50.766435+00,MA Slope Caso 3,1
EDGEUSDT,2026-07-17 23:23:53.104255+00,2026-07-18 00:54:25.972437+00,Compresion ADN - Micro (5m),0
EDGEUSDT,2026-07-17 23:23:56.344097+00,2026-07-17 23:26:19.964352+00,FVG - 1m,1
TRADOORUSDT,2026-07-17 23:24:01.579074+00,2026-07-17 23:27:19.981818+00,FVG - 5m,0
INJUSDT,2026-07-17 23:24:07.647617+00,2026-07-18 00:13:47.797933+00,MA Slope Caso 3,1
COLLECTUSDT,2026-07-17 23:46:09.025878+00,2026-07-18 02:56:44.585037+00,FVG - 1m,1
JASMYUSDT,2026-07-17 23:57:14.847467+00,2026-07-18 00:20:33.299983+00,FVG - 1m,0
SPELLUSDT,2026-07-18 00:09:09.628381+00,2026-07-18 16:31:02.274186+00,FVG - 15m,0
AERGOUSDT,2026-07-18 00:09:19.759799+00,2026-07-18 00:42:44.292409+00,Standard Scalping,0
STBLUSDT,2026-07-18 00:50:55.004305+00,2026-07-20 00:54:29.126899+00,MA Slope Caso 1,0
NATGASUSDT,2026-07-18 01:12:54.293777+00,2026-07-19 22:00:25.076702+00,MA Slope Caso 3,1
EGLDUSDT,2026-07-18 01:24:32.888139+00,2026-07-18 01:46:53.702332+00,FVG - 1m,0
SLXUSDT,2026-07-18 01:56:13.398315+00,2026-07-18 01:56:26.779765+00,FVG - 1m,0
ALABUSDT,2026-07-18 02:07:13.143203+00,2026-07-18 05:00:36.385597+00,FVG - 15m,0
FWDIUSDT,2026-07-18 02:07:18.030515+00,2026-07-18 02:14:33.599045+00,FVG - 1m,1
FLOCKUSDT,2026-07-18 02:18:38.290197+00,2026-07-18 02:21:28.3861+00,FVG - 1m,0
DOODUSDT,2026-07-18 02:18:44.464225+00,2026-07-18 03:33:23.857766+00,FVG - 5m,0
BSBUSDT,2026-07-18 02:29:43.271878+00,2026-07-18 02:33:39.443651+00,FVG - 1m,1
AGLDUSDT,2026-07-18 02:29:48.564193+00,2026-07-18 03:08:20.000033+00,FVG - 5m,0
SYRUPUSDT,2026-07-18 02:40:35.290183+00,2026-07-18 04:52:09.027136+00,FVG - 1m,1
ZKUSDT,2026-07-18 03:02:25.678816+00,2026-07-18 03:30:14.465639+00,Compresion ADN - Micro (5m),0
SYNUSDT,2026-07-18 03:02:31.511234+00,2026-07-18 03:03:57.377087+00,FVG - 1m,0
DODOXUSDT,2026-07-18 03:02:36.494808+00,2026-07-18 07:40:24.849397+00,FVG - 5m,1
ZROUSDT,2026-07-18 03:18:52.029574+00,2026-07-18 13:38:09.250486+00,Compresion ADN - Micro (5m),0
1000XECUSDT,2026-07-18 03:18:58.405055+00,2026-07-18 03:20:29.128602+00,FVG - 1m,0
SOXSUSDT,2026-07-18 03:19:04.499878+00,2026-07-18 03:25:08.65902+00,FVG - 5m,0
FRAXUSDT,2026-07-18 03:19:18.645718+00,2026-07-18 03:32:15.544257+00,Standard Scalping,0
MEWUSDT,2026-07-18 03:43:34.699106+00,2026-07-18 04:22:57.78597+00,Standard Scalping,0
USUSDT,2026-07-18 04:02:26.11542+00,2026-07-18 05:31:41.12141+00,FVG - 1m,0
HEIUSDT,2026-07-18 04:02:30.411162+00,2026-07-18 04:12:55.407827+00,FVG - 5m,0
BILLUSDT,2026-07-18 04:15:57.333866+00,2026-07-18 04:36:09.564611+00,FVG - 1m,0
BILLUSDT,2026-07-18 04:16:01.409004+00,2026-07-18 04:36:09.585559+00,FVG - 5m,0
SUSHIUSDT,2026-07-18 04:30:47.947697+00,2026-07-18 09:22:39.162263+00,Compresion ADN - Micro (5m),0
INTWUSDT,2026-07-18 04:30:53.609708+00,2026-07-19 15:46:34.607657+00,FVG - 5m,1
AGTUSDT,2026-07-18 04:45:43.84077+00,2026-07-18 04:59:04.849209+00,FVG - 1m,0
GWEIUSDT,2026-07-18 04:45:49.072879+00,2026-07-18 04:53:19.350188+00,FVG - 5m,0
AVAAIUSDT,2026-07-18 05:00:01.770486+00,2026-07-18 05:03:42.285768+00,FVG - 1m,1
TOSHIUSDT,2026-07-18 05:00:07.585628+00,2026-07-18 11:09:55.272309+00,FVG - 5m,0
KORUUSDT,2026-07-18 05:13:59.29762+00,2026-07-18 06:30:31.620639+00,FVG - 15m,0
CLOUSDT,2026-07-18 05:14:05.395544+00,2026-07-18 05:47:48.608973+00,FVG - 1m,0
STARUSDT,2026-07-18 05:31:43.917153+00,2026-07-18 07:48:13.717281+00,FVG - 1m,1
TACUSDT,2026-07-18 05:52:50.622544+00,2026-07-18 05:59:07.429828+00,FVG - 1m,0
EDGEUSDT,2026-07-18 06:06:17.589807+00,2026-07-18 06:07:56.901941+00,FVG - 1m,1
METUSDT,2026-07-18 06:20:53.149292+00,2026-07-18 06:27:11.866454+00,FVG - 1m,1
BULLAUSDT,2026-07-18 06:35:41.348454+00,2026-07-18 15:50:28.175621+00,Arrow Reversal,1
BULLAUSDT,2026-07-18 06:35:44.48854+00,2026-07-18 15:50:28.194783+00,,1
MYXUSDT,2026-07-18 06:35:50.001262+00,2026-07-19 01:00:23.611247+00,FVG - 15m,0
HOMEUSDT,2026-07-18 06:35:55.364471+00,2026-07-18 06:36:34.075883+00,FVG - 1m,0
XPINUSDT,2026-07-18 06:50:30.880798+00,2026-07-18 07:06:41.183006+00,FVG - 1m,1
BIRBUSDT,2026-07-18 07:03:54.168551+00,2026-07-18 08:14:01.599732+00,FVG - 1m,0
RAVEUSDT,2026-07-18 07:17:22.126857+00,2026-07-20 07:21:52.853643+00,Arrow Reversal,1
RAVEUSDT,2026-07-18 07:17:25.366138+00,2026-07-19 16:07:27.452239+00,,1
ZBTUSDT,2026-07-18 07:17:30.16059+00,2026-07-18 07:30:03.50255+00,FVG - 1m,0
ALLOUSDT,2026-07-18 07:33:07.460861+00,2026-07-18 07:35:56.061797+00,FVG - 1m,1
OUSDT,2026-07-18 07:47:42.734869+00,2026-07-18 07:48:58.257543+00,FVG - 1m,1
BANKUSDT,2026-07-18 07:47:47.283837+00,2026-07-18 08:04:59.89231+00,FVG - 5m,0
RESOLVUSDT,2026-07-18 08:02:20.415353+00,2026-07-18 08:16:07.094483+00,FVG - 1m,0
TRADOORUSDT,2026-07-18 08:15:47.057732+00,2026-07-18 08:18:28.928776+00,FVG - 1m,1
LUMIAUSDT,2026-07-18 08:29:25.163128+00,2026-07-18 08:56:26.453099+00,FVG - 1m,0
TUSDT,2026-07-18 08:29:31.203986+00,2026-07-18 09:06:01.974238+00,FVG - 5m,0
GUSDT,2026-07-18 08:29:35.863625+00,2026-07-18 08:32:55.032092+00,MA Clone,0
GUSDT,2026-07-18 08:29:39.037859+00,2026-07-18 08:32:57.282559+00,MA Cross Momentum,0
GUSDT,2026-07-18 08:29:47.522023+00,2026-07-18 08:33:11.496451+00,Scalping Clone,0
GUSDT,2026-07-18 08:29:51.031844+00,2026-07-18 08:32:55.067991+00,Standard Scalping,0
龙虾USDT,2026-07-18 08:43:01.535138+00,2026-07-18 08:57:08.658572+00,FVG - 1m,0
ESPORTSUSDT,2026-07-18 08:57:18.641611+00,2026-07-18 09:08:20.599458+00,FVG - 1m,1
QUSDT,2026-07-18 09:11:46.187375+00,2026-07-18 10:08:57.902735+00,FVG - 1m,0
QUSDT,2026-07-18 09:11:48.933997+00,2026-07-18 09:17:37.009685+00,FVG - 5m,0
VVVUSDT,2026-07-18 09:27:13.86519+00,2026-07-18 09:34:59.91609+00,FVG - 5m,1
MEMEUSDT,2026-07-18 09:40:52.736814+00,2026-07-18 10:02:54.141524+00,Compresion ADN - Micro (5m),0
GALAUSDT,2026-07-18 09:41:01.85208+00,2026-07-18 09:41:37.746049+00,FVG - 1m,0
ARXUSDT,2026-07-18 09:41:07.946567+00,2026-07-18 09:41:52.950351+00,FVG - 5m,0
ZESTUSDT,2026-07-18 09:54:15.002275+00,2026-07-18 10:00:20.373278+00,FVG - 1m,0
UBUSDT,2026-07-18 09:54:20.979574+00,2026-07-18 10:44:53.532122+00,FVG - 5m,0
KITEUSDT,2026-07-18 10:08:22.720827+00,2026-07-18 15:02:58.730523+00,FVG - 1m,0
BSBUSDT,2026-07-18 10:22:17.080608+00,2026-07-18 10:28:29.181+00,FVG - 1m,0
SPKUSDT,2026-07-18 10:34:46.275682+00,2026-07-19 17:02:28.679676+00,Compresion ADN - Micro (5m),0
ETHFIUSDT,2026-07-18 10:34:50.892162+00,2026-07-18 11:09:28.288363+00,FVG - 1m,1
PHAUSDT,2026-07-18 10:47:21.963011+00,2026-07-18 11:10:42.104485+00,FVG - 1m,1
DOODUSDT,2026-07-18 10:47:27.495052+00,2026-07-18 14:10:10.50489+00,FVG - 5m,0
TREEUSDT,2026-07-18 10:59:56.384966+00,2026-07-18 11:13:25.533727+00,FVG - 15m,0
POWRUSDT,2026-07-18 11:13:29.026445+00,2026-07-18 11:23:28.491955+00,FVG - 1m,0
POWRUSDT,2026-07-18 11:13:31.736818+00,2026-07-18 11:23:57.431311+00,FVG - 5m,0
MAGMAUSDT,2026-07-18 11:29:25.756912+00,2026-07-18 11:56:38.683873+00,FVG - 15m,0
BTWUSDT,2026-07-18 11:29:30.62779+00,2026-07-18 11:30:14.254211+00,FVG - 1m,1
TLMUSDT,2026-07-18 11:54:20.769067+00,2026-07-18 13:22:38.312941+00,FVG - 1m,1
FFUSDT,2026-07-18 11:54:25.563679+00,2026-07-18 12:22:29.742311+00,FVG - 5m,0
SAFEUSDT,2026-07-18 12:07:37.34463+00,2026-07-18 18:14:34.777124+00,FVG - 15m,0
BUSDT,2026-07-18 12:07:42.759395+00,2026-07-18 12:16:11.631663+00,FVG - 1m,1
TRIAUSDT,2026-07-18 12:17:24.690574+00,2026-07-18 12:32:26.382403+00,MA Clone,0
TRIAUSDT,2026-07-18 12:17:28.812806+00,2026-07-18 12:32:26.400743+00,MA Cross Momentum,0
TRIAUSDT,2026-07-18 12:17:38.992164+00,2026-07-18 13:20:14.242145+00,Scalping Clone,0
TRIAUSDT,2026-07-18 12:17:43.103665+00,2026-07-18 12:32:26.424508+00,Standard Scalping,0
HEMIUSDT,2026-07-18 12:31:28.497944+00,2026-07-18 14:05:15.653253+00,FVG - 1m,1
PTBUSDT,2026-07-18 12:31:34.588151+00,2026-07-18 13:41:04.252488+00,FVG - 5m,0
BANUSDT,2026-07-18 13:35:47.713726+00,2026-07-18 13:47:30.005942+00,FVG - 1m,1
BEUSDT,2026-07-18 13:35:52.505894+00,2026-07-18 15:21:29.195038+00,MA Slope Caso 1,0
ALCHUSDT,2026-07-18 13:48:24.564374+00,2026-07-19 15:47:02.670244+00,Compresion ADN - Micro (5m),0
VANRYUSDT,2026-07-18 14:13:54.192373+00,2026-07-18 14:55:42.176226+00,FVG - 1m,0
FLOCKUSDT,2026-07-18 14:13:58.275958+00,2026-07-18 14:30:04.214555+00,FVG - 5m,0
COAIUSDT,2026-07-18 14:29:00.229182+00,2026-07-18 14:38:37.837634+00,FVG - 1m,0
UAIUSDT,2026-07-18 14:55:15.289124+00,2026-07-18 15:00:11.910009+00,FVG - 1m,0
USUALUSDT,2026-07-18 14:55:21.36076+00,2026-07-18 20:05:36.209554+00,FVG - 5m,0
LABUSDT,2026-07-18 15:02:53.687124+00,2026-07-18 15:27:32.230936+00,FVG - 1m,1
AKEUSDT,2026-07-18 15:20:27.166924+00,2026-07-18 15:32:28.249365+00,FVG - 1m,1
MMTUSDT,2026-07-18 15:20:33.270784+00,2026-07-18 15:42:18.166398+00,FVG - 5m,1
WLDUSDT,2026-07-18 15:29:31.160862+00,2026-07-18 20:30:22.325058+00,FVG - 1m,1
RENDERUSDT,2026-07-18 15:29:37.241401+00,2026-07-18 19:34:37.053459+00,LSE Counter-Trend ,0
HYPEUSDT,2026-07-18 15:29:41.285744+00,2026-07-20 15:32:09.606927+00,MA Slope Caso 1,0
IDOLUSDT,2026-07-18 15:34:35.912291+00,2026-07-18 15:35:49.666847+00,FVG - 1m,0
ORCLUSDT,2026-07-18 15:34:39.972544+00,2026-07-19 22:11:05.460441+00,MA Slope Caso 1,0
BLURUSDT,2026-07-18 15:50:24.765969+00,2026-07-18 21:02:15.251418+00,FVG - 1m,1
ACEUSDT,2026-07-18 15:50:29.147107+00,2026-07-18 20:47:31.130574+00,FVG - 5m,0
NOMUSDT,2026-07-18 15:59:10.052119+00,2026-07-18 22:50:19.88795+00,FVG - 1m,0
KATUSDT,2026-07-18 16:34:34.198254+00,2026-07-18 16:41:35.597976+00,FVG - 15m,0
SOXLUSDT,2026-07-18 16:42:43.469913+00,2026-07-18 22:00:29.50367+00,FVG - 15m,1
QTUMUSDT,2026-07-18 17:02:44.69855+00,2026-07-18 18:36:09.959919+00,Standard Scalping,0
BASEDUSDT,2026-07-18 17:17:45.921792+00,2026-07-18 19:54:14.390136+00,MA Slope Caso 2,0
PHAUSDT,2026-07-18 17:23:58.106298+00,2026-07-18 17:41:50.531543+00,Standard Scalping,0
NEARUSDT,2026-07-18 17:56:40.872022+00,2026-07-18 21:57:50.63264+00,LSE Counter-Trend ,0
MORPHOUSDT,2026-07-18 18:08:53.05482+00,2026-07-19 16:57:15.770219+00,LSE Counter-Trend ,0
ERAUSDT,2026-07-18 18:22:48.355825+00,2026-07-18 21:51:46.781631+00,FVG - 15m,0
LDOUSDT,2026-07-18 18:48:24.936969+00,2026-07-19 18:08:16.760252+00,MA Slope Caso 2,0
BSBUSDT,2026-07-18 19:14:15.589555+00,2026-07-18 23:56:50.170262+00,Standard Scalping,0
JCTUSDT,2026-07-18 19:41:22.602474+00,2026-07-18 23:43:20.821008+00,LSE Counter-Trend ,0
TLMUSDT,2026-07-18 19:48:46.720342+00,2026-07-18 22:30:18.07691+00,Standard Scalping,0
ZAMAUSDT,2026-07-18 19:56:41.120335+00,2026-07-19 04:05:42.477596+00,MA Slope Caso 2,0
VIRTUALUSDT,2026-07-18 20:09:16.925811+00,2026-07-19 06:08:19.582062+00,FVG - 5m,0
LYNUSDT,2026-07-18 20:19:37.632852+00,2026-07-18 20:37:07.83347+00,Standard Scalping,0
CATIUSDT,2026-07-18 20:33:36.772401+00,2026-07-18 20:34:26.096077+00,FVG - 1m,1
IRYSUSDT,2026-07-18 20:41:59.674757+00,2026-07-18 23:08:13.736847+00,FVG - 1m,1
AWEUSDT,2026-07-18 20:42:27.287778+00,2026-07-18 20:44:17.963863+00,Standard Scalping,0
FWDIUSDT,2026-07-18 20:55:31.585623+00,2026-07-18 21:14:13.183947+00,FVG - 5m,0
ROBOUSDT,2026-07-18 21:11:03.740949+00,2026-07-18 21:47:44.707919+00,FVG - 1m,0
1000BONKUSDT,2026-07-18 21:27:55.360932+00,2026-07-18 22:01:53.781429+00,FVG - 5m,0
MUBARAKUSDT,2026-07-18 21:57:14.167189+00,2026-07-18 22:31:39.142437+00,FVG - 15m,0
REUSDT,2026-07-18 22:02:39.392745+00,2026-07-18 22:12:48.047076+00,FVG - 15m,0
EVAAUSDT,2026-07-18 22:02:43.477361+00,2026-07-18 22:06:16.707763+00,FVG - 1m,0
TRBUSDT,2026-07-18 22:02:47.536514+00,2026-07-19 02:06:53.939159+00,MA Slope Caso 3,1
BTRUSDT,2026-07-18 22:09:03.133762+00,2026-07-19 00:52:19.383032+00,FVG - 1m,1
CTRUSDT,2026-07-18 22:09:09.201451+00,2026-07-19 02:29:51.897564+00,MA Clone,0
CTRUSDT,2026-07-18 22:09:13.261951+00,2026-07-19 00:11:19.708234+00,Scalping Clone,0
CTRUSDT,2026-07-18 22:09:17.309819+00,2026-07-18 23:48:43.585751+00,Standard Scalping,0
GUAUSDT,2026-07-18 22:12:46.273798+00,2026-07-18 22:15:25.868525+00,FVG - 5m,0
AEROUSDT,2026-07-18 22:17:56.702262+00,2026-07-19 01:16:29.97717+00,FVG - 15m,0
ONDOUSDT,2026-07-18 22:23:05.59988+00,2026-07-18 22:32:49.152749+00,FVG - 5m,0
SLXUSDT,2026-07-18 22:36:08.909607+00,2026-07-19 00:11:08.091379+00,FVG - 15m,0
ARIAUSDT,2026-07-18 22:36:14.970558+00,2026-07-18 22:40:29.899771+00,FVG - 5m,1
JASMYUSDT,2026-07-18 22:57:42.72671+00,2026-07-18 23:19:26.161112+00,FVG - 1m,0
BTRUSDT,2026-07-18 23:05:01.900068+00,2026-07-19 01:12:27.874598+00,Standard Scalping,0
COLLECTUSDT,2026-07-18 23:10:45.565107+00,2026-07-18 23:18:26.608489+00,FVG - 1m,1
YFIUSDT,2026-07-18 23:29:59.776465+00,2026-07-19 04:41:57.196359+00,FVG - 1m,0
XAIUSDT,2026-07-18 23:30:03.87623+00,2026-07-19 07:04:24.389052+00,FVG - 5m,0
AWEUSDT,2026-07-18 23:48:45.659114+00,2026-07-20 01:01:19.161079+00,Standard Scalping,0
ONEUSDT,2026-07-18 23:56:17.848197+00,2026-07-19 00:11:08.166994+00,FVG - 1m,1
AXTIUSDT,2026-07-19 00:10:27.538567+00,2026-07-19 16:12:47.522769+00,LSE Counter-Trend ,0
SENTUSDT,2026-07-19 00:14:39.48121+00,2026-07-19 00:26:31.075644+00,FVG - 15m,0
PARTIUSDT,2026-07-19 00:14:44.900325+00,2026-07-19 01:15:34.397535+00,FVG - 1m,0
TIAUSDT,2026-07-19 00:30:52.05763+00,2026-07-19 03:46:19.326029+00,FVG - 15m,0
PUMPBTCUSDT,2026-07-19 00:59:49.44243+00,2026-07-19 01:06:06.764518+00,FVG - 1m,1
SNXXUSDT,2026-07-19 01:11:40.713001+00,2026-07-19 03:55:08.033855+00,FVG - 15m,0
KAITOUSDT,2026-07-19 01:27:55.840266+00,2026-07-19 04:43:11.440203+00,FVG - 15m,0
TAIKOUSDT,2026-07-19 01:28:05.957634+00,2026-07-19 04:32:07.547025+00,FVG - 1m,1
TRUTHUSDT,2026-07-19 01:32:37.784494+00,2026-07-19 02:02:29.43035+00,FVG - 1m,1
ONGUSDT,2026-07-19 02:04:00.455493+00,2026-07-19 02:51:14.578684+00,FVG - 1m,0
COMPUSDT,2026-07-19 02:09:24.204562+00,2026-07-19 16:27:07.417857+00,MA Slope Caso 3,1
AUSDT,2026-07-19 02:55:11.165639+00,2026-07-19 03:06:04.249009+00,FVG - 1m,1
AGLDUSDT,2026-07-19 03:01:34.017832+00,2026-07-19 07:04:22.575997+00,LSE Counter-Trend ,0
ROBOUSDT,2026-07-19 03:10:55.125941+00,2026-07-19 05:04:06.758336+00,FVG - 1m,0
TLMUSDT,2026-07-19 03:55:58.718815+00,2026-07-19 04:35:16.491273+00,FVG - 15m,0
AEROUSDT,2026-07-19 04:10:23.145691+00,2026-07-19 07:10:11.179252+00,FVG - 15m,0
MUSDT,2026-07-19 04:10:28.039528+00,2026-07-19 15:46:34.759829+00,MA Slope Caso 2,0
GUSDT,2026-07-19 04:25:54.94384+00,2026-07-19 04:38:50.370843+00,MA Clone,0
GUSDT,2026-07-19 04:25:59.304741+00,2026-07-19 04:38:50.394392+00,MA Cross Momentum,0
GUSDT,2026-07-19 04:26:07.169024+00,2026-07-19 15:51:58.042313+00,Scalping Clone,0
TRADOORUSDT,2026-07-19 04:40:57.313721+00,2026-07-19 16:14:26.640576+00,FVG - 15m,1
REUSDT,2026-07-19 04:41:02.738762+00,2026-07-19 04:54:52.593189+00,FVG - 1m,1
EVAAUSDT,2026-07-19 04:49:18.61+00,2026-07-19 05:07:21.264813+00,FVG - 15m,0
BANKUSDT,2026-07-19 04:49:21.984201+00,2026-07-19 04:51:28.909042+00,FVG - 1m,1
LABUSDT,2026-07-19 04:59:34.36011+00,2026-07-19 05:21:49.827464+00,FVG - 1m,1
TREEUSDT,2026-07-19 05:10:41.111565+00,2026-07-19 05:19:05.265269+00,FVG - 15m,0
CLOUSDT,2026-07-19 05:10:50.126877+00,2026-07-19 06:39:31.808353+00,FVG - 1m,0
STARUSDT,2026-07-19 05:19:41.64565+00,2026-07-19 06:24:04.071529+00,FVG - 15m,1
BRUSDT,2026-07-19 05:19:46.586833+00,2026-07-19 07:10:34.960665+00,FVG - 1m,1
LUMIAUSDT,2026-07-19 05:25:04.731277+00,2026-07-19 05:27:25.442864+00,FVG - 1m,0
BILLUSDT,2026-07-19 05:29:05.766127+00,2026-07-19 06:04:14.275299+00,FVG - 1m,0
BIRBUSDT,2026-07-19 05:43:08.25781+00,2026-07-19 06:39:53.450354+00,Standard Scalping,0
AUSDT,2026-07-19 06:04:53.57533+00,2026-07-19 06:46:27.155249+00,FVG - 1m,1
1000XECUSDT,2026-07-19 06:09:58.330708+00,2026-07-19 07:24:42.140381+00,FVG - 5m,0
ACEUSDT,2026-07-19 06:28:27.086309+00,2026-07-19 20:23:49.169724+00,FVG - 15m,0
VANAUSDT,2026-07-19 06:46:19.661955+00,2026-07-20 00:10:17.045929+00,FVG - 1m,0
VANRYUSDT,2026-07-19 06:56:34.646939+00,2026-07-19 07:09:25.031343+00,FVG - 1m,1
HOMEUSDT,2026-07-19 07:08:49.262264+00,2026-07-19 16:22:12.788489+00,FVG - 5m,0
BILLUSDT,2026-07-19 07:08:57.345922+00,2026-07-19 17:29:07.552402+00,Standard Scalping,0
ARXUSDT,2026-07-19 07:13:26.851556+00,2026-07-19 07:29:09.710331+00,FVG - 15m,0
HFTUSDT,2026-07-19 07:13:32.931751+00,2026-07-19 15:46:34.639996+00,FVG - 1m,1
ARIAUSDT,2026-07-19 07:17:33.715972+00,2026-07-19 07:19:43.193852+00,FVG - 1m,0
TACUSDT,2026-07-19 07:24:46.032482+00,2026-07-19 15:46:34.65703+00,FVG - 1m,1
MAGMAUSDT,2026-07-19 07:24:50.499787+00,2026-07-19 18:18:41.638282+00,FVG - 5m,1
SHELLUSDT,2026-07-19 07:25:02.343187+00,2026-07-19 15:46:34.681551+00,Standard Scalping,0
RPLUSDT,2026-07-19 16:30:40.421954+00,2026-07-19 16:50:05.865855+00,Compresion ADN - Micro (5m),0
BLESSUSDT,2026-07-19 16:30:44.497397+00,2026-07-19 17:21:53.936954+00,FVG - 15m,1
REZUSDT,2026-07-19 16:30:48.571404+00,2026-07-19 16:32:02.509304+00,FVG - 1m,0
YGGUSDT,2026-07-19 16:30:52.640732+00,2026-07-19 16:41:28.35994+00,FVG - 5m,0
INJUSDT,2026-07-19 16:30:56.811388+00,2026-07-19 20:35:37.934718+00,MA Slope Caso 2,0
CLUSDT,2026-07-19 16:31:01.102204+00,2026-07-20 09:24:13.732211+00,MA Slope Caso 3,1
NEWTUSDT,2026-07-19 16:31:05.191951+00,2026-07-20 05:12:32.343507+00,MA Slope Caso 3 (15m),1
TUSDT,2026-07-19 16:36:50.579587+00,2026-07-19 18:04:28.202212+00,FVG - 15m,0
GUAUSDT,2026-07-19 16:36:56.644079+00,2026-07-19 16:57:10.301746+00,FVG - 1m,0
PHAUSDT,2026-07-19 16:37:00.720593+00,2026-07-19 16:45:51.127344+00,FVG - 5m,0
SOLUSDT,2026-07-19 16:37:10.865107+00,2026-07-20 15:46:35.121107+00,MA Slope Caso 3 (15m),1
YBUSDT,2026-07-19 16:43:07.071827+00,2026-07-19 16:49:36.638741+00,FVG - 1m,1
YBUSDT,2026-07-19 16:43:10.217257+00,2026-07-19 17:39:27.228988+00,FVG - 5m,0
SCRTUSDT,2026-07-19 16:49:28.513341+00,2026-07-19 16:58:17.935856+00,FVG - 5m,0
KAITOUSDT,2026-07-19 16:56:50.629208+00,2026-07-19 17:24:46.669747+00,FVG - 1m,0
EDENUSDT,2026-07-19 17:03:38.352076+00,2026-07-19 21:57:54.406865+00,FVG - 1m,1
HUMAUSDT,2026-07-19 17:03:44.491127+00,2026-07-19 17:12:12.922372+00,FVG - 5m,1
ONGUSDT,2026-07-19 17:12:22.466017+00,2026-07-19 17:26:41.831158+00,FVG - 5m,0
0GUSDT,2026-07-19 17:16:16.223807+00,2026-07-20 03:27:02.142033+00,Compresion ADN - Micro (5m),0
HEIUSDT,2026-07-19 17:23:35.122299+00,2026-07-19 18:50:00.0641+00,FVG - 15m,0
BLUAIUSDT,2026-07-19 17:26:50.085536+00,2026-07-19 17:30:45.736395+00,FVG - 1m,1
TAGUSDT,2026-07-19 17:26:58.20179+00,2026-07-20 03:29:36.10931+00,FVG - 5m,1
BTCDOMUSDT,2026-07-19 17:27:02.306492+00,2026-07-21 14:05:24.873864+00,MA Slope Caso 2,0
SOLVUSDT,2026-07-19 17:42:19.186111+00,2026-07-19 18:08:16.736618+00,FVG - 1m,0
GWEIUSDT,2026-07-19 17:42:24.569685+00,2026-07-19 19:25:22.297315+00,FVG - 5m,0
BEUSDT,2026-07-19 18:17:55.827158+00,2026-07-19 18:53:17.586273+00,Compresion ADN - Micro (5m),0
FWDIUSDT,2026-07-19 18:18:01.906964+00,2026-07-19 19:47:23.882677+00,FVG - 15m,0
AVAAIUSDT,2026-07-19 18:18:08.011316+00,2026-07-19 18:21:02.437798+00,FVG - 1m,1
TRBUSDT,2026-07-19 18:18:14.135121+00,2026-07-20 16:13:00.61205+00,MA Slope Caso 2,0
AKEUSDT,2026-07-19 19:04:39.279702+00,2026-07-19 21:06:10.232456+00,FVG - 15m,1
DEXEUSDT,2026-07-19 19:04:44.763937+00,2026-07-19 19:05:29.72484+00,FVG - 1m,1
SKLUSDT,2026-07-19 19:04:50.02062+00,2026-07-20 05:05:09.078058+00,FVG - 5m,0
ESPORTSUSDT,2026-07-19 19:19:04.486769+00,2026-07-19 19:22:22.070142+00,FVG - 1m,0
ZAMAUSDT,2026-07-19 19:19:10.594837+00,2026-07-20 07:02:20.279355+00,MA Slope Caso 3 (15m),1
PARTIUSDT,2026-07-19 19:33:37.371961+00,2026-07-19 19:39:17.288518+00,FVG - 1m,1
ZBTUSDT,2026-07-19 19:33:42.35166+00,2026-07-19 19:51:41.739426+00,FVG - 5m,0
AIOUSDT,2026-07-19 19:47:22.405453+00,2026-07-20 10:29:07.151906+00,Compresion ADN - Micro (5m),0
PUMPUSDT,2026-07-19 19:47:27.684417+00,2026-07-19 19:52:26.650169+00,FVG - 1m,1
HEMIUSDT,2026-07-19 20:00:18.12553+00,2026-07-19 20:04:05.324698+00,FVG - 1m,0
SNXXUSDT,2026-07-19 20:13:16.393742+00,2026-07-20 00:06:43.558179+00,FVG - 15m,0
BUSDT,2026-07-19 20:13:23.05556+00,2026-07-19 20:27:23.458038+00,FVG - 1m,1
MANTRAUSDT,2026-07-19 20:13:31.587651+00,2026-07-20 06:13:53.53943+00,FVG - 5m,0
USUSDT,2026-07-19 20:26:35.512516+00,2026-07-20 02:16:01.909394+00,FVG - 15m,0
VELVETUSDT,2026-07-19 20:48:34.788742+00,2026-07-19 21:17:12.026289+00,FVG - 1m,1
MYXUSDT,2026-07-19 20:59:51.243311+00,2026-07-19 21:08:19.663079+00,Compresion ADN - Micro (5m),0
GOOGLUSDT,2026-07-19 21:10:33.997927+00,2026-07-21 21:14:02.030363+00,Compresion ADN - Micro (5m),0
PLUMEUSDT,2026-07-19 21:18:25.148556+00,2026-07-19 21:18:46.790831+00,FVG - 15m,0
THEUSDT,2026-07-19 21:18:34.661888+00,2026-07-19 21:19:26.554356+00,FVG - 1m,1
USUALUSDT,2026-07-19 21:22:04.830703+00,2026-07-19 21:30:44.187861+00,FVG - 15m,0
ONEUSDT,2026-07-19 21:22:08.093111+00,2026-07-19 21:23:52.005641+00,FVG - 1m,1
PROMUSDT,2026-07-19 21:27:05.669419+00,2026-07-19 22:26:15.961979+00,FVG - 1m,1
HOLOUSDT,2026-07-19 21:34:38.913896+00,2026-07-19 21:41:21.173679+00,FVG - 15m,0
ALLOUSDT,2026-07-19 21:46:40.452883+00,2026-07-20 00:48:10.96764+00,FVG - 15m,1
HYPERUSDT,2026-07-19 21:59:10.622152+00,2026-07-19 22:02:33.787871+00,FVG - 1m,0
BTWUSDT,2026-07-19 22:05:37.579859+00,2026-07-19 23:49:51.744016+00,FVG - 1m,1
CFXUSDT,2026-07-19 22:05:43.09569+00,2026-07-20 05:11:21.5696+00,MA Slope Caso 2,0
XLMUSDT,2026-07-19 22:05:49.167913+00,2026-07-20 05:11:21.590449+00,MA Slope Caso 3,1
CBRSUSDT,2026-07-19 22:14:41.544613+00,2026-07-19 23:27:56.184372+00,MA Slope Caso 1,0
MERLUSDT,2026-07-19 22:28:49.800052+00,2026-07-19 22:49:39.527808+00,FVG - 1m,1
TRUTHUSDT,2026-07-19 22:55:40.499173+00,2026-07-19 23:16:27.961276+00,FVG - 1m,1
MUUUSDT,2026-07-19 23:01:51.66421+00,2026-07-20 00:05:59.537589+00,Standard Scalping,0
LDOUSDT,2026-07-19 23:11:54.199292+00,2026-07-21 00:46:46.9092+00,Arrow Reversal,1
LDOUSDT,2026-07-19 23:11:58.25941+00,2026-07-21 00:46:46.878097+00,,1
AZTECUSDT,2026-07-19 23:16:58.055251+00,2026-07-20 03:31:59.145523+00,FVG - 1m,0
IBMUSDT,2026-07-19 23:17:02.115722+00,2026-07-20 13:20:46.435786+00,MA Slope Caso 3,1
SKLUSDT,2026-07-19 23:18:49.618916+00,2026-07-20 01:48:12.869156+00,Standard Scalping,0
FARTCOINUSDT,2026-07-19 23:32:35.492686+00,2026-07-21 04:00:23.865742+00,MA Slope Caso 1,0
SYNUSDT,2026-07-20 00:03:46.921015+00,2026-07-20 00:20:05.526546+00,FVG - 1m,1
KORUUSDT,2026-07-20 00:10:00.83443+00,2026-07-20 01:33:18.823817+00,Standard Scalping,0
TRUMPUSDT,2026-07-20 00:14:45.580178+00,2026-07-20 00:23:21.182078+00,FVG - 1m,0
SAHARAUSDT,2026-07-20 00:14:49.982367+00,2026-07-20 03:09:51.137445+00,LSE Counter-Trend ,0
SKHYNIXUSDT,2026-07-20 00:14:55.057056+00,2026-07-20 00:57:32.919614+00,MA Clone,0
SKHYNIXUSDT,2026-07-20 00:15:01.209451+00,2026-07-20 01:47:59.28525+00,Scalping Clone,0
SKHYUSDT,2026-07-20 00:19:05.61652+00,2026-07-20 00:45:45.12942+00,MA Clone,0
ONDOUSDT,2026-07-20 00:25:59.245075+00,2026-07-20 00:52:31.853989+00,FVG - 15m,0
MRVLUSDT,2026-07-20 00:26:05.320507+00,2026-07-20 04:30:18.593899+00,LSE Counter-Trend ,0
MUUSDT,2026-07-20 00:29:14.900784+00,2026-07-20 00:38:12.847049+00,FVG - 1m,1
SOXLUSDT,2026-07-20 00:34:04.469555+00,2026-07-20 00:35:53.983323+00,FVG - 1m,1
STXXUSDT,2026-07-20 00:45:16.237086+00,2026-07-20 11:06:08.770678+00,FVG - 1m,1
METUSDT,2026-07-20 00:53:58.769193+00,2026-07-20 01:34:42.770571+00,FVG - 1m,1
TOSHIUSDT,2026-07-20 01:00:51.169032+00,2026-07-20 04:55:10.112437+00,MA Slope Caso 1,0
ORDIUSDT,2026-07-20 01:11:28.533022+00,2026-07-20 01:43:19.353968+00,FVG - 15m,0
TRIAUSDT,2026-07-20 01:17:14.332044+00,2026-07-20 01:53:41.442028+00,FVG - 15m,0
JUPUSDT,2026-07-20 01:47:23.407753+00,2026-07-20 03:01:01.846744+00,FVG - 1m,1
USELESSUSDT,2026-07-20 01:55:18.292989+00,2026-07-20 02:20:26.408825+00,FVG - 15m,0
WETUSDT,2026-07-20 02:01:14.383781+00,2026-07-20 06:51:51.034008+00,FVG - 15m,1
KGENUSDT,2026-07-20 02:20:56.298041+00,2026-07-20 02:24:37.161475+00,FVG - 15m,1
DOODUSDT,2026-07-20 02:27:08.236425+00,2026-07-20 03:20:38.586853+00,FVG - 15m,0
EDGEUSDT,2026-07-20 02:31:21.884192+00,2026-07-20 16:27:08.112905+00,FVG - 15m,0
SIRENUSDT,2026-07-20 03:09:03.987735+00,2026-07-20 03:34:40.995963+00,FVG - 1m,1
USUSDT,2026-07-20 03:20:41.64417+00,2026-07-20 05:33:27.414197+00,FVG - 15m,1
VIRTUALUSDT,2026-07-20 03:28:56.939163+00,2026-07-21 10:27:16.993015+00,Arrow Reversal,1
VIRTUALUSDT,2026-07-20 03:29:00.280998+00,2026-07-21 10:27:17.007959+00,,1
BSVUSDT,2026-07-20 03:29:05.573065+00,2026-07-20 05:12:50.875854+00,Compresion ADN - Micro (5m),0
BULLAUSDT,2026-07-20 03:33:43.608137+00,2026-07-20 04:02:39.424604+00,FVG - 1m,1
PUMPUSDT,2026-07-20 03:33:48.436579+00,2026-07-20 07:51:05.036413+00,FVG - 5m,1
MINIMAXUSDT,2026-07-20 03:42:43.622909+00,2026-07-20 05:16:59.203413+00,FVG - 1m,0
KORUUSDT,2026-07-20 04:02:49.072873+00,2026-07-20 04:05:47.248397+00,FVG - 1m,0
AKEUSDT,2026-07-20 04:13:35.857899+00,2026-07-20 04:14:33.054272+00,FVG - 1m,0
HOMEUSDT,2026-07-20 04:17:54.505258+00,2026-07-20 04:21:39.628988+00,FVG - 1m,0
EVAAUSDT,2026-07-20 04:24:19.625644+00,2026-07-20 04:53:31.119916+00,FVG - 1m,1
GUSDT,2026-07-20 04:24:41.49196+00,2026-07-20 06:42:12.538326+00,Standard Scalping,0
XANUSDT,2026-07-20 04:25:02.62998+00,2026-07-20 04:33:23.995677+00,Standard Scalping,0
AERGOUSDT,2026-07-20 04:55:43.812514+00,2026-07-20 05:01:56.824378+00,FVG - 1m,0
SYNUSDT,2026-07-20 04:55:48.706946+00,2026-07-20 08:45:47.927217+00,MA Slope Caso 1,0
MUSDT,2026-07-20 05:04:50.271721+00,2026-07-20 05:09:13.613219+00,FVG - 1m,0
BLESSUSDT,2026-07-20 05:12:22.752604+00,2026-07-20 05:19:02.084594+00,FVG - 1m,1
ICNTUSDT,2026-07-20 05:12:27.657338+00,2026-07-20 09:54:34.022651+00,FVG - 5m,1
AAPLUSDT,2026-07-20 05:12:49.054878+00,2026-07-20 15:15:39.474799+00,MA Slope Caso 3,1
TLMUSDT,2026-07-20 05:20:01.445118+00,2026-07-20 05:23:36.92097+00,FVG - 1m,1
ACUUSDT,2026-07-20 05:20:07.542176+00,2026-07-21 12:46:10.112698+00,MA Slope Caso 2,0
DOGEUSDT,2026-07-20 05:20:13.62462+00,2026-07-20 06:34:09.329607+00,MA Slope Caso 3 (15m),1
ESPORTSUSDT,2026-07-20 05:27:37.516611+00,2026-07-20 06:00:26.050581+00,FVG - 1m,0
KAITOUSDT,2026-07-20 05:34:08.442403+00,2026-07-20 06:14:09.134159+00,FVG - 15m,1
VELVETUSDT,2026-07-20 05:34:18.560663+00,2026-07-20 05:58:40.021852+00,FVG - 1m,1
ARXUSDT,2026-07-20 06:02:40.090135+00,2026-07-20 06:05:07.134076+00,FVG - 1m,1
KSTRUSDT,2026-07-20 06:12:13.358633+00,2026-07-20 06:18:33.405835+00,FVG - 1m,0
LYNUSDT,2026-07-20 06:17:59.49787+00,2026-07-20 06:39:02.867979+00,FVG - 15m,0
MUBARAKUSDT,2026-07-20 06:18:07.586705+00,2026-07-20 08:33:48.115828+00,FVG - 1m,0
ARIAUSDT,2026-07-20 06:18:11.646671+00,2026-07-20 06:25:10.851077+00,FVG - 5m,0
ERAUSDT,2026-07-20 06:23:46.691416+00,2026-07-20 06:24:36.718124+00,FVG - 1m,0
VELVETUSDT,2026-07-20 06:23:58.277134+00,2026-07-20 06:25:52.808887+00,Standard Scalping,0
AVAAIUSDT,2026-07-20 06:27:30.704256+00,2026-07-20 11:30:32.700282+00,FVG - 1m,1
TOWNSUSDT,2026-07-20 06:27:38.805078+00,2026-07-20 07:09:04.155662+00,FVG - 5m,0
MANTRAUSDT,2026-07-20 06:34:05.290477+00,2026-07-20 06:42:13.4982+00,Standard Scalping,0
XVGUSDT,2026-07-20 06:41:39.241344+00,2026-07-20 06:47:12.371766+00,FVG - 15m,0
RKLBUSDT,2026-07-20 06:41:47.354104+00,2026-07-20 08:16:25.948139+00,MA Slope Caso 3 (15m),1
LABUSDT,2026-07-20 06:49:27.05807+00,2026-07-20 09:57:11.976841+00,FVG - 15m,1
HYPERUSDT,2026-07-20 06:56:31.717783+00,2026-07-20 06:58:26.086738+00,FVG - 15m,1
币安人生USDT,2026-07-20 07:03:59.62605+00,2026-07-20 07:05:03.094947+00,FVG - 15m,1
ASTSUSDT,2026-07-20 07:04:09.732835+00,2026-07-20 09:31:16.296412+00,MA Slope Caso 3 (15m),1
SNXUSDT,2026-07-20 07:11:30.275505+00,2026-07-20 07:13:07.579839+00,FVG - 15m,1
DEXEUSDT,2026-07-20 07:11:38.388783+00,2026-07-20 07:17:16.651148+00,FVG - 5m,1
JELLYJELLYUSDT,2026-07-20 07:14:31.226002+00,2026-07-20 08:49:00.18413+00,FVG - 15m,0
PARTIUSDT,2026-07-20 07:19:29.361197+00,2026-07-20 08:38:53.01891+00,FVG - 5m,0
EGLDUSDT,2026-07-20 07:25:27.563487+00,2026-07-20 13:39:34.073924+00,Compresion ADN - Micro (5m),0
WOOUSDT,2026-07-20 07:53:16.724962+00,2026-07-20 16:09:28.124717+00,FVG - 5m,0
1000BONKUSDT,2026-07-20 07:53:22.141713+00,2026-07-20 11:06:19.87031+00,MA Cross Momentum,0
APPSTOCKUSDT,2026-07-20 08:21:50.13839+00,2026-07-21 13:30:50.822816+00,MA Slope Caso 3 (15m),1
PIXELUSDT,2026-07-20 08:23:21.246883+00,2026-07-20 08:39:07.198758+00,Standard Scalping,0
ZAMAUSDT,2026-07-20 08:36:29.481796+00,2026-07-20 08:44:46.766098+00,FVG - 1m,1
BUSDT,2026-07-20 08:45:29.926498+00,2026-07-20 09:39:27.004238+00,FVG - 1m,1
BILLUSDT,2026-07-20 08:45:33.983324+00,2026-07-20 08:47:34.674727+00,FVG - 5m,0
1000XECUSDT,2026-07-20 08:52:54.997777+00,2026-07-20 09:20:45.876051+00,FVG - 15m,0
NOWUSDT,2026-07-20 08:53:05.68136+00,2026-07-20 11:31:01.603788+00,MA Slope Caso 1,0
ZEREBROUSDT,2026-07-20 08:59:57.92987+00,2026-07-20 19:05:46.009369+00,FVG - 5m,0
TRUTHUSDT,2026-07-20 09:19:15.816504+00,2026-07-20 09:44:38.260689+00,LSE Counter-Trend ,0
XAGUSDT,2026-07-20 09:26:00.632536+00,2026-07-21 05:25:39.601336+00,MA Slope Caso 3,1
GUAUSDT,2026-07-20 09:30:47.021968+00,2026-07-20 09:50:54.642129+00,FVG - 15m,0
TURTLEUSDT,2026-07-20 09:34:46.110697+00,2026-07-20 11:30:48.905353+00,MA Slope Caso 3 (15m),1
LUMIAUSDT,2026-07-20 09:44:02.398193+00,2026-07-20 11:00:50.715706+00,LSE Counter-Trend ,0
HUMAUSDT,2026-07-20 09:50:43.439515+00,2026-07-20 12:33:09.256972+00,FVG - 1m,0
HEMIUSDT,2026-07-20 10:01:38.295249+00,2026-07-20 13:20:48.551132+00,FVG - 15m,0
RONINUSDT,2026-07-20 10:01:45.775746+00,2026-07-20 10:28:41.155476+00,FVG - 5m,0
ZILUSDT,2026-07-20 10:11:31.900206+00,2026-07-20 10:18:59.400424+00,FVG - 15m,0
4USDT,2026-07-20 10:29:19.717062+00,2026-07-20 11:15:26.805525+00,FVG - 15m,1
SPACEUSDT,2026-07-20 10:29:30.53489+00,2026-07-20 21:43:14.758641+00,FVG - 5m,0
ZORAUSDT,2026-07-20 10:52:50.184624+00,2026-07-20 14:58:50.910515+00,LSE Counter-Trend ,0
PTBUSDT,2026-07-20 11:10:20.492611+00,2026-07-20 13:04:48.109386+00,FVG - 1m,1
TREEUSDT,2026-07-20 11:18:20.636562+00,2026-07-21 03:52:13.082771+00,Compresion ADN - Micro (5m),0
GOATUSDT,2026-07-20 11:24:44.455617+00,2026-07-21 06:42:37.043823+00,FVG - 15m,1
RONINUSDT,2026-07-20 11:24:59.600902+00,2026-07-20 13:19:58.095439+00,Standard Scalping,0
BANKUSDT,2026-07-20 11:33:49.995996+00,2026-07-20 11:35:58.09436+00,FVG - 1m,1
ATOMUSDT,2026-07-20 11:33:56.084906+00,2026-07-21 22:43:13.039867+00,MA Slope Caso 1,0
ALGOUSDT,2026-07-20 11:34:02.140672+00,2026-07-20 18:16:41.897172+00,MA Slope Caso 3 (15m),1
AWEUSDT,2026-07-20 11:42:17.887747+00,2026-07-20 11:59:19.303344+00,FVG - 1m,0
USELESSUSDT,2026-07-20 12:04:57.186348+00,2026-07-20 12:17:41.227232+00,FVG - 1m,1
MVLLUSDT,2026-07-20 12:05:01.947858+00,2026-07-20 13:57:54.381124+00,MA Clone,0
CAPUSDT,2026-07-20 12:27:56.377921+00,2026-07-20 12:29:29.792821+00,FVG - 1m,1
AIOUSDT,2026-07-20 12:40:32.179116+00,2026-07-20 12:45:11.402028+00,FVG - 1m,0
CHZUSDT,2026-07-20 12:48:57.914433+00,2026-07-20 13:11:40.063016+00,FVG - 1m,1
KITEUSDT,2026-07-20 12:57:20.216139+00,2026-07-20 13:30:06.027126+00,FVG - 1m,1
NBISUSDT,2026-07-20 13:04:48.639248+00,2026-07-20 13:28:16.463977+00,Standard Scalping,0
MVLLUSDT,2026-07-20 13:04:59.654361+00,2026-07-20 13:27:38.874003+00,Standard Scalping,0
ACTUSDT,2026-07-20 13:09:26.997242+00,2026-07-20 13:11:00.133109+00,FVG - 1m,0
MYXUSDT,2026-07-20 13:13:48.049242+00,2026-07-20 13:20:44.766567+00,FVG - 1m,1
AAOIUSDT,2026-07-20 13:17:44.780018+00,2026-07-20 13:26:31.803847+00,FVG - 1m,0
TURTLEUSDT,2026-07-20 13:20:00.266209+00,2026-07-20 13:56:37.939056+00,Standard Scalping,0
ACEUSDT,2026-07-20 13:25:55.885436+00,2026-07-20 19:14:35.826415+00,FVG - 15m,1
HANAUSDT,2026-07-20 13:26:03.992532+00,2026-07-20 13:27:46.155161+00,FVG - 1m,1
AGTUSDT,2026-07-20 13:30:21.94124+00,2026-07-20 13:30:32.418729+00,FVG - 1m,0
IRENUSDT,2026-07-20 13:31:23.718478+00,2026-07-20 13:33:07.963717+00,Standard Scalping,0
INTWUSDT,2026-07-20 13:31:31.991124+00,2026-07-20 13:38:54.754394+00,Standard Scalping,0
DEEPUSDT,2026-07-20 13:43:43.815637+00,2026-07-20 14:21:49.753239+00,Compresion ADN - Micro (5m),0
TRIAUSDT,2026-07-20 13:43:47.499005+00,2026-07-20 13:51:40.622074+00,FVG - 1m,0
SNXXUSDT,2026-07-20 13:43:51.138811+00,2026-07-20 13:51:55.001863+00,MA Cross Momentum,0
SNXXUSDT,2026-07-20 13:43:55.300543+00,2026-07-20 14:18:20.116467+00,Scalping Clone,0
SNXXUSDT,2026-07-20 13:43:59.196738+00,2026-07-20 13:51:47.792514+00,Standard Scalping,0
JCTUSDT,2026-07-20 13:51:08.606156+00,2026-07-20 13:53:50.286053+00,FVG - 1m,1
AXTIUSDT,2026-07-20 13:51:14.677837+00,2026-07-20 15:54:59.038724+00,Scalping Clone,0
AXTIUSDT,2026-07-20 13:51:18.808391+00,2026-07-20 14:21:46.173311+00,Standard Scalping,0
TERUSDT,2026-07-20 14:00:35.567508+00,2026-07-20 14:04:02.948868+00,FVG - 1m,1
CIENUSDT,2026-07-20 14:09:03.578251+00,2026-07-20 20:02:30.232678+00,FVG - 1m,1
XAUUSDT,2026-07-20 14:09:08.042463+00,2026-07-21 06:49:10.79252+00,MA Slope Caso 3,1
ALCHUSDT,2026-07-20 14:24:46.014481+00,2026-07-20 14:34:03.076359+00,Compresion ADN - Micro (5m),0
INTCUSDT,2026-07-20 14:24:50.170176+00,2026-07-20 14:48:44.043258+00,FVG - 1m,0
UBUSDT,2026-07-20 14:34:05.126044+00,2026-07-20 15:01:00.351593+00,FVG - 1m,1
CETUSUSDT,2026-07-20 14:43:20.944677+00,2026-07-20 22:00:46.842942+00,Compresion ADN - Micro (5m),0
CBRSUSDT,2026-07-20 14:58:14.479978+00,2026-07-20 15:07:12.917023+00,FVG - 1m,1
ARCUSDT,2026-07-20 15:05:20.292599+00,2026-07-20 20:10:06.437599+00,FVG - 1m,0
BOTUSDT,2026-07-20 15:10:49.593593+00,2026-07-20 15:11:11.382041+00,FVG - 1m,0
FORMUSDT,2026-07-20 15:14:53.968591+00,2026-07-20 15:16:15.987743+00,FVG - 1m,0
BEUSDT,2026-07-20 15:19:59.302797+00,2026-07-20 19:59:45.534692+00,FVG - 1m,0
XAUTUSDT,2026-07-20 15:20:03.886102+00,2026-07-21 06:49:36.198838+00,MA Slope Caso 3,1
ETCUSDT,2026-07-20 15:45:33.925013+00,2026-07-22 17:44:31.078859+00,MA Slope Caso 1,0
SOONUSDT,2026-07-20 15:54:09.637244+00,2026-07-20 17:19:49.841132+00,MA Slope Caso 3 (15m),1
NBISUSDT,2026-07-20 16:09:10.466465+00,2026-07-20 16:26:19.161694+00,Standard Scalping,0
CRWVUSDT,2026-07-20 16:09:14.956746+00,2026-07-20 16:43:01.158997+00,Standard Scalping,0
USARUSDT,2026-07-20 16:14:05.286715+00,2026-07-20 17:18:44.295335+00,FVG - 5m,0
TRXUSDT,2026-07-20 16:14:12.652958+00,2026-07-20 20:00:33.652306+00,MA Slope Caso 2,0
BUSDT,2026-07-20 16:14:24.710619+00,2026-07-20 18:15:31.706767+00,Standard Scalping,0
BLUAIUSDT,2026-07-20 16:30:12.436756+00,2026-07-20 17:10:20.279441+00,FVG - 15m,0
STXXUSDT,2026-07-20 16:42:55.653768+00,2026-07-20 19:06:04.709421+00,Standard Scalping,0
SNXXUSDT,2026-07-20 16:43:03.526005+00,2026-07-20 18:33:40.557941+00,Standard Scalping,0
CLOUSDT,2026-07-20 17:16:39.785289+00,2026-07-20 17:17:26.905062+00,FVG - 15m,0
ZHIPUUSDT,2026-07-20 17:22:06.240905+00,2026-07-20 17:23:54.586164+00,FVG - 15m,0
ZHIPUUSDT,2026-07-20 17:22:17.287117+00,2026-07-20 17:29:12.652968+00,FVG - 5m,0
TIAUSDT,2026-07-20 17:22:21.964393+00,2026-07-20 22:00:46.920334+00,MA Slope Caso 3 (15m),1
YGGUSDT,2026-07-20 17:33:28.314408+00,2026-07-20 22:02:05.908928+00,FVG - 15m,0
ANTHROPICUSDT,2026-07-20 17:33:34.733787+00,2026-07-20 17:47:13.044034+00,FVG - 5m,0
VICUSDT,2026-07-20 17:57:29.19229+00,2026-07-21 20:10:18.547293+00,FVG - 5m,1
METUSDT,2026-07-20 18:19:36.147764+00,2026-07-20 20:00:33.72497+00,MA Slope Caso 3 (15m),1
GMTUSDT,2026-07-20 18:25:18.551524+00,2026-07-20 22:28:02.543376+00,LSE Counter-Trend ,0
HUSDT,2026-07-20 19:10:07.295956+00,2026-07-20 19:21:15.42081+00,FVG - 5m,1
SAGAUSDT,2026-07-20 19:31:30.562749+00,2026-07-21 01:23:29.628303+00,FVG - 5m,1
DOODUSDT,2026-07-20 19:45:04.833519+00,2026-07-20 21:42:16.113031+00,Scalping Clone,0
SXTUSDT,2026-07-20 19:52:42.063617+00,2026-07-20 20:03:12.36703+00,FVG - 15m,0
MUUUSDT,2026-07-20 20:01:36.312928+00,2026-07-20 21:42:16.13309+00,FVG - 1m,0
CLUSDT,2026-07-20 20:01:44.388091+00,2026-07-21 11:11:22.341786+00,MA Slope Caso 2,0
ENSOUSDT,2026-07-20 20:01:48.510116+00,2026-07-21 01:53:48.268205+00,MA Slope Caso 3 (15m),1
ALLOUSDT,2026-07-20 20:09:19.412306+00,2026-07-20 20:12:23.252385+00,FVG - 1m,0
SAPIENUSDT,2026-07-20 20:13:46.17692+00,2026-07-20 20:42:43.240695+00,FVG - 1m,1
PROMUSDT,2026-07-20 20:19:18.687014+00,2026-07-20 20:23:11.052592+00,FVG - 1m,1
SKRUSDT,2026-07-20 20:26:00.086535+00,2026-07-20 20:52:11.465821+00,FVG - 1m,1
GWEIUSDT,2026-07-20 20:59:56.069344+00,2026-07-20 21:44:59.114345+00,FVG - 15m,0
TACUSDT,2026-07-20 21:00:05.266855+00,2026-07-20 23:15:37.768681+00,FVG - 1m,0
CAPUSDT,2026-07-20 21:13:40.396279+00,2026-07-21 00:43:25.537705+00,Scalping Clone,0
BNCUSDT,2026-07-20 21:25:04.211796+00,2026-07-21 01:30:46.451557+00,LSE Counter-Trend ,0
MONUSDT,2026-07-20 21:29:51.172737+00,2026-07-20 21:48:28.430974+00,FVG - 1m,1
XPLUSDT,2026-07-20 21:29:58.797925+00,2026-07-21 01:30:50.545593+00,LSE Counter-Trend ,0
KNCUSDT,2026-07-20 21:49:33.95157+00,2026-07-20 21:57:54.633209+00,FVG - 5m,0
NIGHTUSDT,2026-07-20 21:58:14.881367+00,2026-07-20 22:27:33.722445+00,FVG - 1m,0
TUTUSDT,2026-07-20 21:58:18.882558+00,2026-07-20 22:06:43.861294+00,FVG - 5m,1
TOWNSUSDT,2026-07-20 21:58:42.004146+00,2026-07-20 22:14:43.168541+00,Standard Scalping,0
ZESTUSDT,2026-07-20 22:05:32.506672+00,2026-07-21 00:06:29.598012+00,FVG - 1m,1
PIEVERSEUSDT,2026-07-20 22:05:36.308028+00,2026-07-21 00:16:44.21124+00,MA Slope Caso 3 (15m),1
ZMUSDT,2026-07-20 22:15:14.678794+00,2026-07-21 12:49:16.196012+00,Compresion ADN - Micro (5m),0
YBUSDT,2026-07-20 22:27:23.999189+00,2026-07-20 23:01:26.137676+00,FVG - 5m,0
HEIUSDT,2026-07-20 22:36:08.259169+00,2026-07-20 22:46:09.177413+00,FVG - 1m,0
MONUSDT,2026-07-20 22:37:42.450875+00,2026-07-21 02:26:11.02779+00,Standard Scalping,0
BSBUSDT,2026-07-20 22:58:35.381845+00,2026-07-21 00:19:54.708381+00,FVG - 1m,1
HAEDALUSDT,2026-07-20 23:04:49.77539+00,2026-07-20 23:47:04.880435+00,FVG - 5m,1
XPINUSDT,2026-07-20 23:35:31.889862+00,2026-07-20 23:45:23.685355+00,FVG - 1m,0
CRCLUSDT,2026-07-20 23:48:53.348086+00,2026-07-21 00:21:47.779884+00,FVG - 5m,1
OUSDT,2026-07-20 23:57:21.591835+00,2026-07-21 00:14:06.957671+00,FVG - 1m,1
TUSDT,2026-07-21 00:09:37.466517+00,2026-07-21 00:57:23.056062+00,FVG - 15m,0
EPICUSDT,2026-07-21 00:09:45.310074+00,2026-07-21 03:35:03.202974+00,FVG - 1m,0
PENGUUSDT,2026-07-21 00:19:43.84879+00,2026-07-21 11:50:25.298436+00,MA Slope Caso 3 (15m),1
MYXUSDT,2026-07-21 00:20:02.605925+00,2026-07-21 02:56:54.588679+00,Standard Scalping,0
COAIUSDT,2026-07-21 00:25:23.325441+00,2026-07-21 00:29:40.965246+00,FVG - 1m,1
SOXLUSDT,2026-07-21 00:25:30.182907+00,2026-07-21 02:06:38.07999+00,FVG - 5m,0
VANRYUSDT,2026-07-21 00:34:39.081833+00,2026-07-21 01:21:34.486813+00,FVG - 15m,0
PTBUSDT,2026-07-21 00:49:12.103678+00,2026-07-21 00:49:21.709752+00,Standard Scalping,0
ERAUSDT,2026-07-21 00:49:22.183899+00,2026-07-21 01:10:50.696585+00,Standard Scalping,0
MINAUSDT,2026-07-21 01:03:20.884488+00,2026-07-21 01:26:00.158494+00,Scalping Clone,0
HYUNDAIUSDT,2026-07-21 01:12:51.305094+00,2026-07-21 01:19:11.022667+00,FVG - 1m,0
ALICEUSDT,2026-07-21 01:25:10.739789+00,2026-07-21 01:26:59.21933+00,FVG - 5m,0
JTOUSDT,2026-07-21 01:34:22.147341+00,2026-07-21 12:03:22.960782+00,FVG - 15m,1
RIFUSDT,2026-07-21 01:34:34.556975+00,2026-07-21 01:55:02.056848+00,FVG - 5m,0
SKLUSDT,2026-07-21 01:42:15.231668+00,2026-07-21 02:18:57.847319+00,FVG - 15m,0
IRYSUSDT,2026-07-21 01:56:19.59253+00,2026-07-21 02:05:01.88996+00,FVG - 1m,1
JSTUSDT,2026-07-21 01:56:26.968123+00,2026-07-21 05:00:17.374971+00,MA Slope Caso 3 (15m),1
KOMAUSDT,2026-07-21 02:02:39.549572+00,2026-07-22 02:39:14.5508+00,FVG - 5m,1
SKHYNIXUSDT,2026-07-21 02:08:56.940011+00,2026-07-21 02:35:55.828091+00,FVG - 1m,1
SUSDT,2026-07-21 02:25:28.999557+00,2026-07-21 02:30:39.863402+00,FVG - 5m,1
COLLECTUSDT,2026-07-21 02:29:28.024193+00,2026-07-21 13:45:57.39319+00,FVG - 1m,1
STARUSDT,2026-07-21 02:34:11.719034+00,2026-07-21 03:09:15.760039+00,FVG - 5m,0
HAEDALUSDT,2026-07-21 02:48:15.842481+00,2026-07-21 04:03:37.096836+00,Standard Scalping,0
SKRUSDT,2026-07-21 02:56:28.872055+00,2026-07-21 03:11:37.306043+00,Standard Scalping,0
GUSDT,2026-07-21 03:04:43.124135+00,2026-07-21 03:47:21.152868+00,FVG - 15m,0
LABUSDT,2026-07-21 03:04:51.225946+00,2026-07-21 03:05:45.51384+00,FVG - 1m,1
ZHIPUUSDT,2026-07-21 03:05:07.192407+00,2026-07-21 06:02:24.768376+00,Standard Scalping,0
SIRENUSDT,2026-07-21 03:12:16.158603+00,2026-07-21 17:43:47.430879+00,FVG - 1m,1
ALICEUSDT,2026-07-21 03:12:22.215949+00,2026-07-21 04:13:05.14147+00,FVG - 5m,0
XANUSDT,2026-07-21 03:12:26.58978+00,2026-07-21 03:21:40.219901+00,MA Clone,0
XANUSDT,2026-07-21 03:12:30.883789+00,2026-07-21 03:28:12.22+00,Scalping Clone,0
XANUSDT,2026-07-21 03:12:34.697842+00,2026-07-21 03:19:56.096282+00,Standard Scalping,0
SNXXUSDT,2026-07-21 03:33:29.138729+00,2026-07-21 05:37:15.55308+00,Standard Scalping,0
TOWNSUSDT,2026-07-21 03:42:04.463513+00,2026-07-21 03:58:17.677564+00,FVG - 1m,0
ESPORTSUSDT,2026-07-21 03:51:09.105962+00,2026-07-21 08:10:28.445463+00,FVG - 15m,0
VETUSDT,2026-07-21 04:03:02.372043+00,2026-07-22 18:14:41.587294+00,Compresion ADN - Micro (5m),0
AKEUSDT,2026-07-21 04:03:08.793067+00,2026-07-21 05:09:20.843357+00,FVG - 1m,0
JCTUSDT,2026-07-21 04:03:18.521628+00,2026-07-21 06:56:30.654808+00,MA Slope Caso 1,0
INTWUSDT,2026-07-21 04:03:39.476584+00,2026-07-21 04:15:09.09396+00,Standard Scalping,0
TREEUSDT,2026-07-21 04:03:56.680854+00,2026-07-21 06:11:23.505864+00,Scalping Clone,0
AVAAIUSDT,2026-07-21 04:14:51.508463+00,2026-07-21 04:23:40.362592+00,FVG - 5m,0
AIGENSYNUSDT,2026-07-21 04:15:10.095638+00,2026-07-21 04:43:34.001083+00,Standard Scalping,0
HEMIUSDT,2026-07-21 04:29:09.901128+00,2026-07-21 07:18:05.819161+00,FVG - 5m,1
MINAUSDT,2026-07-21 04:43:35.544301+00,2026-07-21 06:50:56.242451+00,Standard Scalping,0
BMNRUSDT,2026-07-21 05:00:31.569662+00,2026-07-21 08:20:28.855555+00,MA Slope Caso 3 (15m),1
BANKUSDT,2026-07-21 05:09:50.78854+00,2026-07-21 05:10:58.775619+00,FVG - 1m,0
DEXEUSDT,2026-07-21 05:14:00.464823+00,2026-07-21 05:17:17.791497+00,FVG - 1m,0
PTBUSDT,2026-07-21 05:18:59.008739+00,2026-07-21 05:21:58.842302+00,FVG - 1m,0
BLESSUSDT,2026-07-21 05:26:15.351851+00,2026-07-21 05:31:48.608767+00,FVG - 1m,0
LTCUSDT,2026-07-21 05:26:19.556026+00,2026-07-23 05:35:24.295875+00,MA Slope Caso 3,1
CLOUSDT,2026-07-21 05:36:31.460268+00,2026-07-21 07:46:06.510741+00,FVG - 1m,1
POLYXUSDT,2026-07-21 05:36:45.461246+00,2026-07-21 07:44:55.781502+00,Scalping Clone,0
SAGAUSDT,2026-07-21 05:45:23.963586+00,2026-07-21 06:51:23.716537+00,MA Cross Momentum,0
UBUSDT,2026-07-21 05:54:18.244524+00,2026-07-21 08:18:40.959464+00,Standard Scalping,0
VVVUSDT,2026-07-21 06:27:24.970847+00,2026-07-21 08:10:34.007814+00,MA Cross Momentum,0
AGTUSDT,2026-07-21 06:49:53.275584+00,2026-07-21 06:50:56.3435+00,FVG - 15m,0
USUSDT,2026-07-21 06:50:03.425753+00,2026-07-21 07:20:33.360879+00,MA Cross Momentum,0
IBMUSDT,2026-07-21 06:50:07.760508+00,2026-07-21 10:04:40.574712+00,MA Slope Caso 3,1
USUSDT,2026-07-21 06:50:11.645939+00,2026-07-21 07:20:45.575112+00,Scalping Clone,0
USUSDT,2026-07-21 06:50:14.912443+00,2026-07-21 07:13:07.560983+00,Standard Scalping,0
ZEREBROUSDT,2026-07-21 06:59:15.368404+00,2026-07-22 05:02:30.409188+00,FVG - 15m,0
BILLUSDT,2026-07-21 06:59:28.757323+00,2026-07-22 04:58:16.713903+00,MA Slope Caso 1,0
MSFTUSDT,2026-07-21 07:09:05.277066+00,2026-07-22 13:31:50.777416+00,MA Slope Caso 3,1
HAEDALUSDT,2026-07-21 07:24:17.44694+00,2026-07-21 08:02:27.475584+00,FVG - 5m,0
SAGAUSDT,2026-07-21 07:34:30.451713+00,2026-07-21 09:36:33.19919+00,Scalping Clone,0
HANAUSDT,2026-07-21 07:51:18.704894+00,2026-07-21 08:06:14.305382+00,FVG - 1m,0
LAUSDT,2026-07-21 08:07:46.683507+00,2026-07-21 08:47:02.996904+00,FVG - 1m,1
LAUSDT,2026-07-21 08:07:50.563743+00,2026-07-21 08:49:16.130906+00,FVG - 5m,1
YGGUSDT,2026-07-21 08:12:49.806495+00,2026-07-21 08:13:56.831733+00,FVG - 15m,0
VVVUSDT,2026-07-21 08:13:05.629561+00,2026-07-21 15:54:38.01308+00,Standard Scalping,0
BUSDT,2026-07-21 08:17:17.113122+00,2026-07-21 11:06:35.056584+00,FVG - 15m,1
AZTECUSDT,2026-07-21 08:23:13.239975+00,2026-07-21 09:54:38.901357+00,MA Slope Caso 3 (15m),1
IOUSDT,2026-07-21 08:28:22.068732+00,2026-07-21 10:50:45.823529+00,Scalping Clone,0
ONDOUSDT,2026-07-21 08:49:51.200547+00,2026-07-21 08:52:33.394528+00,FVG - 1m,1
TURTLEUSDT,2026-07-21 08:49:55.486353+00,2026-07-21 09:27:55.739685+00,FVG - 5m,0
STARUSDT,2026-07-21 08:58:17.253882+00,2026-07-21 09:00:02.124118+00,FVG - 1m,0
IRYSUSDT,2026-07-21 09:14:54.173166+00,2026-07-21 16:30:14.044096+00,FVG - 1m,0
CAPUSDT,2026-07-21 09:29:35.289884+00,2026-07-21 09:44:26.095083+00,FVG - 5m,0
ONDOUSDT,2026-07-21 09:44:29.879261+00,2026-07-21 11:28:30.521572+00,Standard Scalping,0
HEIUSDT,2026-07-21 09:53:19.748193+00,2026-07-21 09:55:07.541685+00,FVG - 5m,0
ERAUSDT,2026-07-21 10:00:14.15137+00,2026-07-21 10:04:18.83704+00,FVG - 5m,1
ICPUSDT,2026-07-21 10:00:17.935702+00,2026-07-21 14:06:41.038929+00,MA Slope Caso 3 (15m),1
ACEUSDT,2026-07-21 10:09:24.825099+00,2026-07-21 10:50:52.424585+00,FVG - 5m,0
WLDUSDT,2026-07-21 10:09:29.412983+00,2026-07-22 17:42:28.200916+00,MA Slope Caso 3,1
VIRTUALUSDT,2026-07-21 10:29:45.304892+00,2026-07-21 10:51:02.650392+00,Standard Scalping,0
1000XECUSDT,2026-07-21 10:58:49.763476+00,2026-07-21 11:32:34.247732+00,FVG - 5m,0
YBUSDT,2026-07-21 11:10:33.647328+00,2026-07-21 11:43:11.209088+00,FVG - 15m,0
TZAUSDT,2026-07-21 11:14:22.205331+00,2026-07-21 17:10:06.0396+00,MA Slope Caso 2,0
SOXSUSDT,2026-07-21 11:34:18.231749+00,2026-07-21 11:35:56.294483+00,FVG - 5m,0
NIGHTUSDT,2026-07-21 11:44:30.306222+00,2026-07-21 11:46:24.515301+00,FVG - 5m,0
METUSDT,2026-07-21 11:50:59.702242+00,2026-07-21 21:30:59.002792+00,FVG - 15m,1
BEATUSDT,2026-07-21 11:51:06.717969+00,2026-07-21 17:00:19.268611+00,FVG - 5m,0
DEEPUSDT,2026-07-21 11:51:11.500337+00,2026-07-23 11:51:16.240174+00,MA Slope Caso 3 (15m),1
MUSDT,2026-07-21 12:11:57.686122+00,2026-07-21 13:06:02.82239+00,FVG - 15m,0
DUSKUSDT,2026-07-21 12:33:27.756944+00,2026-07-21 13:52:40.14172+00,Scalping Clone,0
RPLUSDT,2026-07-21 12:48:48.759278+00,2026-07-21 15:02:26.868573+00,MA Slope Caso 2,0
CROSSUSDT,2026-07-21 13:04:22.033004+00,2026-07-21 14:24:59.57025+00,Standard Scalping,0
KGENUSDT,2026-07-21 13:09:55.748096+00,2026-07-21 13:20:07.573412+00,Compresion ADN - Micro (5m),0
CUSDT,2026-07-21 13:13:52.013017+00,2026-07-21 14:09:04.38098+00,FVG - 15m,0
BSVUSDT,2026-07-21 13:25:27.088703+00,2026-07-22 05:55:29.714497+00,Compresion ADN - Micro (5m),0
MMTUSDT,2026-07-21 13:25:42.373141+00,2026-07-21 14:03:47.631186+00,Standard Scalping,0
MITOUSDT,2026-07-21 13:34:34.881404+00,2026-07-21 14:34:48.639083+00,MA Slope Caso 3 (15m),1
AXTIUSDT,2026-07-21 13:43:18.150959+00,2026-07-21 15:17:05.870995+00,MA Clone,0
AXTIUSDT,2026-07-21 13:43:21.227302+00,2026-07-21 15:17:05.893884+00,MA Cross Momentum,0
ZBTUSDT,2026-07-21 13:50:45.621534+00,2026-07-21 14:03:24.667622+00,FVG - 1m,1
CRCLUSDT,2026-07-21 14:06:27.924742+00,2026-07-21 15:04:44.422178+00,FVG - 1m,0
RAVEUSDT,2026-07-21 14:11:46.400516+00,2026-07-21 14:23:26.891395+00,FVG - 15m,0
NEOUSDT,2026-07-21 14:11:54.027362+00,2026-07-21 18:23:45.967441+00,LSE Counter-Trend ,0
1000LUNCUSDT,2026-07-21 14:11:58.880269+00,2026-07-22 03:43:15.135185+00,MA Slope Caso 3 (15m),1
ORCAUSDT,2026-07-21 14:16:08.477128+00,2026-07-21 18:06:48.960829+00,LSE Counter-Trend ,0
QNTXUSDT,2026-07-21 14:27:55.342368+00,2026-07-21 14:30:22.519659+00,FVG - 15m,1
MAGMAUSDT,2026-07-21 14:28:05.288395+00,2026-07-21 17:31:15.26965+00,LSE Counter-Trend ,0
VELVETUSDT,2026-07-21 14:32:31.307686+00,2026-07-21 14:36:02.25351+00,FVG - 15m,0
RENDERUSDT,2026-07-21 14:42:04.047245+00,2026-07-22 05:20:44.809671+00,MA Slope Caso 3 (15m),1
DODOXUSDT,2026-07-21 14:49:19.435785+00,2026-07-21 14:55:43.494658+00,FVG - 15m,0
TUTUSDT,2026-07-21 14:57:53.710381+00,2026-07-21 15:01:58.841737+00,FVG - 15m,1
HUSDT,2026-07-21 15:04:46.826026+00,2026-07-21 15:09:02.782905+00,FVG - 15m,1
ONEUSDT,2026-07-21 15:04:57.030675+00,2026-07-21 15:08:41.390237+00,FVG - 1m,1
AERGOUSDT,2026-07-21 15:11:15.339677+00,2026-07-21 15:15:28.280719+00,FVG - 1m,1
XVGUSDT,2026-07-21 15:20:10.875975+00,2026-07-21 16:42:58.672664+00,FVG - 15m,0
GRAMUSDT,2026-07-21 15:30:30.691851+00,2026-07-21 15:41:16.699126+00,FVG - 1m,0
ONDSUSDT,2026-07-21 15:45:25.97472+00,2026-07-21 16:05:16.81686+00,FVG - 1m,1
FWDIUSDT,2026-07-21 15:54:21.330479+00,2026-07-21 16:42:48.852607+00,Standard Scalping,0
ASTSUSDT,2026-07-21 16:09:13.127641+00,2026-07-21 16:23:33.130565+00,FVG - 1m,1
ETHBTCUSDT,2026-07-21 16:09:18.196363+00,2026-07-23 16:19:10.11319+00,MA Slope Caso 2,0
WDCUSDT,2026-07-21 16:19:40.507514+00,2026-07-21 18:22:33.180121+00,Standard Scalping,0
SHAZUSDT,2026-07-21 16:24:32.356996+00,2026-07-21 17:04:04.404989+00,FVG - 1m,1
BEUSDT,2026-07-21 16:34:30.290388+00,2026-07-21 16:39:09.123634+00,FVG - 1m,1
LYNUSDT,2026-07-21 16:34:38.388755+00,2026-07-21 18:41:44.022467+00,Standard Scalping,0
TERUSDT,2026-07-21 16:42:49.646165+00,2026-07-21 19:11:46.67412+00,Standard Scalping,0
KERNELUSDT,2026-07-21 16:49:13.08563+00,2026-07-21 17:46:23.634071+00,FVG - 15m,0
BLUAIUSDT,2026-07-21 16:49:21.004245+00,2026-07-21 21:59:56.942811+00,MA Clone,0
BLUAIUSDT,2026-07-21 16:49:24.855888+00,2026-07-21 22:00:04.495819+00,MA Cross Momentum,0
BLUAIUSDT,2026-07-21 16:49:28.805776+00,2026-07-21 22:00:12.169745+00,Scalping Clone,0
COLLECTUSDT,2026-07-21 17:04:13.672437+00,2026-07-21 21:51:46.611515+00,FVG - 1m,1
MUUUSDT,2026-07-21 17:14:35.554807+00,2026-07-21 18:06:19.845992+00,FVG - 1m,1
EPICUSDT,2026-07-21 17:14:39.900712+00,2026-07-21 18:38:32.215229+00,FVG - 5m,1
ARIAUSDT,2026-07-21 17:50:15.987575+00,2026-07-22 05:16:13.058708+00,FVG - 15m,0
TACUSDT,2026-07-21 17:50:24.438796+00,2026-07-21 17:57:00.794933+00,FVG - 1m,1
BTWUSDT,2026-07-21 18:06:15.201737+00,2026-07-21 18:06:34.779603+00,FVG - 1m,1
MINIMAXUSDT,2026-07-21 18:11:49.122423+00,2026-07-21 18:33:34.577724+00,FVG - 1m,0
HMSTRUSDT,2026-07-21 18:21:12.829479+00,2026-07-21 18:23:27.294757+00,FVG - 1m,1
CBRSUSDT,2026-07-21 18:27:30.440134+00,2026-07-21 18:36:11.819715+00,FVG - 1m,1
CHILLGUYUSDT,2026-07-21 18:27:34.284416+00,2026-07-21 20:15:30.290715+00,MA Clone,0
CHILLGUYUSDT,2026-07-21 18:27:38.329695+00,2026-07-21 20:14:32.979932+00,MA Cross Momentum,0
MOVEUSDT,2026-07-21 18:56:27.202204+00,2026-07-21 19:26:24.639038+00,FVG - 1m,1
LABUSDT,2026-07-21 19:03:34.1016+00,2026-07-21 19:43:04.114982+00,Standard Scalping,0
TLMUSDT,2026-07-21 19:11:13.860932+00,2026-07-21 19:11:39.588985+00,FVG - 1m,0
NEARUSDT,2026-07-21 19:11:18.12139+00,2026-07-22 07:08:45.248567+00,MA Slope Caso 2,0
EIGENUSDT,2026-07-21 19:15:45.870436+00,2026-07-21 23:19:47.526726+00,MA Slope Caso 2,0
EDGEUSDT,2026-07-21 19:31:45.918896+00,2026-07-21 20:02:26.198821+00,FVG - 1m,1
MUUUSDT,2026-07-21 19:32:36.491896+00,2026-07-22 03:14:00.6298+00,Standard Scalping,0
MUUSDT,2026-07-21 19:47:22.196136+00,2026-07-22 02:39:36.214158+00,Standard Scalping,0
MYXUSDT,2026-07-21 19:55:26.390724+00,2026-07-21 20:02:26.255712+00,FVG - 1m,1
OPNUSDT,2026-07-21 20:03:08.148804+00,2026-07-21 20:05:30.96628+00,FVG - 1m,0
PLAYUSDT,2026-07-21 20:10:53.970308+00,2026-07-21 20:12:04.039737+00,FVG - 1m,1
BOTUSDT,2026-07-21 20:10:57.769963+00,2026-07-22 02:50:19.71322+00,FVG - 5m,0
TRIAUSDT,2026-07-21 20:15:41.64157+00,2026-07-22 04:47:08.55886+00,MA Cross Momentum,0
SMCIUSDT,2026-07-21 20:37:04.971105+00,2026-07-21 20:37:30.924592+00,FVG - 1m,0
HPEUSDT,2026-07-21 20:45:42.395216+00,2026-07-21 20:58:12.403323+00,FVG - 1m,1
ZESTUSDT,2026-07-21 20:45:46.270972+00,2026-07-21 23:10:19.017125+00,FVG - 5m,0
AIGENSYNUSDT,2026-07-21 20:54:30.785146+00,2026-07-21 21:09:03.708959+00,Standard Scalping,0
CRWVUSDT,2026-07-21 21:09:05.615844+00,2026-07-21 23:11:34.537331+00,Standard Scalping,0
GWEIUSDT,2026-07-21 21:59:17.608679+00,2026-07-22 05:21:31.583141+00,FVG - 15m,0
RKLBUSDT,2026-07-21 21:59:27.006327+00,2026-07-21 22:04:32.208656+00,FVG - 1m,1
INITUSDT,2026-07-21 22:08:08.683532+00,2026-07-21 23:14:35.597256+00,Compresion ADN - Micro (5m),0
NBISUSDT,2026-07-21 22:08:19.472894+00,2026-07-21 22:09:02.663725+00,FVG - 1m,1
SYNUSDT,2026-07-21 22:34:31.343697+00,2026-07-21 23:20:21.637762+00,FVG - 1m,0
BIOUSDT,2026-07-21 22:42:56.676499+00,2026-07-21 23:01:38.713707+00,FVG - 1m,1
RECALLUSDT,2026-07-21 22:49:54.778545+00,2026-07-22 21:37:32.854683+00,MA Slope Caso 1,0
XPINUSDT,2026-07-21 22:58:26.422302+00,2026-07-21 23:00:54.259329+00,FVG - 1m,0
AVAXUSDT,2026-07-21 23:20:29.994182+00,2026-07-23 03:32:50.899698+00,MA Slope Caso 2,0
ATHUSDT,2026-07-21 23:31:48.714863+00,2026-07-22 03:34:10.200572+00,Compresion ADN - Micro (5m),0
ICNTUSDT,2026-07-21 23:36:16.229777+00,2026-07-22 00:00:26.386629+00,FVG - 1m,0
TAGUSDT,2026-07-21 23:44:42.256244+00,2026-07-23 23:46:50.406474+00,Arrow Reversal,1
TAGUSDT,2026-07-21 23:44:48.107395+00,2026-07-23 23:46:53.856382+00,,1
TRIAUSDT,2026-07-22 00:01:21.882629+00,2026-07-22 00:01:30.617281+00,Standard Scalping,0
DELLUSDT,2026-07-22 00:01:31.336387+00,2026-07-22 00:50:16.389739+00,Standard Scalping,0
BNCUSDT,2026-07-22 00:10:00.61409+00,2026-07-22 02:01:56.205531+00,FVG - 1m,0
AIOUSDT,2026-07-22 00:14:27.787545+00,2026-07-22 19:56:19.115419+00,FVG - 5m,0
AAOIUSDT,2026-07-22 00:26:08.119328+00,2026-07-22 00:46:11.711959+00,FVG - 1m,0
MIRAUSDT,2026-07-22 00:31:41.508456+00,2026-07-22 00:32:00.926894+00,FVG - 1m,0
MVLLUSDT,2026-07-22 00:49:23.699762+00,2026-07-22 02:39:51.399803+00,Scalping Clone,0
GENIUSUSDT,2026-07-22 01:06:29.104005+00,2026-07-22 01:14:28.335388+00,FVG - 1m,1
REUSDT,2026-07-22 01:13:10.701988+00,2026-07-22 01:29:45.267221+00,FVG - 1m,1
AIOTUSDT,2026-07-22 01:18:21.548612+00,2026-07-22 01:18:30.469228+00,FVG - 1m,1
CCUSDT,2026-07-22 01:18:30.328039+00,2026-07-22 03:26:28.193052+00,LSE Counter-Trend ,0
ARXUSDT,2026-07-22 01:25:01.704796+00,2026-07-22 02:01:45.36174+00,FVG - 1m,1
ZORAUSDT,2026-07-22 01:29:54.640736+00,2026-07-22 01:47:34.61126+00,LSE Counter-Trend ,0
VVVUSDT,2026-07-22 01:44:59.708137+00,2026-07-22 03:52:27.305954+00,Scalping Clone,0
HOLOUSDT,2026-07-22 01:53:35.833152+00,2026-07-22 02:12:24.27279+00,FVG - 1m,0
SAFEUSDT,2026-07-22 01:53:41.510538+00,2026-07-23 05:49:15.707711+00,LSE Counter-Trend ,0
MRVLUSDT,2026-07-22 02:01:42.173059+00,2026-07-22 02:49:53.303816+00,Scalping Clone,0
ANTHROPICUSDT,2026-07-22 02:49:34.23331+00,2026-07-22 03:54:31.109669+00,FVG - 1m,0
TRUTHUSDT,2026-07-22 02:49:38.375332+00,2026-07-22 03:55:53.410222+00,FVG - 5m,0
ASTSUSDT,2026-07-22 02:49:46.814815+00,2026-07-22 04:56:50.319583+00,Scalping Clone,0
NBISUSDT,2026-07-22 02:49:56.069632+00,2026-07-22 03:18:17.138631+00,Scalping Clone,0
ACEUSDT,2026-07-22 03:07:03.67071+00,2026-07-22 03:09:57.696714+00,FVG - 1m,0
TLMUSDT,2026-07-22 03:07:08.817159+00,2026-07-22 04:02:06.200311+00,FVG - 5m,0
BANKUSDT,2026-07-22 03:13:04.769913+00,2026-07-22 03:26:47.808083+00,FVG - 1m,0
ZHIPUUSDT,2026-07-22 03:17:25.102294+00,2026-07-22 05:15:13.554528+00,FVG - 1m,0
HOLOUSDT,2026-07-22 03:18:22.963034+00,2026-07-24 03:31:58.794045+00,Scalping Clone,0
ICNTUSDT,2026-07-22 03:32:50.76721+00,2026-07-22 03:33:20.327244+00,FVG - 1m,0
IBMUSDT,2026-07-22 03:41:20.265637+00,2026-07-22 13:22:18.011574+00,Compresion ADN - Micro (5m),0
SNXXUSDT,2026-07-22 03:41:27.0644+00,2026-07-22 03:48:26.401349+00,FVG - 15m Pulido,1
XANUSDT,2026-07-22 03:41:33.961545+00,2026-07-22 03:44:42.417929+00,FVG - 1m,0
STARUSDT,2026-07-22 03:51:15.88669+00,2026-07-22 04:50:12.669182+00,FVG - 15m Pulido,0
REUSDT,2026-07-22 03:51:19.958704+00,2026-07-22 05:05:25.933227+00,FVG - 1m,1
AIOTUSDT,2026-07-22 03:51:28.066141+00,2026-07-22 03:54:59.917112+00,MA Slope Caso 3 (15m),1
NIGHTUSDT,2026-07-22 04:01:54.22006+00,2026-07-24 04:08:21.489345+00,FVG - 15m Pulido,1
FWDIUSDT,2026-07-22 04:02:00.751182+00,2026-07-22 04:04:56.892616+00,FVG - 1m,0
NIGHTUSDT,2026-07-22 04:02:04.691905+00,2026-07-22 10:47:46.671936+00,FVG - 5m,1
URNMUSDT,2026-07-22 04:02:09.476493+00,2026-07-22 13:34:08.762023+00,MA Slope Caso 3 (15m),1
INTWUSDT,2026-07-22 04:12:15.100046+00,2026-07-22 12:57:09.495308+00,FVG - 15m Pulido,1
AVAAIUSDT,2026-07-22 04:12:21.90113+00,2026-07-22 06:09:44.608054+00,FVG - 1m,1
DODOXUSDT,2026-07-22 04:12:26.751968+00,2026-07-22 04:27:08.229881+00,FVG - 5m,1
METUSDT,2026-07-22 04:27:41.41608+00,2026-07-24 04:43:40.523188+00,Arrow Reversal,1
METUSDT,2026-07-22 04:27:45.428478+00,2026-07-24 04:43:44.056998+00,,1
ERAUSDT,2026-07-22 04:27:50.582811+00,2026-07-22 05:40:26.646061+00,FVG - 5m,0
HOODUSDT,2026-07-22 04:55:46.26301+00,2026-07-23 12:28:57.559508+00,MA Slope Caso 3 Pulido,1
ALICEUSDT,2026-07-22 05:03:51.459398+00,2026-07-22 05:56:39.728913+00,FVG - 15m,0
ZESTUSDT,2026-07-22 05:03:58.251398+00,2026-07-22 05:17:24.689827+00,FVG - 15m Pulido,0
TOWNSUSDT,2026-07-22 05:04:02.865124+00,2026-07-23 05:35:40.40598+00,MA Slope Caso 1,0
ZAMAUSDT,2026-07-22 05:04:06.578591+00,2026-07-22 06:09:59.949853+00,MA Slope Caso 3 Pulido,1
POLYXUSDT,2026-07-22 05:12:28.523023+00,2026-07-22 05:30:00.21852+00,FVG - 1m,0
UNIUSDT,2026-07-22 05:12:32.595402+00,2026-07-22 10:30:10.322084+00,MA Slope Caso 3 Pulido,1
HANAUSDT,2026-07-22 05:19:56.36303+00,2026-07-22 06:24:17.303258+00,FVG - 15m,0
HANAUSDT,2026-07-22 05:20:04.241576+00,2026-07-22 06:24:17.324049+00,FVG - 15m Pulido,0
BRUSDT,2026-07-22 05:20:09.374507+00,2026-07-22 06:08:05.368378+00,FVG - 1m,0
PTBUSDT,2026-07-22 05:30:07.85679+00,2026-07-22 05:37:25.558599+00,FVG - 15m,0
TACUSDT,2026-07-22 05:30:16.723829+00,2026-07-22 05:33:12.835607+00,FVG - 1m,1
ETHUSDT,2026-07-22 05:30:29.538998+00,2026-07-23 15:13:29.350325+00,MA Slope Caso 3 (15m),1
1000XECUSDT,2026-07-22 05:35:59.151768+00,2026-07-22 05:36:23.409147+00,FVG - 1m,1
AZTECUSDT,2026-07-22 05:43:38.841815+00,2026-07-22 10:00:34.683165+00,FVG - 15m,1
EPICUSDT,2026-07-22 05:43:50.10924+00,2026-07-22 05:44:45.823957+00,FVG - 1m,1
ONEUSDT,2026-07-22 05:43:54.90746+00,2026-07-22 09:25:52.382812+00,FVG - 5m,1
OPNUSDT,2026-07-22 05:44:01.388355+00,2026-07-22 08:53:29.277201+00,MA Clone,0
OPNUSDT,2026-07-22 05:44:05.721855+00,2026-07-22 08:53:29.29415+00,MA Cross Momentum,0
ARIAUSDT,2026-07-22 05:56:01.562024+00,2026-07-24 06:09:45.619558+00,Compresion ADN - Micro (5m),0
LABUSDT,2026-07-22 05:56:05.599973+00,2026-07-22 05:56:33.395811+00,FVG - 1m,1
YBUSDT,2026-07-22 06:03:29.93839+00,2026-07-22 06:09:18.540967+00,FVG - 15m,0
GWEIUSDT,2026-07-22 06:03:40.227997+00,2026-07-22 07:04:06.192722+00,FVG - 1m,0
BULLAUSDT,2026-07-22 06:10:06.812439+00,2026-07-22 06:10:57.310837+00,FVG - 1m,1
TRIAUSDT,2026-07-22 06:10:29.773845+00,2026-07-22 09:26:30.463828+00,Standard Scalping,0
RIFUSDT,2026-07-22 06:14:31.900059+00,2026-07-22 06:16:27.607939+00,FVG - 1m,0
NAORISUSDT,2026-07-22 06:21:30.167586+00,2026-07-22 07:30:59.319622+00,FVG - 1m,0
CBRSUSDT,2026-07-22 06:28:28.207401+00,2026-07-22 09:25:26.441569+00,FVG - 15m Pulido,1
COLLECTUSDT,2026-07-22 06:28:33.8222+00,2026-07-22 06:47:57.420461+00,FVG - 1m,0
TWTUSDT,2026-07-22 06:43:38.245156+00,2026-07-23 17:58:52.372988+00,MA Slope Caso 3 Pulido,1
USELESSUSDT,2026-07-22 06:51:13.557563+00,2026-07-22 08:20:34.713043+00,FVG - 15m,1
UAIUSDT,2026-07-22 06:51:22.341733+00,2026-07-22 09:29:13.540053+00,FVG - 1m,1
MITOUSDT,2026-07-22 07:11:10.39558+00,2026-07-22 08:54:16.270329+00,FVG - 1m,0
REDUSDT,2026-07-22 07:11:13.912066+00,2026-07-22 14:04:51.361533+00,MA Slope Caso 2,0
CRCLUSDT,2026-07-22 07:22:24.324359+00,2026-07-22 13:44:22.288455+00,FVG - 15m,1
MIRAUSDT,2026-07-22 07:34:00.792838+00,2026-07-22 07:35:46.05547+00,FVG - 1m,0
ANTHROPICUSDT,2026-07-22 07:42:42.380427+00,2026-07-22 07:43:30.736309+00,FVG - 1m,1
CAPUSDT,2026-07-22 07:49:35.749965+00,2026-07-22 08:10:55.319872+00,FVG - 1m,1
PROMUSDT,2026-07-22 08:13:37.53809+00,2026-07-22 08:34:19.253086+00,FVG - 1m,0
ARXUSDT,2026-07-22 08:13:42.366864+00,2026-07-22 08:20:34.776639+00,MA Clone,0
ARXUSDT,2026-07-22 08:13:46.641264+00,2026-07-22 08:20:34.820198+00,MA Cross Momentum,0
ARXUSDT,2026-07-22 08:13:50.800727+00,2026-07-22 08:20:34.791838+00,Scalping Clone,0
ARXUSDT,2026-07-22 08:13:54.560597+00,2026-07-22 08:20:34.763585+00,Standard Scalping,0
BRUSDT,2026-07-22 08:14:05.769061+00,2026-07-22 09:20:29.832131+00,Standard Scalping,0
HEMIUSDT,2026-07-22 08:21:34.33494+00,2026-07-22 17:42:28.230002+00,FVG - 15m,0
BTWUSDT,2026-07-22 08:37:04.652615+00,2026-07-22 08:46:26.045408+00,FVG - 1m,1
HEIUSDT,2026-07-22 08:57:40.843768+00,2026-07-22 09:03:16.909925+00,FVG - 1m,0
ONUSDT,2026-07-22 09:25:08.251292+00,2026-07-22 09:31:46.970605+00,FVG - 1m,1
HAEDALUSDT,2026-07-22 09:29:46.735419+00,2026-07-23 09:59:54.094365+00,FVG - 15m Pulido,0
SHAZUSDT,2026-07-22 09:29:50.56324+00,2026-07-22 11:26:48.420363+00,FVG - 1m,0
MINIMAXUSDT,2026-07-22 09:29:55.181565+00,2026-07-22 13:06:02.782974+00,FVG - 5m,0
VANRYUSDT,2026-07-22 09:46:01.374393+00,2026-07-22 10:05:16.341493+00,FVG - 1m,0
CLOUSDT,2026-07-22 09:53:26.373302+00,2026-07-22 09:56:52.122818+00,FVG - 1m,0
UBUSDT,2026-07-22 10:00:19.907135+00,2026-07-22 10:04:59.499869+00,FVG - 1m,1
HOMEUSDT,2026-07-22 10:11:44.69441+00,2026-07-22 11:19:37.490744+00,FVG - 15m,0
HOMEUSDT,2026-07-22 10:11:52.881799+00,2026-07-22 14:17:42.917002+00,FVG - 1m,1
AKEUSDT,2026-07-22 10:23:25.244376+00,2026-07-22 11:32:09.69043+00,FVG - 1m,0
XAUUSDT,2026-07-22 10:32:12.12959+00,2026-07-23 13:01:54.558519+00,MA Slope Caso 3 Pulido,1
KORUUSDT,2026-07-22 10:52:04.803433+00,2026-07-22 11:07:24.316407+00,FVG - 5m,0
SMCIUSDT,2026-07-22 11:18:47.077517+00,2026-07-22 11:20:57.047593+00,FVG - 5m,1
TREEUSDT,2026-07-22 11:25:21.800517+00,2026-07-22 11:41:07.992127+00,FVG - 15m,0
BOTUSDT,2026-07-22 11:25:30.769011+00,2026-07-22 12:23:18.821707+00,FVG - 5m,0
PLAYUSDT,2026-07-22 11:34:40.895348+00,2026-07-22 14:46:04.839754+00,FVG - 1m,1
GEVUSDT,2026-07-22 11:44:35.547168+00,2026-07-22 11:50:16.443257+00,FVG - 1m,0
CLUSDT,2026-07-22 11:44:39.970075+00,2026-07-22 12:13:51.769338+00,Standard Scalping,0
ZILUSDT,2026-07-22 11:53:18.486994+00,2026-07-22 12:07:19.582315+00,FVG - 1m,0
KAITOUSDT,2026-07-22 12:09:02.857689+00,2026-07-22 12:18:45.580673+00,FVG - 1m,1
ESPORTSUSDT,2026-07-22 12:16:46.812293+00,2026-07-22 13:07:28.064305+00,FVG - 15m,1
BLESSUSDT,2026-07-22 12:16:57.440439+00,2026-07-22 12:29:22.835778+00,MA Clone,0
BLESSUSDT,2026-07-22 12:17:01.218054+00,2026-07-22 12:29:22.87633+00,MA Cross Momentum,0
BILLUSDT,2026-07-22 12:23:29.383628+00,2026-07-22 12:28:45.689862+00,FVG - 1m,0
BNCUSDT,2026-07-22 12:23:35.248588+00,2026-07-22 12:24:24.846958+00,FVG - 5m,0
USUSDT,2026-07-22 12:27:49.673765+00,2026-07-22 12:35:05.278669+00,FVG - 5m,1
ROBOUSDT,2026-07-22 12:49:50.327648+00,2026-07-22 13:35:00.738976+00,FVG - 1m,1
ONDSUSDT,2026-07-22 12:50:01.887384+00,2026-07-22 13:15:55.276743+00,Standard Scalping,0
ZBTUSDT,2026-07-22 12:57:21.007527+00,2026-07-22 13:07:55.542693+00,FVG - 15m Pulido,1
YGGUSDT,2026-07-22 13:09:39.044558+00,2026-07-22 13:28:02.75704+00,FVG - 15m,0
YGGUSDT,2026-07-22 13:09:46.24773+00,2026-07-22 13:28:04.797851+00,FVG - 15m Pulido,0
DEXEUSDT,2026-07-22 13:20:47.182633+00,2026-07-22 13:21:44.778592+00,FVG - 5m,0
MUUUSDT,2026-07-22 13:29:30.377803+00,2026-07-22 13:45:20.988376+00,FVG - 5m,0
PAXGUSDT,2026-07-22 13:35:07.505834+00,2026-07-22 22:00:14.21638+00,Compresion ADN - Micro (5m),0
INXUSDT,2026-07-22 13:35:12.877653+00,2026-07-22 13:42:34.619488+00,FVG - 1m,1
MVLLUSDT,2026-07-22 13:35:18.861555+00,2026-07-22 13:38:25.411804+00,FVG - 5m,0
ETHFIUSDT,2026-07-22 13:35:26.881744+00,2026-07-22 19:07:51.814455+00,MA Slope Caso 3 (15m),1
SQDUSDT,2026-07-22 13:44:26.46123+00,2026-07-22 19:28:08.129599+00,FVG - 15m,0
SQDUSDT,2026-07-22 13:44:34.019784+00,2026-07-22 19:28:08.153595+00,FVG - 15m Pulido,0
1000RATSUSDT,2026-07-22 13:44:39.404219+00,2026-07-22 13:50:19.256964+00,FVG - 1m,0
SOPHUSDT,2026-07-22 13:44:45.909795+00,2026-07-22 14:29:35.767352+00,FVG - 5m,0
KERNELUSDT,2026-07-22 13:53:29.912431+00,2026-07-23 17:46:56.677197+00,FVG - 15m,0
DKNGUSDT,2026-07-22 13:53:37.757868+00,2026-07-22 13:53:42.12738+00,FVG - 1m,1
GRIFFAINUSDT,2026-07-22 13:53:47.59748+00,2026-07-22 14:44:55.953884+00,Standard Scalping,0
CRWDUSDT,2026-07-22 14:10:09.983455+00,2026-07-22 14:19:44.091521+00,FVG - 1m,0
KGENUSDT,2026-07-22 14:10:14.206583+00,2026-07-22 15:00:37.99185+00,FVG - 5m,0
DOGEUSDT,2026-07-22 14:10:20.816296+00,2026-07-22 17:46:51.476427+00,MA Slope Caso 2,0
FILUSDT,2026-07-22 14:10:25.127232+00,2026-07-23 07:09:19.575042+00,MA Slope Caso 3,1
NBISUSDT,2026-07-22 14:27:54.494642+00,2026-07-22 14:28:22.213085+00,FVG - 1m,1
BMNRUSDT,2026-07-22 14:32:07.801721+00,2026-07-22 14:38:46.394189+00,FVG - 1m,0
STXXUSDT,2026-07-22 14:42:20.365905+00,2026-07-22 19:51:10.784268+00,FVG - 1m,1
PHAROSUSDT,2026-07-22 14:42:25.455078+00,2026-07-22 17:42:26.859441+00,FVG - 5m,1
IRENUSDT,2026-07-22 14:49:23.723199+00,2026-07-22 15:05:14.709654+00,FVG - 1m,1
INXUSDT,2026-07-22 14:49:32.256065+00,2026-07-22 17:45:10.629143+00,Standard Scalping,0
AIAUSDT,2026-07-22 15:05:45.296299+00,2026-07-22 17:42:28.169812+00,FVG - 1m,1
LAUSDT,2026-07-22 17:59:24.902757+00,2026-07-22 19:30:24.411045+00,FVG - 15m,0
B2USDT,2026-07-22 17:59:33.943984+00,2026-07-22 18:27:27.962488+00,FVG - 1m,0
INITUSDT,2026-07-22 17:59:40.580269+00,2026-07-22 18:37:34.374575+00,FVG - 5m,0
ORDIUSDT,2026-07-22 17:59:47.836341+00,2026-07-23 11:23:36.876019+00,MA Slope Caso 1,0
GLWUSDT,2026-07-22 17:59:56.722311+00,2026-07-23 12:48:32.697068+00,MA Slope Caso 2,0
CFXUSDT,2026-07-22 18:00:04.422936+00,2026-07-22 21:34:37.652245+00,MA Slope Caso 3,1
AXTIUSDT,2026-07-22 18:14:13.70301+00,2026-07-22 18:27:27.509298+00,FVG - 1m,0
THEUSDT,2026-07-22 18:26:42.04151+00,2026-07-22 21:20:35.176996+00,FVG - 5m,0
SPACEUSDT,2026-07-22 18:40:42.868652+00,2026-07-22 22:28:45.847893+00,Compresion ADN - Micro (5m),0
LISTAUSDT,2026-07-22 18:40:51.189678+00,2026-07-22 23:51:43.664252+00,FVG - 1m,0
MORPHOUSDT,2026-07-22 18:40:58.316193+00,2026-07-23 02:22:01.324131+00,FVG - 5m,1
JELLYJELLYUSDT,2026-07-22 18:54:57.234973+00,2026-07-23 15:02:52.764545+00,FVG - 1m,0
DYDXUSDT,2026-07-22 19:07:59.263944+00,2026-07-22 20:49:28.705622+00,MA Slope Caso 3 (15m),1
BASEDUSDT,2026-07-22 20:17:35.019939+00,2026-07-23 00:48:00.990329+00,LSE Counter-Trend ,0
EVAAUSDT,2026-07-22 20:30:01.215427+00,2026-07-23 01:18:32.689049+00,FVG - 15m Pulido,0
GOOGLUSDT,2026-07-22 20:30:08.141604+00,2026-07-22 20:59:35.717857+00,FVG - 1m,1
SOXSUSDT,2026-07-22 20:43:31.629791+00,2026-07-22 21:00:14.665581+00,FVG - 5m,0
MUBARAKUSDT,2026-07-22 20:43:38.931597+00,2026-07-22 22:02:59.895928+00,LSE Counter-Trend ,0
HYPEUSDT,2026-07-22 20:55:32.389406+00,2026-07-26 16:34:46.456123+00,MA Slope Caso 3 (15m),1
BASUSDT,2026-07-22 21:09:51.403003+00,2026-07-22 21:24:33.727847+00,FVG - 1m,0
BSBUSDT,2026-07-22 21:09:59.126866+00,2026-07-22 21:42:20.441021+00,FVG - 5m,1
GUNUSDT,2026-07-22 21:24:42.193817+00,2026-07-22 21:35:11.508163+00,FVG - 1m,0
SAPIENUSDT,2026-07-22 21:37:46.976291+00,2026-07-22 21:38:23.92357+00,FVG - 1m,1
AEROUSDT,2026-07-22 21:37:52.733049+00,2026-07-23 11:23:32.07097+00,MA Slope Caso 1,0
QQQUSDT,2026-07-22 21:37:59.128142+00,2026-07-23 07:45:44.250229+00,MA Slope Caso 3,1
CRWVUSDT,2026-07-22 21:50:29.288401+00,2026-07-22 23:48:07.29471+00,FVG - 1m,1
SOXLUSDT,2026-07-22 21:50:36.678222+00,2026-07-22 23:49:19.562036+00,FVG - 5m,1
AIOUSDT,2026-07-22 22:02:11.433735+00,2026-07-23 02:06:31.453529+00,Compresion ADN - Micro (5m),0
SKHYNIXUSDT,2026-07-22 22:38:42.678813+00,2026-07-23 00:00:59.461925+00,FVG - 5m,1
XNYUSDT,2026-07-22 23:50:56.571826+00,2026-07-23 00:00:22.869736+00,FVG - 1m,1
HUSDT,2026-07-22 23:51:03.957802+00,2026-07-23 04:05:46.098957+00,LSE Counter-Trend ,0
NOKUSDT,2026-07-23 00:08:50.639499+00,2026-07-23 01:50:48.15024+00,Compresion ADN - Micro (5m),0
AGTUSDT,2026-07-23 00:08:56.749852+00,2026-07-23 00:14:45.060049+00,FVG - 15m,1
EDGEUSDT,2026-07-23 00:09:10.17196+00,2026-07-23 00:10:13.769761+00,FVG - 1m,0
FLNCUSDT,2026-07-23 00:09:17.034392+00,2026-07-23 03:01:55.690589+00,FVG - 5m,0
ZKCUSDT,2026-07-23 00:21:40.783833+00,2026-07-23 00:59:36.52318+00,FVG - 1m,0
STBLUSDT,2026-07-23 00:21:46.448596+00,2026-07-23 03:50:22.76328+00,FVG - 5m,1
ATHUSDT,2026-07-23 00:34:57.528267+00,2026-07-23 00:51:33.188623+00,FVG - 1m,1
SHELLUSDT,2026-07-23 00:59:07.655534+00,2026-07-23 02:00:55.399292+00,FVG - 15m,0
BROCCOLIF3BUSDT,2026-07-23 00:59:17.699927+00,2026-07-23 01:03:16.523242+00,FVG - 1m,1
SYNUSDT,2026-07-23 01:11:12.50208+00,2026-07-23 01:26:47.641558+00,FVG - 15m,0
OUSDT,2026-07-23 01:25:29.085121+00,2026-07-23 02:16:21.117691+00,Arrow Reversal,1
OUSDT,2026-07-23 01:25:33.267125+00,2026-07-23 02:16:26.020514+00,,1
WLFIUSDT,2026-07-23 01:25:41.828707+00,2026-07-23 01:26:40.243063+00,FVG - 1m,0
OPGUSDT,2026-07-23 01:51:23.674468+00,2026-07-23 03:58:07.561903+00,Compresion ADN - Micro (5m),0
KITEUSDT,2026-07-23 02:15:26.883676+00,2026-07-23 04:13:22.937286+00,Compresion ADN - Micro (5m),0
WDCUSDT,2026-07-23 02:27:44.520897+00,2026-07-23 02:30:48.041674+00,FVG - 15m Pulido,1
TUSDT,2026-07-23 02:27:52.503998+00,2026-07-23 04:19:47.374249+00,FVG - 1m,1
ONDOUSDT,2026-07-23 03:12:27.169769+00,2026-07-24 21:58:28.071965+00,FVG - 15m,1
REUSDT,2026-07-23 03:12:37.027821+00,2026-07-23 05:07:16.734693+00,FVG - 15m Pulido,1
DEXEUSDT,2026-07-23 03:12:42.426099+00,2026-07-23 03:22:19.339606+00,FVG - 1m,1
KORUUSDT,2026-07-23 03:12:48.255627+00,2026-07-23 03:14:47.942771+00,FVG - 5m,1
ONUSDT,2026-07-23 03:32:17.869232+00,2026-07-23 03:47:57.391202+00,FVG - 15m,1
BROCCOLIF3BUSDT,2026-07-23 03:32:27.340997+00,2026-07-23 04:41:33.183147+00,FVG - 1m,1
BANKUSDT,2026-07-23 03:32:33.950357+00,2026-07-23 03:45:10.866311+00,FVG - 5m,0
XANUSDT,2026-07-23 03:48:55.689353+00,2026-07-23 10:10:47.335479+00,FVG - 15m,0
JTOUSDT,2026-07-23 03:49:07.875446+00,2026-07-23 03:49:24.459789+00,FVG - 5m,0
ILVUSDT,2026-07-23 03:49:16.240521+00,2026-07-24 00:33:02.82982+00,MA Slope Caso 2,0
USUSDT,2026-07-23 03:49:26.18688+00,2026-07-23 04:22:23.149586+00,Standard Scalping,0
FLOCKUSDT,2026-07-23 04:05:01.276234+00,2026-07-23 12:33:52.329782+00,Compresion ADN - Micro (5m),0
RIFUSDT,2026-07-23 04:05:07.694772+00,2026-07-23 04:06:35.684084+00,FVG - 5m,0
BLESSUSDT,2026-07-23 04:20:19.824162+00,2026-07-23 04:21:07.604398+00,FVG - 1m,0
CBRSUSDT,2026-07-23 04:20:27.54674+00,2026-07-23 06:08:06.766673+00,FVG - 5m,0
LAUSDT,2026-07-23 04:36:12.455391+00,2026-07-23 05:27:48.455181+00,FVG - 1m,1
OUSDT,2026-07-23 04:36:18.575131+00,2026-07-23 05:00:21.624007+00,FVG - 5m,1
ZHIPUUSDT,2026-07-23 04:51:12.775311+00,2026-07-23 05:00:21.654278+00,FVG - 1m,0
B2USDT,2026-07-23 04:51:18.672576+00,2026-07-23 04:59:11.673066+00,FVG - 5m,0
BULLAUSDT,2026-07-23 05:05:06.156028+00,2026-07-23 05:51:34.115398+00,FVG - 1m,1
EPICUSDT,2026-07-23 05:05:12.245291+00,2026-07-23 05:10:23.905864+00,FVG - 5m,1
ONEUSDT,2026-07-23 05:21:00.617561+00,2026-07-23 05:35:31.978958+00,FVG - 15m Pulido,0
BUSDT,2026-07-23 05:21:05.209158+00,2026-07-23 06:27:54.254251+00,FVG - 5m,0
BMTUSDT,2026-07-23 05:34:56.834922+00,2026-07-23 10:57:35.170813+00,Compresion ADN - Micro (5m),0
ACEUSDT,2026-07-23 05:35:03.879951+00,2026-07-23 06:08:14.33914+00,FVG - 1m,0
FLNCUSDT,2026-07-23 05:35:09.059794+00,2026-07-23 06:46:28.24685+00,FVG - 5m,0
LISTAUSDT,2026-07-23 05:48:45.814805+00,2026-07-23 08:48:18.469478+00,FVG - 15m Pulido,0
HEIUSDT,2026-07-23 05:48:51.126439+00,2026-07-23 22:02:58.806878+00,MA Slope Caso 1,0
QCOMUSDT,2026-07-23 05:48:58.746378+00,2026-07-23 12:34:11.551752+00,MA Slope Caso 3,1
AIOUSDT,2026-07-23 06:03:29.763306+00,2026-07-23 06:51:46.724161+00,FVG - 1m,1
PROMUSDT,2026-07-23 06:17:00.974052+00,2026-07-23 06:30:30.088885+00,FVG - 1m,1
BRETTUSDT,2026-07-23 06:17:07.098127+00,2026-07-23 07:12:00.051167+00,FVG - 5m,0
DODOXUSDT,2026-07-23 06:30:36.480665+00,2026-07-23 06:34:31.641574+00,FVG - 1m,0
SYNUSDT,2026-07-23 06:30:42.590826+00,2026-07-23 06:32:21.776528+00,FVG - 5m,1
ESPORTSUSDT,2026-07-23 06:44:29.697217+00,2026-07-23 07:27:14.310901+00,FVG - 1m,1
PHAROSUSDT,2026-07-23 06:44:35.509744+00,2026-07-23 07:34:10.174479+00,FVG - 5m,1
ARXUSDT,2026-07-23 06:57:37.175043+00,2026-07-23 07:13:02.853371+00,FVG - 1m,0
ZAMAUSDT,2026-07-23 06:57:42.002637+00,2026-07-23 07:30:32.60394+00,FVG - 5m,1
ORCLUSDT,2026-07-23 07:11:53.333973+00,2026-07-23 13:23:18.719404+00,MA Slope Caso 3,1
ZKCUSDT,2026-07-23 07:27:40.820304+00,2026-07-23 07:32:25.008271+00,FVG - 1m,1
BSBUSDT,2026-07-23 07:27:46.99635+00,2026-07-23 07:34:46.238297+00,FVG - 5m,0
NEWTUSDT,2026-07-23 07:40:49.469769+00,2026-07-23 07:41:25.475636+00,FVG - 1m,1
HANAUSDT,2026-07-23 07:40:57.337854+00,2026-07-23 08:31:37.400202+00,FVG - 5m,1
CAPUSDT,2026-07-23 07:41:02.86371+00,2026-07-23 14:20:00.293038+00,MA Clone,0
CAPUSDT,2026-07-23 07:41:06.336385+00,2026-07-23 14:20:08.251987+00,MA Cross Momentum,0
CAPUSDT,2026-07-23 07:41:09.859801+00,2026-07-23 10:41:58.354932+00,Scalping Clone,0
CAPUSDT,2026-07-23 07:41:13.750232+00,2026-07-23 10:42:04.800387+00,Standard Scalping,0
MITOUSDT,2026-07-23 07:55:13.813494+00,2026-07-23 08:58:42.137193+00,FVG - 1m,1
ZKPUSDT,2026-07-23 07:55:19.904797+00,2026-07-23 08:04:59.836982+00,FVG - 5m,0
MAGMAUSDT,2026-07-23 08:08:22.258824+00,2026-07-23 10:12:11.887385+00,FVG - 1m,1
CLOUSDT,2026-07-23 08:08:27.386181+00,2026-07-23 08:09:46.78265+00,FVG - 5m,1
MEGAUSDT,2026-07-23 08:08:32.309014+00,2026-07-24 00:06:20.6596+00,MA Slope Caso 3,1
KITEUSDT,2026-07-23 08:36:13.468844+00,2026-07-23 08:38:33.126642+00,FVG - 5m,0
SHAZUSDT,2026-07-23 08:49:16.559154+00,2026-07-23 11:21:57.663209+00,FVG - 5m,0
ERAUSDT,2026-07-23 09:03:34.501829+00,2026-07-23 09:04:53.658152+00,FVG - 15m Pulido,1
STABLEUSDT,2026-07-23 09:03:39.930576+00,2026-07-23 09:26:47.436275+00,FVG - 1m,1
AIOUSDT,2026-07-23 09:03:55.462768+00,2026-07-23 11:08:50.793715+00,Standard Scalping,0
IRENUSDT,2026-07-23 09:04:01.844045+00,2026-07-23 11:08:59.331643+00,Standard Scalping,0
NAORISUSDT,2026-07-23 09:18:44.044144+00,2026-07-23 09:30:13.168961+00,FVG - 15m Pulido,0
TRIAUSDT,2026-07-23 09:33:15.029519+00,2026-07-23 11:40:29.230189+00,FVG - 1m,0
MELANIAUSDT,2026-07-23 09:59:26.28596+00,2026-07-23 12:46:31.084314+00,FVG - 5m,0
OPNUSDT,2026-07-23 10:13:09.513896+00,2026-07-23 10:55:02.724667+00,FVG - 1m,0
FHEUSDT,2026-07-23 10:13:15.590536+00,2026-07-23 10:54:38.294898+00,FVG - 5m,0
HEMIUSDT,2026-07-23 10:40:47.381063+00,2026-07-25 20:26:49.625883+00,Arrow Reversal,1
HEMIUSDT,2026-07-23 10:40:51.322533+00,2026-07-25 20:26:53.413535+00,,1
AVAAIUSDT,2026-07-23 10:40:58.585566+00,2026-07-23 10:57:56.021512+00,FVG - 15m,0
AVAAIUSDT,2026-07-23 10:41:07.392548+00,2026-07-23 10:57:58.062936+00,FVG - 15m Pulido,0
COLLECTUSDT,2026-07-23 10:54:54.169081+00,2026-07-23 13:37:23.229616+00,Scalping Clone,0
PLTRUSDT,2026-07-23 11:07:40.634048+00,2026-07-23 13:30:21.881498+00,Compresion ADN - Micro (5m),0
TRUTHUSDT,2026-07-23 11:07:52.539311+00,2026-07-23 11:15:38.428996+00,FVG - 1m,1
MINIMAXUSDT,2026-07-23 11:07:58.411753+00,2026-07-23 13:06:05.053035+00,FVG - 5m,0
BLUAIUSDT,2026-07-23 11:23:46.722366+00,2026-07-23 12:05:11.88348+00,FVG - 1m,0
BARDUSDT,2026-07-23 11:23:51.449579+00,2026-07-23 12:10:00.699935+00,FVG - 5m,1
BNBUSDT,2026-07-23 11:23:57.689827+00,2026-07-24 13:51:52.874177+00,MA Slope Caso 1,0
ZILUSDT,2026-07-23 11:36:48.037721+00,2026-07-23 17:58:52.346947+00,FVG - 15m,0
1000PEPEUSDT,2026-07-23 11:36:59.348819+00,2026-07-23 13:26:43.082251+00,MA Slope Caso 1,0
SMCIUSDT,2026-07-23 11:50:52.034823+00,2026-07-23 13:31:16.756689+00,FVG - 15m Pulido,1
ALICEUSDT,2026-07-23 11:50:59.799035+00,2026-07-23 11:57:36.991582+00,FVG - 1m,0
ONDSUSDT,2026-07-23 12:04:15.790747+00,2026-07-23 13:31:05.623909+00,FVG - 15m Pulido,1
AKEUSDT,2026-07-23 12:04:20.92078+00,2026-07-23 12:04:55.776853+00,FVG - 1m,1
SPACEUSDT,2026-07-23 12:04:25.982324+00,2026-07-23 12:37:57.022754+00,MA Slope Caso 3 (15m),1
KAITOUSDT,2026-07-23 12:04:43.060682+00,2026-07-23 12:08:12.181902+00,Scalping Clone,0
UBUSDT,2026-07-23 12:17:11.889303+00,2026-07-23 12:26:54.031545+00,FVG - 1m,1
LABUSDT,2026-07-23 12:17:17.959254+00,2026-07-23 14:51:19.868616+00,FVG - 5m,1
AIAUSDT,2026-07-23 12:29:49.045354+00,2026-07-23 12:35:23.556167+00,FVG - 1m,1
SPORTFUNUSDT,2026-07-23 12:42:07.691596+00,2026-07-23 14:34:06.665797+00,Compresion ADN - Micro (5m),0
PAYPUSDT,2026-07-23 12:42:13.756386+00,2026-07-23 15:29:02.738593+00,MA Slope Caso 3 (15m),1
APRUSDT,2026-07-23 12:56:14.131458+00,2026-07-23 12:57:25.6487+00,FVG - 1m,1
CHRUSDT,2026-07-23 12:56:18.861988+00,2026-07-23 12:56:42.446332+00,FVG - 5m,1
PLAYUSDT,2026-07-23 12:56:24.319664+00,2026-07-24 05:12:12.160098+00,MA Slope Caso 2,0
NBISUSDT,2026-07-23 13:09:03.643483+00,2026-07-23 13:28:42.665413+00,FVG - 1m,0
STARUSDT,2026-07-23 13:23:48.095148+00,2026-07-23 14:15:30.070762+00,FVG - 1m,1
STARUSDT,2026-07-23 13:23:52.081077+00,2026-07-23 14:41:09.909894+00,FVG - 5m,0
SQQQUSDT,2026-07-23 13:36:42.648508+00,2026-07-23 13:43:15.189864+00,Compresion ADN - Micro (5m),0
LIGHTUSDT,2026-07-23 13:36:49.661953+00,2026-07-23 13:38:46.866366+00,FVG - 1m,0
UVXYUSDT,2026-07-23 13:49:22.035578+00,2026-07-24 07:20:14.268585+00,Compresion ADN - Micro (5m),0
QNTXUSDT,2026-07-23 13:49:29.522674+00,2026-07-24 13:52:30.849141+00,FVG - 15m Pulido,0
BRUSDT,2026-07-23 13:49:37.590589+00,2026-07-23 15:39:00.81858+00,FVG - 1m,0
BRUSDT,2026-07-23 13:49:41.570397+00,2026-07-23 16:26:38.114198+00,FVG - 5m,0
VRTUSDT,2026-07-23 13:49:46.86859+00,2026-07-23 13:55:34.45062+00,MA Slope Caso 3,1
VRTUSDT,2026-07-23 13:49:50.122243+00,2026-07-23 13:55:34.469194+00,MA Slope Caso 3 Pulido,1
YGGUSDT,2026-07-23 14:04:07.850194+00,2026-07-24 13:51:53.115067+00,MA Slope Caso 1,0
BLURUSDT,2026-07-23 14:19:18.444834+00,2026-07-23 15:10:19.924084+00,FVG - 15m Pulido,0
BILLUSDT,2026-07-23 14:19:25.934601+00,2026-07-23 14:19:55.635258+00,FVG - 1m,1
AXTIUSDT,2026-07-23 14:33:58.376756+00,2026-07-23 14:37:38.21719+00,FVG - 1m,1
ZROUSDT,2026-07-23 14:34:06.541256+00,2026-07-23 17:58:48.753711+00,MA Slope Caso 3,1
ZROUSDT,2026-07-23 14:34:10.855969+00,2026-07-23 16:56:27.348957+00,MA Slope Caso 3 Pulido,1
XPINUSDT,2026-07-23 14:48:25.188757+00,2026-07-23 14:50:56.207262+00,FVG - 1m,0
WLFIUSDT,2026-07-23 14:48:31.860788+00,2026-07-23 14:51:31.521846+00,FVG - 5m,1
IDOLUSDT,2026-07-23 15:02:21.945087+00,2026-07-23 15:05:32.718855+00,FVG - 1m,0
AAOIUSDT,2026-07-23 15:02:29.815428+00,2026-07-23 16:20:40.539329+00,FVG - 5m,1
SNXXUSDT,2026-07-23 15:17:20.517283+00,2026-07-23 15:17:27.473868+00,FVG - 1m,1
TACUSDT,2026-07-23 15:17:27.373226+00,2026-07-24 15:30:42.890464+00,MA Slope Caso 3 (15m),1
NOWUSDT,2026-07-23 15:36:29.048332+00,2026-07-23 15:38:13.501764+00,FVG - 1m,0
KASUSDT,2026-07-23 15:36:39.302386+00,2026-07-23 17:52:30.446992+00,MA Slope Caso 3 (15m),1
LITEUSDT,2026-07-23 15:50:58.1+00,2026-07-23 21:47:41.667546+00,FVG - 1m,0
BNCUSDT,2026-07-23 16:04:18.253693+00,2026-07-23 18:09:12.906454+00,FVG - 15m Pulido,0
EVAAUSDT,2026-07-23 16:04:25.317259+00,2026-07-23 18:01:43.329112+00,FVG - 1m,1
UAIUSDT,2026-07-23 16:04:30.572554+00,2026-07-23 17:46:59.408675+00,FVG - 5m,1
XLEUSDT,2026-07-23 16:18:45.96803+00,2026-07-26 08:35:39.650478+00,MA Slope Caso 3,1
XLEUSDT,2026-07-23 16:18:49.309959+00,2026-07-26 08:35:39.62846+00,MA Slope Caso 3 Pulido,1
ZESTUSDT,2026-07-23 16:32:31.237413+00,2026-07-23 18:19:27.09764+00,FVG - 1m,1
INTWUSDT,2026-07-23 16:32:37.122884+00,2026-07-23 16:45:46.112226+00,FVG - 5m,0
FWDIUSDT,2026-07-23 16:32:44.098135+00,2026-07-24 02:22:56.913692+00,LSE Counter-Trend ,0
GUNUSDT,2026-07-23 16:32:53.389297+00,2026-07-23 17:58:52.197165+00,MA Slope Caso 2,0
GEVUSDT,2026-07-23 16:46:47.742108+00,2026-07-23 18:02:31.393026+00,LSE Counter-Trend ,0
BASUSDT,2026-07-23 17:01:11.049406+00,2026-07-24 02:39:38.785305+00,FVG - 5m,0
HIMSUSDT,2026-07-23 17:15:16.79319+00,2026-07-23 18:56:41.286717+00,Compresion ADN - Micro (5m),0
ORDIUSDT,2026-07-23 17:32:36.070108+00,2026-07-24 00:09:48.649934+00,MA Slope Caso 3 Pulido,1
AIGENSYNUSDT,2026-07-23 18:01:13.304136+00,2026-07-23 21:15:17.412309+00,MA Slope Caso 2,0
ASMLUSDT,2026-07-23 18:01:20.531866+00,2026-07-23 20:16:52.481746+00,MA Slope Caso 3 (15m),1
NOMUSDT,2026-07-23 18:28:55.466433+00,2026-07-23 18:30:29.927762+00,FVG - 1m,0
GWEIUSDT,2026-07-23 18:56:52.445842+00,2026-07-23 19:07:34.013185+00,FVG - 1m,0
BELUSDT,2026-07-23 19:39:51.479515+00,2026-07-24 08:51:35.753696+00,Compresion ADN - Micro (5m),0
SOXLUSDT,2026-07-23 19:39:57.352054+00,2026-07-23 19:43:07.411206+00,FVG - 5m,0
BEATUSDT,2026-07-23 20:08:29.292074+00,2026-07-23 22:22:50.662764+00,FVG - 5m,1
API3USDT,2026-07-23 20:23:47.622208+00,2026-07-25 07:41:21.537292+00,MA Slope Caso 3 (15m),1
INTCUSDT,2026-07-23 20:37:35.571134+00,2026-07-23 21:05:43.026181+00,FVG - 1m,1
BMNRUSDT,2026-07-23 20:50:59.162875+00,2026-07-23 21:39:45.201615+00,FVG - 15m Pulido,0
ARMUSDT,2026-07-23 21:04:44.269265+00,2026-07-24 02:08:46.651323+00,FVG - 1m,1
SOXSUSDT,2026-07-23 21:20:23.626982+00,2026-07-23 21:21:18.780742+00,FVG - 1m,0
BTWUSDT,2026-07-23 21:20:32.493134+00,2026-07-24 03:10:26.48971+00,LSE Counter-Trend ,0
EWTUSDT,2026-07-23 21:20:38.926949+00,2026-07-24 21:33:38.790231+00,MA Slope Caso 2,0
1000XECUSDT,2026-07-23 21:34:06.833216+00,2026-07-24 00:03:50.26254+00,FVG - 15m,0
TSLAUSDT,2026-07-23 21:59:18.641228+00,2026-07-24 02:23:07.296961+00,FVG - 5m,0
MAVUSDT,2026-07-23 22:12:36.652908+00,2026-07-24 03:09:08.046482+00,FVG - 1m,1
YBUSDT,2026-07-23 22:12:42.450743+00,2026-07-24 22:16:14.901389+00,MA Slope Caso 1,0
COMPUSDT,2026-07-23 22:12:49.548992+00,2026-07-24 13:51:53.283042+00,MA Slope Caso 3,1
COMPUSDT,2026-07-23 22:12:55.208585+00,2026-07-24 13:51:53.21978+00,MA Slope Caso 3 Pulido,1
VELVETUSDT,2026-07-23 22:39:29.840153+00,2026-07-23 22:39:42.138951+00,FVG - 1m,1
HOMEUSDT,2026-07-23 23:20:35.750732+00,2026-07-24 00:11:25.042531+00,FVG - 1m,1
币安人生USDT,2026-07-23 23:33:30.841238+00,2026-07-25 01:11:29.87502+00,FVG - 15m,1
币安人生USDT,2026-07-23 23:33:38.95726+00,2026-07-25 01:11:30.031702+00,FVG - 15m Pulido,1
币安人生USDT,2026-07-23 23:33:43.032976+00,2026-07-23 23:50:24.078815+00,FVG - 5m,1
ANTHROPICUSDT,2026-07-24 00:03:59.845449+00,2026-07-24 13:51:48.689987+00,FVG - 5m,1
1000RATSUSDT,2026-07-24 00:04:06.575388+00,2026-07-24 04:08:48.055206+00,LSE Counter-Trend ,0
TAGUSDT,2026-07-24 00:45:39.931729+00,2026-07-24 18:34:56.477434+00,FVG - 15m,0
SAPIENUSDT,2026-07-24 00:45:50.665796+00,2026-07-25 00:46:47.051453+00,MA Slope Caso 2,0
AERGOUSDT,2026-07-24 00:58:12.99031+00,2026-07-24 01:04:44.559892+00,FVG - 1m,0
CTRUSDT,2026-07-24 01:40:26.407983+00,2026-07-24 08:38:36.154267+00,MA Cross Momentum,0
ORDERUSDT,2026-07-24 01:54:01.553949+00,2026-07-24 02:00:26.965812+00,FVG - 1m,1
JCTUSDT,2026-07-24 02:22:24.395556+00,2026-07-24 02:31:53.824785+00,FVG - 1m,1
ENAUSDT,2026-07-24 02:51:15.385544+00,2026-07-24 03:27:03.608641+00,LSE Counter-Trend ,0
AVAAIUSDT,2026-07-24 03:09:50.709472+00,2026-07-24 08:23:20.638075+00,FVG - 1m,1
STABLEUSDT,2026-07-24 03:09:57.427212+00,2026-07-24 03:10:39.755999+00,FVG - 5m,0
PHAROSUSDT,2026-07-24 03:31:22.59345+00,2026-07-24 03:53:44.631732+00,FVG - 1m,0
AGTUSDT,2026-07-24 03:31:28.677213+00,2026-07-26 06:26:18.908187+00,FVG - 5m,0
BTWUSDT,2026-07-24 03:31:36.589496+00,2026-07-24 08:24:43.351185+00,LSE Counter-Trend ,0
XMRUSDT,2026-07-24 03:31:43.36696+00,2026-07-24 17:20:12.477247+00,MA Slope Caso 3,1
XMRUSDT,2026-07-24 03:31:47.334892+00,2026-07-24 17:20:12.437282+00,MA Slope Caso 3 Pulido,1
ZAMAUSDT,2026-07-24 03:49:51.198503+00,2026-07-24 03:59:37.829965+00,FVG - 1m,0
PROMUSDT,2026-07-24 03:49:57.528611+00,2026-07-24 03:59:18.856247+00,FVG - 5m,1
REUSDT,2026-07-24 04:08:03.909533+00,2026-07-24 04:11:13.596764+00,FVG - 1m,1
BUSDT,2026-07-24 04:08:09.678396+00,2026-07-24 13:51:52.766234+00,FVG - 5m,0
LISTAUSDT,2026-07-24 04:25:47.800649+00,2026-07-24 13:51:52.796286+00,FVG - 15m Pulido,0
AKEUSDT,2026-07-24 04:25:53.697772+00,2026-07-24 04:27:16.412295+00,FVG - 1m,1
ZHIPUUSDT,2026-07-24 04:43:17.178323+00,2026-07-24 04:47:09.746792+00,FVG - 1m,1
LAUSDT,2026-07-24 04:43:24.237286+00,2026-07-24 07:15:53.134692+00,Scalping Clone,0
LAUSDT,2026-07-24 04:43:27.836625+00,2026-07-24 07:16:00.007886+00,Standard Scalping,0
BANKUSDT,2026-07-24 04:59:24.230338+00,2026-07-24 05:01:19.308485+00,FVG - 1m,0
HUSDT,2026-07-24 05:15:57.91697+00,2026-07-24 06:32:22.866908+00,FVG - 1m,0
MVLLUSDT,2026-07-24 05:16:03.70427+00,2026-07-24 13:51:52.838487+00,MA Slope Caso 2,0
DEXEUSDT,2026-07-24 05:34:27.808415+00,2026-07-24 05:41:52.712651+00,FVG - 1m,0
HEIUSDT,2026-07-24 05:52:07.359382+00,2026-07-24 06:39:40.596308+00,FVG - 1m,1
LYNUSDT,2026-07-24 06:26:41.931343+00,2026-07-27 14:30:55.753741+00,Arrow Reversal,1
LYNUSDT,2026-07-24 06:26:45.999134+00,2026-08-23 06:35:08.94343+00,,1
DATAIPUSDT,2026-07-24 06:26:53.089406+00,2026-07-25 05:22:40.594609+00,Compresion ADN - Micro (5m),0
VELVETUSDT,2026-07-24 06:42:22.037883+00,2026-07-24 06:43:18.539831+00,FVG - 1m,1
TRUSTUSDT,2026-07-24 06:59:25.620868+00,2026-07-24 09:07:11.85081+00,FVG - 1m,0
ONUSDT,2026-07-24 07:15:09.385396+00,2026-07-24 07:16:28.938598+00,FVG - 1m,1
CRMUSDT,2026-07-24 07:34:17.877704+00,2026-07-27 08:23:14.449737+00,Compresion ADN - Micro (5m),0
APRUSDT,2026-07-24 07:34:28.619321+00,2026-07-24 14:57:42.50617+00,FVG - 1m,0
ORDERUSDT,2026-07-24 08:06:59.20426+00,2026-07-24 18:34:25.185927+00,MA Cross Momentum,0
ORDERUSDT,2026-07-24 08:07:03.178031+00,2026-07-25 03:07:39.363732+00,Scalping Clone,0
ORDERUSDT,2026-07-24 08:07:06.974659+00,2026-07-24 18:14:51.934261+00,Standard Scalping,0
EVAAUSDT,2026-07-24 08:39:20.631181+00,2026-07-24 08:51:41.422613+00,FVG - 1m,1
ONEUSDT,2026-07-24 08:54:54.318122+00,2026-07-24 09:05:58.394088+00,Compresion ADN - Micro (5m),0
BULLAUSDT,2026-07-24 08:55:05.219317+00,2026-07-24 09:11:49.509067+00,FVG - 1m,0
SKLUSDT,2026-07-24 09:12:57.097727+00,2026-07-24 13:51:53.318186+00,FVG - 1m,0
ACXUSDT,2026-07-24 14:13:45.514651+00,2026-07-25 01:39:10.550944+00,FVG - 5m,1
SYNUSDT,2026-07-24 14:32:36.261758+00,2026-07-24 14:42:41.768956+00,FVG - 15m Pulido,1
INTWUSDT,2026-07-24 14:32:43.760987+00,2026-07-24 14:47:52.620561+00,FVG - 1m,1
BROCCOLIF3BUSDT,2026-07-24 14:32:54.351085+00,2026-07-24 14:36:24.652505+00,FVG - 5m,1
SNXXUSDT,2026-07-24 14:51:26.541712+00,2026-07-24 15:34:35.109726+00,FVG - 1m,0
BEATUSDT,2026-07-24 14:51:32.973224+00,2026-07-24 15:16:19.433332+00,FVG - 5m,0
LABUSDT,2026-07-24 14:51:36.76244+00,2026-07-25 16:38:17.546026+00,MA Slope Caso 1,0
FHEUSDT,2026-07-24 14:51:40.470506+00,2026-07-25 17:01:04.405065+00,MA Slope Caso 2,0
UBUSDT,2026-07-24 15:09:42.788461+00,2026-07-24 15:36:41.124348+00,FVG - 15m Pulido,0
HIMSUSDT,2026-07-24 15:09:48.907622+00,2026-07-24 15:16:52.046674+00,FVG - 1m,0
ZILUSDT,2026-07-24 15:09:55.809271+00,2026-07-25 01:21:14.076985+00,MA Slope Caso 1,0
TRXUSDT,2026-07-24 15:10:03.699915+00,2026-07-26 15:10:21.164585+00,MA Slope Caso 3,1
TRXUSDT,2026-07-24 15:10:08.213802+00,2026-07-26 15:10:25.185734+00,MA Slope Caso 3 Pulido,1
CRCLUSDT,2026-07-24 15:31:31.425637+00,2026-07-24 15:33:43.092388+00,FVG - 15m Pulido,0
ALABUSDT,2026-07-24 15:31:38.666617+00,2026-07-24 15:34:42.420384+00,FVG - 1m,0
KORUUSDT,2026-07-24 15:31:46.810645+00,2026-07-24 15:33:05.729091+00,FVG - 5m,0
CROSSUSDT,2026-07-24 15:50:12.574293+00,2026-07-24 20:08:33.676836+00,Compresion ADN - Micro (5m),0
CBRSUSDT,2026-07-24 15:50:17.821147+00,2026-07-24 17:09:08.896673+00,FVG - 1m,0
UAIUSDT,2026-07-24 15:50:24.290505+00,2026-07-24 15:54:44.89665+00,FVG - 5m,1
ARIAUSDT,2026-07-24 16:08:45.369616+00,2026-07-24 16:21:29.951871+00,FVG - 15m Pulido,0
HANAUSDT,2026-07-24 16:08:52.644896+00,2026-07-24 16:58:16.190843+00,FVG - 1m,1
USUSDT,2026-07-24 16:08:58.604856+00,2026-07-24 16:09:04.570307+00,FVG - 5m,0
BILLUSDT,2026-07-24 16:27:36.389474+00,2026-07-24 19:30:36.257318+00,FVG - 15m Pulido,0
GWEIUSDT,2026-07-24 16:27:42.111504+00,2026-07-24 16:46:19.896249+00,FVG - 1m,1
NBISUSDT,2026-07-24 16:27:49.21571+00,2026-07-24 16:28:13.228766+00,FVG - 5m,0
STARUSDT,2026-07-24 16:46:57.692214+00,2026-07-24 17:02:23.360918+00,FVG - 15m Pulido,0
EPICUSDT,2026-07-24 16:47:04.352792+00,2026-07-24 16:47:48.105393+00,FVG - 1m,0
HOMEUSDT,2026-07-24 16:47:10.689123+00,2026-07-24 16:49:17.478296+00,FVG - 5m,1
STXUSDT,2026-07-24 17:03:28.006853+00,2026-07-24 20:07:24.739797+00,FVG - 15m Pulido,0
FLUIDUSDT,2026-07-24 17:03:33.626154+00,2026-07-24 17:06:23.711048+00,FVG - 1m,0
STXUSDT,2026-07-24 17:03:37.238424+00,2026-07-24 20:07:24.785612+00,FVG - 5m,0
XNYUSDT,2026-07-24 17:03:44.420929+00,2026-07-24 23:50:29.839054+00,MA Slope Caso 3 (15m),1
BLESSUSDT,2026-07-24 17:20:50.519136+00,2026-07-24 17:21:29.283036+00,FVG - 1m,1
ONDSUSDT,2026-07-24 17:39:15.632408+00,2026-07-24 19:34:00.049628+00,FVG - 1m,1
ACEUSDT,2026-07-24 17:57:21.758968+00,2026-07-24 21:47:18.744458+00,FVG - 1m,1
VANAUSDT,2026-07-24 18:16:13.494951+00,2026-07-24 19:00:44.935498+00,FVG - 1m,0
SOONUSDT,2026-07-24 18:16:20.64284+00,2026-07-24 21:59:31.018142+00,MA Slope Caso 3,1
SOONUSDT,2026-07-24 18:16:24.758193+00,2026-07-24 21:59:31.045027+00,MA Slope Caso 3 Pulido,1
IDOLUSDT,2026-07-24 19:10:40.789271+00,2026-07-25 06:41:19.205469+00,FVG - 15m,0
POWERUSDT,2026-07-24 19:10:51.328363+00,2026-07-24 19:38:28.65509+00,FVG - 1m,0
BASEDUSDT,2026-07-24 19:28:41.157189+00,2026-07-24 21:48:07.517862+00,LSE Counter-Trend ,0
RIFUSDT,2026-07-24 19:44:58.841246+00,2026-07-24 19:46:16.229872+00,FVG - 1m,0
PUMPUSDT,2026-07-24 20:00:43.359969+00,2026-07-26 20:15:25.325889+00,Arrow Reversal,1
PUMPUSDT,2026-07-24 20:00:47.881739+00,2026-07-26 15:46:47.962695+00,,1
CAPUSDT,2026-07-24 20:00:54.373488+00,2026-07-24 20:12:39.258776+00,FVG - 15m Pulido,1
ESPUSDT,2026-07-24 20:16:46.527721+00,2026-07-24 21:06:14.91008+00,Compresion ADN - Micro (5m),0
OUSDT,2026-07-24 20:16:52.120543+00,2026-07-24 20:26:47.614112+00,FVG - 15m Pulido,0
CHILLGUYUSDT,2026-07-24 20:16:59.21377+00,2026-07-24 20:25:37.400579+00,FVG - 1m,0
OPNUSDT,2026-07-24 20:31:41.355878+00,2026-07-24 20:32:25.376607+00,FVG - 5m,0
TSLAUSDT,2026-07-24 20:47:02.699303+00,2026-07-25 00:51:10.176848+00,FVG - 15m Pulido,0
BEUSDT,2026-07-24 20:47:08.477313+00,2026-07-24 22:11:23.18279+00,FVG - 1m,0
TAIKOUSDT,2026-07-24 20:47:14.551986+00,2026-07-24 22:01:23.339833+00,FVG - 5m,0
MAGMAUSDT,2026-07-24 21:01:46.695146+00,2026-07-24 22:20:28.087331+00,FVG - 15m Pulido,0
SOXLUSDT,2026-07-24 21:01:53.610458+00,2026-07-24 21:02:16.356977+00,FVG - 1m,0
ESPORTSUSDT,2026-07-24 21:17:37.739304+00,2026-07-24 21:29:08.753507+00,FVG - 1m,1
B2USDT,2026-07-24 21:33:20.267578+00,2026-07-24 22:42:54.556613+00,FVG - 1m,1
CLOUSDT,2026-07-24 21:48:14.812827+00,2026-07-24 22:27:12.877009+00,FVG - 1m,1
ZKCUSDT,2026-07-24 21:48:22.323215+00,2026-07-25 21:52:43.999156+00,MA Slope Caso 2,0
EDUUSDT,2026-07-24 22:15:39.210854+00,2026-07-24 23:02:24.515948+00,Compresion ADN - Micro (5m),0
AIAUSDT,2026-07-24 22:15:45.034128+00,2026-07-25 01:50:15.179659+00,FVG - 15m,0
METUSDT,2026-07-24 22:15:55.635138+00,2026-07-24 22:37:10.257427+00,FVG - 1m,1
SKYUSDT,2026-07-24 22:30:56.708318+00,2026-07-26 19:31:39.018399+00,FVG - 15m Pulido,0
WLDUSDT,2026-07-24 22:31:02.73748+00,2026-07-25 00:00:13.778865+00,FVG - 1m,0
BNBUSDT,2026-07-24 22:31:09.070663+00,2026-07-26 04:45:07.055501+00,MA Slope Caso 1,0
TLMUSDT,2026-07-24 22:44:38.197629+00,2026-07-24 23:32:16.328365+00,FVG - 1m,0
TOWNSUSDT,2026-07-24 22:44:44.287084+00,2026-07-24 22:54:43.993646+00,FVG - 5m,1
SPCXUSDT,2026-07-24 23:12:23.90556+00,2026-07-27 06:15:23.920223+00,FVG - 1m,1
JCTUSDT,2026-07-24 23:27:54.181872+00,2026-07-25 02:07:18.194164+00,Compresion ADN - Micro (5m),0
SHAZUSDT,2026-07-24 23:27:59.341869+00,2026-07-24 23:52:15.681594+00,FVG - 5m,0
STXXUSDT,2026-07-24 23:58:56.161543+00,2026-07-25 00:23:08.5811+00,FVG - 1m,0
JELLYJELLYUSDT,2026-07-24 23:59:05.70477+00,2026-07-26 06:23:22.688905+00,MA Slope Caso 3 (15m),1
INTCUSDT,2026-07-25 00:16:35.483049+00,2026-07-27 13:54:58.184289+00,FVG - 5m,0
BANANAS31USDT,2026-07-25 00:46:34.018427+00,2026-07-25 01:59:05.366836+00,FVG - 1m,1
NATGASUSDT,2026-07-25 01:01:01.014395+00,2026-07-26 01:04:19.548329+00,MA Slope Caso 2,0
QNTXUSDT,2026-07-25 01:16:51.947094+00,2026-07-25 01:26:35.421862+00,FVG - 1m,1
ADBEUSDT,2026-07-25 01:16:58.406745+00,2026-07-27 01:32:41.996005+00,MA Slope Caso 3,1
ADBEUSDT,2026-07-25 01:17:02.90761+00,2026-07-27 01:32:46.992839+00,MA Slope Caso 3 Pulido,1
SLXUSDT,2026-07-25 01:38:42.691524+00,2026-07-25 01:41:38.924609+00,FVG - 1m,1
LTCUSDT,2026-07-25 01:38:49.23846+00,2026-07-26 09:04:33.282788+00,MA Slope Caso 1,0
BARDUSDT,2026-07-25 01:55:13.3854+00,2026-07-25 02:02:34.23232+00,FVG - 15m,0
BARDUSDT,2026-07-25 01:55:21.482138+00,2026-07-25 02:02:34.254231+00,FVG - 15m Pulido,0
GMXUSDT,2026-07-25 01:55:27.732744+00,2026-07-25 04:08:45.578017+00,FVG - 1m,0
SAGAUSDT,2026-07-25 01:55:33.560884+00,2026-07-25 03:32:39.138564+00,FVG - 5m,1
TACUSDT,2026-07-25 02:09:58.718684+00,2026-07-25 02:45:59.563398+00,MA Cross Momentum,0
ERAUSDT,2026-07-25 02:25:02.971219+00,2026-07-25 02:27:28.469286+00,FVG - 1m,0
TNSRUSDT,2026-07-25 02:38:18.093125+00,2026-07-25 04:06:44.53299+00,FVG - 1m,1
TAKEUSDT,2026-07-25 03:06:52.42183+00,2026-07-26 07:21:27.207325+00,Compresion ADN - Micro (5m),0
CHILLGUYUSDT,2026-07-25 03:06:58.986362+00,2026-07-25 18:01:17.892965+00,FVG - 15m,0
BEATUSDT,2026-07-25 03:07:09.412423+00,2026-07-25 03:44:35.186083+00,FVG - 15m Pulido,1
BEATUSDT,2026-07-25 03:07:14.534714+00,2026-07-25 03:44:35.226145+00,FVG - 15m Pulido V2,1
AKEUSDT,2026-07-25 03:27:04.097368+00,2026-07-25 03:40:45.947339+00,FVG - 15m,1
AKEUSDT,2026-07-25 03:27:12.176276+00,2026-07-25 03:40:46.009607+00,FVG - 15m Pulido,1
AKEUSDT,2026-07-25 03:27:15.658706+00,2026-07-25 03:40:46.031307+00,FVG - 15m Pulido V2,1
MVLLUSDT,2026-07-25 03:43:04.222937+00,2026-07-25 16:36:04.65861+00,FVG - 15m,0
SNXXUSDT,2026-07-25 03:43:16.94956+00,2026-07-25 16:38:44.682581+00,FVG - 5m,0
RIFUSDT,2026-07-25 04:21:07.990896+00,2026-07-25 04:25:43.721933+00,FVG - 1m,0
EULUSDT,2026-07-25 04:36:56.400665+00,2026-07-25 04:37:04.417378+00,FVG - 1m,1
HANAUSDT,2026-07-25 04:51:35.429814+00,2026-07-25 04:51:40.99634+00,FVG - 1m,0
BROCCOLIF3BUSDT,2026-07-25 05:05:24.749056+00,2026-07-25 18:07:20.207526+00,FVG - 15m Pulido,1
BROCCOLIF3BUSDT,2026-07-25 05:05:27.976472+00,2026-07-25 18:07:20.242037+00,FVG - 15m Pulido V2,1
LAUSDT,2026-07-25 05:05:34.035416+00,2026-07-25 05:15:03.036726+00,FVG - 1m,1
ZILUSDT,2026-07-25 05:22:17.62136+00,2026-07-25 05:30:27.953729+00,FVG - 1m,0
VANAUSDT,2026-07-25 05:22:24.559002+00,2026-07-25 16:36:04.945654+00,LSE Counter-Trend ,0
STARUSDT,2026-07-25 05:22:29.335307+00,2026-07-25 16:37:00.921157+00,MA Cross Momentum,0
STARUSDT,2026-07-25 05:22:32.918526+00,2026-07-25 16:38:52.49373+00,Scalping Clone,0
STARUSDT,2026-07-25 05:22:36.096892+00,2026-07-25 16:36:05.130934+00,Standard Scalping,0
ONUSDT,2026-07-25 05:36:36.649794+00,2026-07-25 06:25:27.073479+00,FVG - 1m,0
CAPUSDT,2026-07-25 05:50:37.31266+00,2026-07-25 07:22:43.711693+00,FVG - 1m,0
GWEIUSDT,2026-07-25 06:42:08.714543+00,2026-07-25 07:19:23.64723+00,FVG - 15m,1
GWEIUSDT,2026-07-25 06:42:19.712514+00,2026-07-25 07:19:23.70467+00,FVG - 15m Pulido,1
GWEIUSDT,2026-07-25 06:42:23.939447+00,2026-07-25 07:19:21.236711+00,FVG - 15m Pulido V2,1
ESPORTSUSDT,2026-07-25 06:42:31.588467+00,2026-07-25 06:47:46.223644+00,FVG - 1m,0
BCHUSDT,2026-07-25 07:07:18.863127+00,2026-07-25 16:35:53.82239+00,Compresion ADN - Micro (5m),0
B2USDT,2026-07-25 07:07:26.205122+00,2026-07-25 07:17:04.242099+00,FVG - 1m,1
APRUSDT,2026-07-25 07:36:13.985617+00,2026-07-25 16:36:04.441247+00,FVG - 15m,1
AVAAIUSDT,2026-07-25 07:36:28.932171+00,2026-07-25 07:39:29.425686+00,FVG - 1m,0
ZAMAUSDT,2026-07-25 17:00:12.470143+00,2026-07-26 05:15:32.878034+00,FVG - 15m,0
AVAXUSDT,2026-07-25 17:00:25.027939+00,2026-07-25 17:01:45.139497+00,FVG - 1m,1
EPICUSDT,2026-07-25 17:00:33.666085+00,2026-07-25 23:03:04.370844+00,FVG - 5m,1
INTWUSDT,2026-07-25 17:00:38.220035+00,2026-07-27 13:55:04.241287+00,MA Slope Caso 1,0
NBISUSDT,2026-07-25 17:00:44.935442+00,2026-07-26 03:28:09.241678+00,MA Slope Caso 3 (15m),1
DEXEUSDT,2026-07-25 17:16:44.380759+00,2026-07-25 17:18:29.693415+00,FVG - 15m,1
ACEUSDT,2026-07-25 17:16:53.949336+00,2026-07-25 17:29:07.824307+00,FVG - 1m,0
USUSDT,2026-07-25 17:17:00.051704+00,2026-07-26 17:25:53.296725+00,MA Slope Caso 2,0
METAUSDT,2026-07-25 17:25:59.952357+00,2026-07-26 03:53:29.774553+00,Compresion ADN - Micro (5m),0
TACUSDT,2026-07-25 17:26:10.090733+00,2026-07-26 03:05:32.987221+00,FVG - 15m,0
BANKUSDT,2026-07-25 17:26:20.259574+00,2026-07-25 17:29:57.810516+00,FVG - 1m,0
SCRUSDT,2026-07-25 17:31:07.230956+00,2026-07-25 17:38:55.331796+00,FVG - 1m,0
ALLOUSDT,2026-07-25 17:34:55.862844+00,2026-07-25 18:06:09.489443+00,FVG - 1m,0
OUSDT,2026-07-25 17:53:00.562389+00,2026-07-25 17:53:04.987809+00,FVG - 1m,1
SYNUSDT,2026-07-25 18:13:24.986205+00,2026-07-26 05:52:44.626011+00,FVG - 15m,0
UAIUSDT,2026-07-25 18:13:38.011026+00,2026-07-25 23:31:06.958829+00,FVG - 1m,0
DOGSUSDT,2026-07-25 18:31:27.817025+00,2026-07-25 18:33:46.636433+00,FVG - 1m,0
KORUUSDT,2026-07-25 19:43:03.032422+00,2026-07-25 21:04:08.434456+00,FVG - 15m Pulido Long,0
STXUSDT,2026-07-25 19:56:48.564198+00,2026-07-25 21:03:23.337439+00,FVG - 15m Pulido Long,0
MUUUSDT,2026-07-25 20:54:39.635203+00,2026-07-27 13:30:37.070582+00,FVG - 15m Pulido Long,0
UBUSDT,2026-07-25 21:21:19.919474+00,2026-07-25 21:47:38.208047+00,MA Cross Momentum,0
IOTXUSDT,2026-07-25 21:38:42.252728+00,2026-07-25 23:45:34.631695+00,Standard Scalping,0
FETUSDT,2026-07-26 01:58:17.967656+00,2026-07-26 05:54:26.429353+00,Standard Scalping,0
TAGUSDT,2026-07-26 03:52:56.682125+00,2026-07-26 05:54:32.058051+00,Standard Scalping,0
AGTUSDT,2026-07-26 07:19:25.638735+00,2026-07-26 07:28:00.154585+00,MA Clone,0
AGTUSDT,2026-07-26 07:19:34.432411+00,2026-07-26 07:27:45.25165+00,Standard Scalping,0
TOSHIUSDT,2026-07-26 07:19:43.097273+00,2026-07-26 08:19:17.522861+00,Standard Scalping,0
PEOPLEUSDT,2026-07-26 08:01:32.132629+00,2026-07-26 08:54:29.464541+00,Standard Scalping,0
CROSSUSDT,2026-07-26 11:23:09.363177+00,2026-07-26 13:23:18.509405+00,MA Cross Momentum,0
CROSSUSDT,2026-07-26 11:23:26.072633+00,2026-07-26 13:22:41.270314+00,Standard Scalping,0
1000000MOGUSDT,2026-07-26 13:34:41.168759+00,2026-07-26 18:05:52.377051+00,MA Cross Momentum,0
LAUSDT,2026-07-26 15:58:07.414692+00,2026-07-26 18:06:31.081743+00,Standard Scalping,0
4USDT,2026-07-26 19:47:04.421788+00,2026-07-26 19:51:16.900458+00,MA Cross Momentum,0
龙虾USDT,2026-07-26 20:29:23.289545+00,2026-07-26 20:47:57.305413+00,Standard Scalping,0
CVXUSDT,2026-07-27 00:14:47.839697+00,2026-07-27 02:23:47.928451+00,Standard Scalping,0
TAGUSDT,2026-07-27 06:02:49.155122+00,2026-07-27 07:08:30.423872+00,MA Cross Momentum,0
PRLUSDT,2026-07-27 08:13:39.237549+00,2026-07-27 11:26:02.907101+00,MA Clone,0
PRLUSDT,2026-07-27 08:13:42.24477+00,2026-07-27 11:26:02.927707+00,MA Cross Momentum,0
PRLUSDT,2026-07-27 08:13:56.574431+00,2026-07-27 10:25:47.259337+00,Standard Scalping,0
EDENUSDT,2026-07-27 10:37:35.047779+00,2026-07-27 14:30:31.518839+00,MA Clone,0
EDENUSDT,2026-07-27 10:37:38.331322+00,2026-07-27 14:30:31.537038+00,MA Cross Momentum,0
EDENUSDT,2026-07-27 10:37:52.640722+00,2026-07-27 11:53:18.989105+00,Standard Scalping,0
PARTIUSDT,2026-07-27 11:14:25.163093+00,2026-07-27 11:23:55.252963+00,Standard Scalping,0
QUSDT,2026-07-27 13:41:14.876917+00,2026-07-27 13:56:47.287386+00,MA Cross Momentum,0
BMNRUSDT,2026-07-27 16:25:59.30711+00,2026-07-27 22:53:21.067531+00,Standard Scalping,0
IRYSUSDT,2026-07-27 18:13:19.502624+00,2026-07-27 18:39:39.078186+00,MA Cross Momentum,0
DODOXUSDT,2026-07-27 18:41:37.042162+00,2026-07-27 21:24:49.112262+00,Standard Scalping,0
SAPIENUSDT,2026-07-27 20:22:47.043399+00,2026-07-28 00:14:22.851824+00,MA Cross Momentum,0
SAPIENUSDT,2026-07-27 20:22:55.997268+00,2026-07-27 21:13:19.460565+00,Standard Scalping,0
AIAUSDT,2026-07-27 21:23:30.424679+00,2026-07-27 22:02:20.253671+00,FVG - 15m,0
BUSDT,2026-07-27 21:23:40.996216+00,2026-07-27 21:28:09.09572+00,FVG - 15m Pulido,1
AIAUSDT,2026-07-27 21:23:45.300179+00,2026-07-27 22:02:20.279917+00,FVG - 15m Pulido Long,0
BUSDT,2026-07-27 21:23:52.897375+00,2026-07-27 21:28:09.119182+00,FVG - 15m Pulido V2,1
APRUSDT,2026-07-27 21:24:23.224872+00,2026-07-27 22:50:25.05731+00,MA Slope Caso 2,0
ARMUSDT,2026-07-27 21:24:35.445601+00,2026-07-28 13:46:12.725507+00,MA Slope Caso 3 (15m),1
DEXEUSDT,2026-07-27 21:41:00.746774+00,2026-07-27 22:33:28.367608+00,FVG - 15m,0
USUSDT,2026-07-27 21:41:11.613843+00,2026-07-28 16:04:17.535437+00,MA Slope Caso 1,0
SPCXUSDT,2026-07-27 21:41:27.306988+00,2026-07-28 14:50:23.31266+00,MA Slope Caso 3 (15m),1
GWEIUSDT,2026-07-27 21:56:16.734996+00,2026-07-27 22:15:09.673949+00,FVG - 15m,0
NILUSDT,2026-07-27 21:56:25.283026+00,2026-07-27 22:14:29.645669+00,FVG - 15m Pulido Long,0
PLTRUSDT,2026-07-27 21:56:54.269899+00,2026-07-28 13:49:08.453286+00,MA Slope Caso 3 (15m),1
MVLLUSDT,2026-07-27 22:10:35.512397+00,2026-07-28 00:04:27.251118+00,FVG - 15m,1
RIFUSDT,2026-07-27 22:23:31.046672+00,2026-07-27 22:28:28.336312+00,FVG - 15m,1
RIFUSDT,2026-07-27 22:23:38.034365+00,2026-07-27 22:28:28.51538+00,FVG - 15m Pulido,1
RIFUSDT,2026-07-27 22:23:41.501228+00,2026-07-27 22:28:28.402601+00,FVG - 15m Pulido V2,1
COLLECTUSDT,2026-07-27 22:23:46.379536+00,2026-07-27 23:38:01.785627+00,MA Cross Momentum,0
HOLOUSDT,2026-07-27 22:24:02.687505+00,2026-07-27 22:24:15.659619+00,MA Slope Caso 2,0
COLLECTUSDT,2026-07-27 22:24:10.955008+00,2026-07-27 23:32:52.424985+00,Standard Scalping,0
DIAUSDT,2026-07-27 22:36:43.120589+00,2026-07-28 04:03:28.6598+00,FVG - 15m,1
BOMEUSDT,2026-07-27 22:36:52.647153+00,2026-07-28 01:47:54.505311+00,FVG - 15m Pulido,1
BOMEUSDT,2026-07-27 22:36:56.00328+00,2026-07-28 01:47:54.484686+00,FVG - 15m Pulido V2,1
PEOPLEUSDT,2026-07-27 23:06:39.846473+00,2026-07-27 23:27:03.713317+00,FVG - 15m,1
PEOPLEUSDT,2026-07-27 23:06:47.011649+00,2026-07-27 23:27:03.691306+00,FVG - 15m Pulido,1
PEOPLEUSDT,2026-07-27 23:06:50.940697+00,2026-07-27 23:27:03.734653+00,FVG - 15m Pulido V2,1
VELVETUSDT,2026-07-27 23:51:31.395023+00,2026-07-28 18:10:20.078041+00,FVG - 15m,0
DOGEUSDT,2026-07-27 23:51:37.669538+00,2026-07-29 03:57:32.076042+00,MA Slope Caso 2,0
XPDUSDT,2026-07-27 23:51:52.637578+00,2026-07-30 13:46:14.334841+00,MA Slope Caso 3,1
AAPLUSDT,2026-07-27 23:52:10.404932+00,2026-07-28 13:30:48.551018+00,MA Slope Caso 3 Pulido,1
AXTIUSDT,2026-07-28 00:10:54.173706+00,2026-07-28 11:08:50.860445+00,FVG - 15m,1
PNUTUSDT,2026-07-28 00:11:01.296241+00,2026-07-28 13:39:01.26315+00,MA Slope Caso 2,0
ESPORTSUSDT,2026-07-28 00:26:54.042145+00,2026-07-29 00:30:22.365002+00,MA Slope Caso 1,0
ESPUSDT,2026-07-28 00:26:59.833776+00,2026-07-28 00:36:01.207397+00,MA Slope Caso 2,0
COPPERUSDT,2026-07-28 00:27:11.205104+00,2026-07-30 00:55:34.15363+00,MA Slope Caso 3 Pulido,1
SAFEUSDT,2026-07-28 00:42:05.906188+00,2026-07-28 01:08:34.811773+00,MA Clone,0
MAGMAUSDT,2026-07-28 00:42:10.894745+00,2026-07-29 07:41:24.305221+00,MA Slope Caso 1,0
XAUUSDT,2026-07-28 00:42:16.691893+00,2026-07-29 00:43:27.339665+00,MA Slope Caso 2,0
HUSDT,2026-07-28 00:42:30.716654+00,2026-07-28 23:55:24.972562+00,MA Slope Caso 3,1
SQQQUSDT,2026-07-28 00:42:38.959277+00,2026-07-28 05:35:42.426673+00,MA Slope Caso 3 Pulido,1
KGENUSDT,2026-07-28 01:33:05.274424+00,2026-07-28 05:47:45.762113+00,MA Clone,0
KGENUSDT,2026-07-28 01:33:08.972351+00,2026-07-28 05:47:45.784345+00,MA Cross Momentum,0
KGENUSDT,2026-07-28 01:33:17.503204+00,2026-07-28 05:45:06.273206+00,Standard Scalping,0
IDOLUSDT,2026-07-28 01:47:33.322505+00,2026-07-28 03:02:32.681068+00,FVG - 15m Pulido,1
OPNUSDT,2026-07-28 01:47:38.425777+00,2026-07-28 01:54:19.723661+00,FVG - 15m Pulido Long,0
IDOLUSDT,2026-07-28 01:47:43.407723+00,2026-07-28 03:02:32.70788+00,FVG - 15m Pulido V2,1
TOWNSUSDT,2026-07-28 03:03:58.088762+00,2026-07-28 03:10:16.184487+00,FVG - 15m Pulido Long,0
HEIUSDT,2026-07-28 03:20:09.66363+00,2026-07-28 09:40:36.450755+00,FVG - 15m Pulido Long,0
GOOGLUSDT,2026-07-28 03:39:43.673226+00,2026-07-28 15:16:46.742614+00,MA Slope Caso 3,1
GIGGLEUSDT,2026-07-28 03:54:52.021681+00,2026-07-28 04:32:27.17618+00,FVG - 15m Pulido Long,0
TACUSDT,2026-07-28 04:09:47.933156+00,2026-07-28 06:33:27.137973+00,FVG - 15m,0
IDOLUSDT,2026-07-28 04:09:53.274634+00,2026-07-28 05:42:32.761389+00,FVG - 15m Pulido Long,0
EPICUSDT,2026-07-28 05:27:51.090976+00,2026-07-28 14:23:08.421011+00,FVG - 15m Pulido,1
EPICUSDT,2026-07-28 05:27:55.192646+00,2026-07-28 14:23:08.440057+00,FVG - 15m Pulido V2,1
ARXUSDT,2026-07-28 05:44:37.200359+00,2026-07-28 07:46:31.056363+00,FVG - 15m Pulido Long,0
KAITOUSDT,2026-07-28 05:58:35.927138+00,2026-07-28 10:14:13.131466+00,FVG - 15m Pulido,1
LIGHTUSDT,2026-07-28 05:58:41.419545+00,2026-07-28 06:25:43.636908+00,FVG - 15m Pulido Long,0
KAITOUSDT,2026-07-28 05:58:45.02257+00,2026-07-28 10:14:13.149614+00,FVG - 15m Pulido V2,1
VVVUSDT,2026-07-28 06:39:10.733541+00,2026-07-28 07:41:31.633836+00,FVG - 15m,0
PARTIUSDT,2026-07-28 06:39:16.029506+00,2026-07-28 06:57:14.633638+00,FVG - 15m Pulido Long,0
COTIUSDT,2026-07-28 07:49:16.562326+00,2026-07-28 08:00:33.397155+00,FVG - 15m,1
BANKUSDT,2026-07-28 08:04:39.090173+00,2026-07-28 09:46:18.261613+00,FVG - 15m,1
INXUSDT,2026-07-28 08:18:08.643322+00,2026-07-28 13:40:03.688934+00,FVG - 15m Pulido Long,0
SNXXUSDT,2026-07-28 08:31:07.511327+00,2026-07-28 08:34:18.774266+00,FVG - 15m Pulido Long,0
MVLLUSDT,2026-07-28 08:44:08.480645+00,2026-07-28 08:46:37.579687+00,FVG - 15m Pulido Long,0
UBUSDT,2026-07-28 08:56:56.039924+00,2026-07-28 09:40:20.555164+00,FVG - 15m Pulido Long,0
LPTUSDT,2026-07-28 09:52:58.690793+00,2026-07-28 09:55:27.213349+00,FVG - 15m,0
LPTUSDT,2026-07-28 09:53:01.64718+00,2026-07-28 09:55:27.2339+00,FVG - 15m Pulido Long,0
LAUSDT,2026-07-28 10:06:09.058669+00,2026-07-28 12:05:44.113712+00,FVG - 15m,0
PIEVERSEUSDT,2026-07-28 10:06:14.660298+00,2026-07-28 10:29:31.171014+00,FVG - 15m Pulido Long,0
PRLUSDT,2026-07-28 10:21:08.374649+00,2026-07-28 10:23:23.471298+00,FVG - 15m Pulido Long,0
MINIMAXUSDT,2026-07-28 10:34:08.458914+00,2026-07-28 11:29:07.616069+00,FVG - 15m Pulido Long,0
FFUSDT,2026-07-28 10:34:13.761825+00,2026-07-28 15:24:34.87425+00,MA Slope Caso 3 Pulido,1
MOVEUSDT,2026-07-28 10:47:06.162367+00,2026-07-28 12:00:19.213475+00,FVG - 15m Pulido Long,0
RIFUSDT,2026-07-28 11:12:16.095405+00,2026-07-28 12:05:27.043231+00,FVG - 15m,1
CROSSUSDT,2026-07-28 11:29:17.024203+00,2026-07-28 12:23:37.458316+00,FVG - 15m Pulido Long,0
4USDT,2026-07-28 12:08:07.026822+00,2026-07-28 15:12:52.098434+00,FVG - 15m,0
4USDT,2026-07-28 12:08:11.093468+00,2026-07-28 15:12:52.119217+00,FVG - 15m Pulido Long,0
PEOPLEUSDT,2026-07-28 12:08:16.798871+00,2026-07-28 14:07:45.453159+00,MA Clone,0
PEOPLEUSDT,2026-07-28 12:08:19.811394+00,2026-07-28 14:03:10.796728+00,MA Cross Momentum,0
PEOPLEUSDT,2026-07-28 12:08:22.819083+00,2026-07-28 13:09:14.213101+00,Standard Scalping,0
NILUSDT,2026-07-28 12:21:49.746823+00,2026-07-28 12:22:38.828431+00,FVG - 15m,0
ZHIPUUSDT,2026-07-28 12:21:55.337706+00,2026-07-28 13:46:12.626828+00,MA Cross Momentum,0
龙虾USDT,2026-07-28 12:36:38.759119+00,2026-07-29 07:43:13.36806+00,FVG - 15m,0
龙虾USDT,2026-07-28 12:36:41.669742+00,2026-07-29 07:43:13.524951+00,FVG - 15m Pulido Long,0
BCHUSDT,2026-07-28 13:46:09.448665+00,2026-07-29 13:58:52.267882+00,MA Slope Caso 2,0
SPYUSDT,2026-07-28 13:59:39.158016+00,2026-07-30 14:19:51.697187+00,MA Slope Caso 3 (15m),1
SAFEUSDT,2026-07-28 14:14:16.126997+00,2026-07-28 14:18:47.740907+00,FVG - 15m Pulido Long,0
BABAUSDT,2026-07-28 14:14:22.494386+00,2026-07-29 02:21:25.349275+00,MA Slope Caso 3 (15m),1
TSTUSDT,2026-07-28 14:42:15.869649+00,2026-07-28 15:23:52.77189+00,FVG - 15m Pulido,1
MERLUSDT,2026-07-28 14:42:20.641072+00,2026-07-28 17:37:19.75511+00,FVG - 15m Pulido Long,0
TSTUSDT,2026-07-28 14:42:24.006486+00,2026-07-28 15:23:52.80325+00,FVG - 15m Pulido V2,1
EDUUSDT,2026-07-28 14:58:09.891944+00,2026-07-28 15:47:48.584467+00,MA Slope Caso 3 (15m),1
MONUSDT,2026-07-28 14:58:15.187554+00,2026-07-30 14:35:54.471906+00,MA Slope Caso 3 Pulido,1
BTWUSDT,2026-07-28 15:13:06.79353+00,2026-07-28 22:15:41.357668+00,FVG - 15m,0
ACHUSDT,2026-07-28 15:55:40.87982+00,2026-07-29 00:30:37.257584+00,MA Clone,0
ACHUSDT,2026-07-28 15:55:44.847923+00,2026-07-29 00:30:44.543032+00,MA Cross Momentum,0
ACHUSDT,2026-07-28 15:55:48.670599+00,2026-07-28 16:49:48.311543+00,Standard Scalping,0
XPINUSDT,2026-07-28 16:11:02.923765+00,2026-07-28 17:59:15.505256+00,MA Slope Caso 1,0
NFLXUSDT,2026-07-28 16:11:08.479438+00,2026-07-30 17:04:57.682098+00,MA Slope Caso 3 (15m),1
UMAUSDT,2026-07-28 16:24:41.795554+00,2026-07-28 16:37:26.105031+00,FVG - 15m Pulido Long,0
BUSDT,2026-07-28 16:38:44.202609+00,2026-07-28 16:49:52.509713+00,FVG - 15m Pulido Long,0
LABUSDT,2026-07-28 16:52:42.187463+00,2026-07-28 17:05:05.012262+00,FVG - 15m Pulido Long,0
TUTUSDT,2026-07-28 17:30:39.449014+00,2026-07-29 09:37:54.013132+00,FVG - 15m Pulido Long,0
BARDUSDT,2026-07-28 18:11:05.163398+00,2026-07-29 03:32:29.223176+00,FVG - 15m,0
SPACEUSDT,2026-07-28 18:11:10.613234+00,2026-07-29 01:58:13.242308+00,FVG - 15m Pulido Long,0
GENIUSUSDT,2026-07-28 18:11:15.529835+00,2026-07-29 03:27:06.011386+00,MA Slope Caso 1,0
SOONUSDT,2026-07-28 19:22:58.376815+00,2026-07-28 19:32:19.063102+00,FVG - 15m Pulido,1
SOONUSDT,2026-07-28 19:23:01.276541+00,2026-07-28 19:32:19.078294+00,FVG - 15m Pulido V2,1
PHAROSUSDT,2026-07-28 20:56:35.494289+00,2026-07-29 00:54:35.661355+00,FVG - 15m Pulido,1
PHAROSUSDT,2026-07-28 20:56:38.222343+00,2026-07-29 00:54:35.622749+00,FVG - 15m Pulido V2,1
STRCUSDT,2026-07-28 21:10:16.772923+00,2026-07-30 21:14:27.786918+00,MA Slope Caso 3 Pulido,1
1000SHIBUSDT,2026-07-28 22:17:46.642928+00,2026-07-28 22:59:09.518396+00,FVG - 15m,0
TERUSDT,2026-07-28 22:57:35.483274+00,2026-07-29 01:11:02.065573+00,Standard Scalping,0
COINUSDT,2026-07-28 23:09:51.815064+00,2026-07-31 13:31:17.315197+00,MA Slope Caso 3,1
GTCUSDT,2026-07-28 23:10:05.011573+00,2026-07-29 00:47:57.003161+00,Standard Scalping,0
WDCUSDT,2026-07-28 23:24:43.765326+00,2026-07-28 23:31:21.363847+00,FVG - 15m,1
LITUSDT,2026-07-28 23:24:49.304472+00,2026-07-28 23:45:03.591607+00,FVG - 15m Pulido,1
LITUSDT,2026-07-28 23:24:52.558221+00,2026-07-28 23:45:03.572042+00,FVG - 15m Pulido V2,1
BEATUSDT,2026-07-28 23:37:18.738052+00,2026-07-28 23:52:09.537798+00,FVG - 15m,0
TRIAUSDT,2026-07-28 23:37:28.548742+00,2026-07-29 00:24:19.325477+00,MA Cross Momentum,0
BROCCOLIF3BUSDT,2026-07-29 00:04:17.954599+00,2026-07-29 03:40:44.724933+00,FVG - 15m,0
ZILUSDT,2026-07-29 00:04:23.892884+00,2026-07-29 00:27:42.696833+00,FVG - 15m Pulido,1
ZILUSDT,2026-07-29 00:04:29.646895+00,2026-07-29 00:27:42.751876+00,FVG - 15m Pulido V2,1
AVAXUSDT,2026-07-29 00:04:43.587423+00,2026-08-02 09:31:07.621332+00,MA Slope Caso 3,1
MUUUSDT,2026-07-29 00:17:15.458885+00,2026-07-29 00:32:35.496029+00,MA Clone,0
COHRUSDT,2026-07-29 00:17:23.60978+00,2026-07-29 00:41:35.309298+00,MA Cross Momentum,0
MUUUSDT,2026-07-29 00:17:27.554223+00,2026-07-29 00:31:00.610612+00,Standard Scalping,0
AMATUSDT,2026-07-29 00:43:13.175685+00,2026-07-29 04:03:53.551522+00,MA Slope Caso 1,0
REZUSDT,2026-07-29 01:10:32.573102+00,2026-07-29 03:30:18.965726+00,MA Slope Caso 2,0
BULLAUSDT,2026-07-29 01:25:02.627859+00,2026-07-29 01:26:15.988761+00,FVG - 15m Pulido,1
BULLAUSDT,2026-07-29 01:25:05.969358+00,2026-07-29 01:26:16.028655+00,FVG - 15m Pulido V2,1
STXXUSDT,2026-07-29 02:04:27.124503+00,2026-07-29 02:35:19.957223+00,FVG - 15m Pulido,1
SLXUSDT,2026-07-29 02:04:32.841867+00,2026-07-29 07:06:32.872501+00,FVG - 15m Pulido Long,0
STXXUSDT,2026-07-29 02:04:37.103716+00,2026-07-29 02:35:19.797438+00,FVG - 15m Pulido V2,1
BILLUSDT,2026-07-29 02:19:17.770597+00,2026-07-29 03:14:38.945736+00,MA Cross Momentum,0
BILLUSDT,2026-07-29 02:19:20.961726+00,2026-07-29 03:14:38.96667+00,Standard Scalping,0
SIRENUSDT,2026-07-29 02:31:47.822118+00,2026-07-29 16:14:10.623156+00,MA Slope Caso 3 (15m),1
INTWUSDT,2026-07-29 03:10:33.351638+00,2026-07-29 03:55:32.57675+00,FVG - 15m Pulido,1
INTWUSDT,2026-07-29 03:10:36.442727+00,2026-07-29 03:55:32.536516+00,FVG - 15m Pulido V2,1
XAUUSDT,2026-07-29 03:28:45.812206+00,2026-08-07 12:30:28.222255+00,MA Slope Caso 1,0
ONUSDT,2026-07-29 03:42:50.954275+00,2026-07-29 04:00:40.175966+00,FVG - 15m,1
TERUSDT,2026-07-29 03:42:56.142278+00,2026-07-29 05:03:36.25765+00,FVG - 15m Pulido,1
TERUSDT,2026-07-29 03:43:00.308673+00,2026-07-29 05:03:36.271686+00,FVG - 15m Pulido V2,1
RIFUSDT,2026-07-29 03:57:05.844511+00,2026-07-29 03:59:25.903661+00,FVG - 15m,1
BEUSDT,2026-07-29 03:57:13.58658+00,2026-07-29 04:36:40.298869+00,FVG - 15m Pulido,1
BEUSDT,2026-07-29 03:57:17.898977+00,2026-07-29 04:36:40.345818+00,FVG - 15m Pulido V2,1
1000RATSUSDT,2026-07-29 03:57:26.120822+00,2026-07-29 06:04:05.607674+00,Standard Scalping,0
DODOXUSDT,2026-07-29 04:11:46.439981+00,2026-07-29 08:41:46.730705+00,FVG - 15m,0
币安人生USDT,2026-07-29 04:11:53.678958+00,2026-07-30 04:18:18.33152+00,MA Slope Caso 1,0
CRCLUSDT,2026-07-29 04:12:01.133383+00,2026-07-29 19:33:29.333362+00,MA Slope Caso 2,0
CAPUSDT,2026-07-29 04:25:36.275589+00,2026-07-29 08:39:26.156896+00,FVG - 15m,1
AEROUSDT,2026-07-29 04:25:43.1919+00,2026-07-29 19:47:51.908725+00,MA Slope Caso 2,0
FLOWUSDT,2026-07-29 05:50:12.327069+00,2026-07-29 08:21:50.101368+00,MA Clone,0
FLOWUSDT,2026-07-29 05:50:15.522425+00,2026-07-29 08:22:03.093775+00,MA Cross Momentum,0
FLOWUSDT,2026-07-29 05:50:19.346631+00,2026-07-29 06:37:29.845502+00,Standard Scalping,0
SHAZUSDT,2026-07-29 07:11:35.447933+00,2026-07-29 08:16:24.177538+00,FVG - 15m Pulido Long,0
SHAZUSDT,2026-07-29 07:11:38.979701+00,2026-07-29 12:19:58.446145+00,MA Cross Momentum,0
1000XECUSDT,2026-07-29 07:41:14.245825+00,2026-07-29 18:20:15.426242+00,MA Cross Momentum,0
BANKUSDT,2026-07-29 07:54:33.547083+00,2026-07-29 08:09:13.832507+00,FVG - 15m,0
ESPORTSUSDT,2026-07-29 07:54:40.545595+00,2026-07-29 18:34:39.052868+00,MA Slope Caso 1,0
BULLAUSDT,2026-07-29 08:10:03.173445+00,2026-07-29 11:39:14.51678+00,FVG - 15m,1
MVLLUSDT,2026-07-29 08:36:39.900877+00,2026-07-29 08:39:59.410714+00,FVG - 15m Pulido Long,0
SNXXUSDT,2026-07-29 08:49:58.282298+00,2026-07-29 13:38:49.235519+00,FVG - 15m,0
CHILLGUYUSDT,2026-07-29 09:03:22.453113+00,2026-07-29 09:28:44.333362+00,FVG - 15m,0
CHILLGUYUSDT,2026-07-29 09:03:25.771431+00,2026-07-29 09:28:44.350753+00,FVG - 15m Pulido Long,0
ACHUSDT,2026-07-29 09:18:08.543842+00,2026-07-29 09:43:18.54571+00,Standard Scalping,0
KORUUSDT,2026-07-29 09:33:21.126888+00,2026-07-29 12:17:19.566856+00,FVG - 15m,0
SOXSUSDT,2026-07-29 09:59:59.088355+00,2026-07-29 10:25:22.711293+00,FVG - 15m Pulido,1
SOXSUSDT,2026-07-29 10:00:04.190345+00,2026-07-29 10:25:22.694301+00,FVG - 15m Pulido V2,1
MUUUSDT,2026-07-29 10:13:11.979434+00,2026-07-29 10:13:24.16728+00,FVG - 15m Pulido Long,0
KLACUSDT,2026-07-29 10:28:15.001601+00,2026-07-29 10:37:24.575459+00,FVG - 15m Pulido Long,0
ZAMAUSDT,2026-07-29 10:41:13.399792+00,2026-07-29 13:34:48.134361+00,MA Clone,0
ZAMAUSDT,2026-07-29 10:41:16.533393+00,2026-07-29 13:34:48.115599+00,MA Cross Momentum,0
ZAMAUSDT,2026-07-29 10:41:19.92633+00,2026-07-29 12:47:59.257347+00,Standard Scalping,0
OPNUSDT,2026-07-29 10:54:38.509457+00,2026-07-29 11:50:06.96774+00,FVG - 15m Pulido Long,0
EULUSDT,2026-07-29 11:08:10.935857+00,2026-07-30 03:19:20.600358+00,FVG - 15m Pulido,1
EULUSDT,2026-07-29 11:08:14.539019+00,2026-07-30 03:19:20.647539+00,FVG - 15m Pulido V2,1
ACHUSDT,2026-07-29 11:23:45.292011+00,2026-07-29 11:31:09.707296+00,Standard Scalping,0
SOXLUSDT,2026-07-29 11:51:33.547115+00,2026-07-29 12:30:24.101116+00,FVG - 15m,0
GLWUSDT,2026-07-29 11:51:38.540795+00,2026-07-29 12:19:22.548043+00,FVG - 15m Pulido Long,0
BROCCOLIF3BUSDT,2026-07-29 12:19:25.4522+00,2026-07-29 20:11:12.146314+00,FVG - 15m,0
LIGHTUSDT,2026-07-29 12:19:30.163248+00,2026-07-29 12:45:17.574525+00,FVG - 15m Pulido Long,0
PTBUSDT,2026-07-29 12:19:38.003809+00,2026-07-29 12:34:27.892234+00,Standard Scalping,0
ZHIPUUSDT,2026-07-29 12:47:21.800745+00,2026-07-29 13:04:08.775421+00,FVG - 15m,0
ZHIPUUSDT,2026-07-29 12:47:27.491647+00,2026-07-29 13:04:08.802536+00,FVG - 15m Pulido Long,0
AKEUSDT,2026-07-29 13:00:47.179266+00,2026-07-29 13:54:03.1027+00,FVG - 15m Pulido Long,0
AXTIUSDT,2026-07-29 13:14:01.271229+00,2026-07-29 13:39:49.087977+00,FVG - 15m,0
ALABUSDT,2026-07-29 13:14:06.078681+00,2026-07-29 13:30:08.168229+00,FVG - 15m Pulido Long,0
ERAUSDT,2026-07-29 13:29:49.254824+00,2026-07-29 13:34:37.819496+00,FVG - 15m Pulido Long,0
0GUSDT,2026-07-29 13:43:13.213411+00,2026-07-29 13:47:27.826321+00,FVG - 15m,0
0GUSDT,2026-07-29 13:43:16.430032+00,2026-07-29 13:47:27.808039+00,FVG - 15m Pulido Long,0
NILUSDT,2026-07-29 13:58:40.162005+00,2026-07-29 14:13:11.706008+00,FVG - 15m,0
DIAUSDT,2026-07-29 14:13:03.643744+00,2026-07-29 15:14:47.719783+00,FVG - 15m,0
TREEUSDT,2026-07-29 14:13:10.875522+00,2026-07-29 14:24:38.498875+00,FVG - 15m Pulido Long,0
COAIUSDT,2026-07-29 14:13:17.082788+00,2026-07-30 14:20:03.26001+00,MA Slope Caso 2,0
UBUSDT,2026-07-29 14:28:24.625294+00,2026-07-29 18:10:31.317918+00,FVG - 15m,0
PHAROSUSDT,2026-07-29 15:27:04.685666+00,2026-07-29 20:56:05.930812+00,FVG - 15m,1
PHAROSUSDT,2026-07-29 15:27:08.10919+00,2026-07-29 20:56:12.036587+00,FVG - 15m Pulido,1
PHAROSUSDT,2026-07-29 15:27:12.048029+00,2026-07-29 20:56:12.418987+00,FVG - 15m Pulido V2,1
METUSDT,2026-07-29 15:40:37.276755+00,2026-07-29 16:15:28.680127+00,FVG - 15m Pulido,1
METUSDT,2026-07-29 15:40:40.901286+00,2026-07-29 16:15:28.66453+00,FVG - 15m Pulido V2,1
BTWUSDT,2026-07-29 15:40:46.819798+00,2026-07-29 19:49:31.603183+00,MA Clone,0
BTWUSDT,2026-07-29 15:40:50.993235+00,2026-07-29 17:50:14.608229+00,Standard Scalping,0
ICNTUSDT,2026-07-29 16:07:38.069094+00,2026-07-29 16:09:15.585305+00,FVG - 15m Pulido Long,0
API3USDT,2026-07-29 16:22:50.165825+00,2026-07-31 14:06:57.967264+00,FVG - 15m Pulido Long,0
CLUSDT,2026-07-29 16:22:56.889876+00,2026-07-31 16:55:27.224315+00,MA Slope Caso 3 (15m),1
PRLUSDT,2026-07-29 16:36:56.908951+00,2026-07-29 16:48:52.815887+00,FVG - 15m Pulido,1
PRLUSDT,2026-07-29 16:37:00.897849+00,2026-07-29 16:48:52.856202+00,FVG - 15m Pulido V2,1
XVGUSDT,2026-07-29 17:36:09.134404+00,2026-07-29 19:47:59.610362+00,FVG - 15m Pulido Long,0
LAUSDT,2026-07-29 17:49:37.373027+00,2026-07-29 17:57:08.970765+00,FVG - 15m Pulido Long,0
BIRBUSDT,2026-07-29 18:17:01.11107+00,2026-07-29 18:25:45.310953+00,FVG - 15m,0
COTIUSDT,2026-07-29 18:30:59.394286+00,2026-07-29 18:32:37.025294+00,FVG - 15m,1
CHIPUSDT,2026-07-29 18:45:33.901942+00,2026-07-29 19:21:03.962998+00,FVG - 15m,0
PROMPTUSDT,2026-07-29 18:45:40.233625+00,2026-07-30 21:30:36.08132+00,MA Slope Caso 1,0
KGENUSDT,2026-07-29 19:12:37.038492+00,2026-07-30 01:05:07.130598+00,FVG - 15m Pulido Long,0
BLESSUSDT,2026-07-29 19:42:53.786503+00,2026-07-29 20:11:12.279108+00,FVG - 15m,0
RUNEUSDT,2026-07-29 19:43:00.505131+00,2026-07-31 09:31:52.241167+00,MA Slope Caso 2,0
HK1810USDT,2026-07-29 20:14:49.033952+00,2026-07-29 20:18:03.657111+00,FVG - 15m,1
HK1810USDT,2026-07-29 20:14:52.848139+00,2026-07-29 20:18:03.611621+00,FVG - 15m Pulido,1
HK1810USDT,2026-07-29 20:14:57.968606+00,2026-07-29 20:18:03.634672+00,FVG - 15m Pulido V2,1
DEXEUSDT,2026-07-29 21:08:28.973701+00,2026-07-30 00:07:00.500646+00,FVG - 15m,0
EDENUSDT,2026-07-29 21:08:34.4457+00,2026-07-30 04:57:45.240658+00,FVG - 15m Pulido Long,0
AAVEUSDT,2026-07-29 21:08:39.063349+00,2026-07-31 21:06:50.896392+00,MA Slope Caso 2,0
NIGHTUSDT,2026-07-29 21:15:02.745605+00,2026-07-29 21:34:48.818325+00,FVG - 15m,0
IOSTUSDT,2026-07-29 22:06:02.389634+00,2026-08-09 03:00:52.921329+00,FVG - 15m,0
OGNUSDT,2026-07-29 22:11:07.394158+00,2026-07-29 22:14:57.629535+00,FVG - 15m,0
MANTRAUSDT,2026-07-29 22:30:07.395556+00,2026-07-30 00:27:30.235625+00,FVG - 15m,0
BEATUSDT,2026-07-30 00:10:09.336752+00,2026-07-30 00:51:39.713037+00,FVG - 15m,1
BEATUSDT,2026-07-30 00:10:11.178754+00,2026-07-30 00:51:39.748917+00,FVG - 15m Pulido,1
BEATUSDT,2026-07-30 00:10:13.168208+00,2026-07-30 00:51:39.787844+00,FVG - 15m Pulido V2,1
CYSUSDT,2026-07-30 00:35:16.614279+00,2026-07-30 00:52:21.703222+00,FVG - 15m,1
REZUSDT,2026-07-30 01:12:44.97407+00,2026-08-02 06:23:30.332962+00,FVG - 15m,0
REZUSDT,2026-07-30 01:12:48.472418+00,2026-08-02 06:23:30.508486+00,FVG - 15m Pulido Long,0
XMRUSDT,2026-07-30 01:12:56.524783+00,2026-07-30 10:02:26.84584+00,MA Slope Caso 3 Pulido,1
EVAAUSDT,2026-07-30 01:28:24.220719+00,2026-07-30 01:47:55.897978+00,FVG - 15m,0
VRTUSDT,2026-07-30 01:42:08.642707+00,2026-07-30 02:59:06.051995+00,MA Cross Momentum,0
VRTUSDT,2026-07-30 01:42:11.922106+00,2026-07-30 02:35:20.805791+00,Standard Scalping,0
UMAUSDT,2026-07-30 01:58:05.366377+00,2026-08-11 15:38:14.956916+00,FVG - 15m,0
ACHUSDT,2026-07-30 04:03:55.650118+00,2026-07-30 04:09:12.67674+00,FVG - 15m Pulido,1
ACHUSDT,2026-07-30 04:03:58.451461+00,2026-07-30 04:09:12.70251+00,FVG - 15m Pulido V2,1
BTWUSDT,2026-07-30 04:17:59.67133+00,2026-07-30 05:05:20.937109+00,FVG - 15m Pulido,1
BTWUSDT,2026-07-30 04:18:02.717893+00,2026-07-30 05:05:20.960724+00,FVG - 15m Pulido V2,1
PEOPLEUSDT,2026-07-30 04:37:37.122389+00,2026-07-30 06:20:56.540613+00,FVG - 15m Pulido,1
PEOPLEUSDT,2026-07-30 04:37:40.388343+00,2026-07-30 06:20:56.401132+00,FVG - 15m Pulido V2,1
AGLDUSDT,2026-07-30 04:37:46.220814+00,2026-07-31 07:10:04.333528+00,MA Slope Caso 1,0
HOLOUSDT,2026-07-30 05:23:56.065646+00,2026-07-30 05:52:51.973497+00,FVG - 15m Pulido,1
HOLOUSDT,2026-07-30 05:23:59.019264+00,2026-07-30 05:52:51.992462+00,FVG - 15m Pulido V2,1
ROBOUSDT,2026-07-30 05:24:04.512614+00,2026-07-30 07:41:35.784942+00,MA Clone,0
ROBOUSDT,2026-07-30 05:24:07.592797+00,2026-07-30 07:41:35.81106+00,MA Cross Momentum,0
ROBOUSDT,2026-07-30 05:24:12.631637+00,2026-07-30 07:34:58.956674+00,Standard Scalping,0
REUSDT,2026-07-30 05:56:22.531102+00,2026-07-30 05:59:58.788081+00,FVG - 15m Pulido,1
REUSDT,2026-07-30 05:56:25.913768+00,2026-07-30 05:59:58.840807+00,FVG - 15m Pulido V2,1
MINIMAXUSDT,2026-07-30 06:12:20.139879+00,2026-07-30 06:14:08.273498+00,FVG - 15m Pulido Long,0
STARUSDT,2026-07-30 06:30:17.891576+00,2026-07-30 08:01:06.825432+00,FVG - 15m Pulido Long,0
EPICUSDT,2026-07-30 07:34:23.29446+00,2026-07-30 07:34:58.697613+00,Standard Scalping,0
USUSDT,2026-07-30 07:51:26.174212+00,2026-07-30 07:54:50.29178+00,FVG - 15m Pulido,1
USUSDT,2026-07-30 07:51:30.059218+00,2026-07-30 07:54:50.253271+00,FVG - 15m Pulido V2,1
0GUSDT,2026-07-30 08:24:07.450701+00,2026-07-30 11:11:22.949085+00,FVG - 15m Pulido Long,0
SHAZUSDT,2026-07-30 08:56:39.084344+00,2026-07-30 11:54:47.740704+00,MA Clone,0
SHAZUSDT,2026-07-30 08:56:42.498376+00,2026-07-30 11:54:47.776698+00,MA Cross Momentum,0
SHAZUSDT,2026-07-30 08:56:45.749711+00,2026-07-30 11:52:52.260297+00,Standard Scalping,0
CAPUSDT,2026-07-30 09:29:00.280418+00,2026-07-30 09:34:10.46686+00,MA Clone,0
CAPUSDT,2026-07-30 09:29:04.165282+00,2026-07-30 09:34:10.406623+00,Standard Scalping,0
BEUSDT,2026-07-30 10:01:21.585085+00,2026-07-30 12:38:08.385236+00,MA Cross Momentum,0
ZESTUSDT,2026-07-30 10:33:40.178511+00,2026-07-31 04:26:25.650786+00,MA Slope Caso 3 Pulido,1
KORUUSDT,2026-07-30 11:21:41.782114+00,2026-07-30 13:28:52.25627+00,FVG - 15m Pulido Long,0
PRLUSDT,2026-07-30 11:51:46.000783+00,2026-07-30 12:15:59.882641+00,FVG - 15m Pulido,1
PRLUSDT,2026-07-30 11:51:50.269589+00,2026-07-30 12:15:59.791477+00,FVG - 15m Pulido V2,1
BREVUSDT,2026-07-30 12:43:04.884999+00,2026-07-30 12:50:22.221435+00,Standard Scalping,0
INTWUSDT,2026-07-30 13:30:51.552072+00,2026-07-30 14:01:16.253186+00,Standard Scalping,0
TLMUSDT,2026-07-30 14:38:30.07982+00,2026-07-30 14:50:41.731032+00,FVG - 15m Pulido Long,0
BTCUSDT,2026-07-30 14:38:37.317957+00,2026-08-05 18:16:10.16096+00,MA Slope Caso 3 (15m),1
TENCENTUSDT,2026-07-30 15:26:32.678362+00,2026-07-31 00:30:02.543786+00,MA Slope Caso 3 Pulido,1
PYTHUSDT,2026-07-30 15:43:31.433951+00,2026-07-30 16:02:52.157393+00,FVG - 15m Pulido,1
STORJUSDT,2026-07-30 15:43:37.834774+00,2026-07-30 16:40:36.119582+00,FVG - 15m Pulido Long,0
PYTHUSDT,2026-07-30 15:43:41.554049+00,2026-07-30 16:02:52.212745+00,FVG - 15m Pulido V2,1
SQQQUSDT,2026-07-30 16:17:13.48543+00,2026-07-30 20:30:10.133713+00,MA Slope Caso 2,0
RSRUSDT,2026-07-30 16:35:21.582651+00,2026-08-01 00:06:39.62566+00,MA Slope Caso 3,1
NOKUSDT,2026-07-30 16:50:04.708406+00,2026-07-30 16:52:07.022726+00,FVG - 15m Pulido,1
NOKUSDT,2026-07-30 16:50:08.808557+00,2026-07-30 16:52:07.044111+00,FVG - 15m Pulido V2,1
BULLAUSDT,2026-07-30 17:20:20.659608+00,2026-07-30 17:28:21.812666+00,FVG - 15m Pulido Long,0
XRPUSDT,2026-07-30 17:20:28.630083+00,2026-08-19 20:48:22.496098+00,MA Slope Caso 3 (15m),1
STXXUSDT,2026-07-30 17:36:39.143004+00,2026-07-30 18:03:36.135313+00,FVG - 15m Pulido Long,0
ARMUSDT,2026-07-30 18:24:20.285779+00,2026-07-31 20:03:19.360092+00,FVG - 15m Pulido Long,0
FHEUSDT,2026-07-30 20:28:45.620165+00,2026-07-30 20:31:59.904115+00,FVG - 15m Pulido,1
AAOIUSDT,2026-07-30 20:28:52.549886+00,2026-07-31 01:07:42.864417+00,MA Cross Momentum,0
AAOIUSDT,2026-07-30 20:28:58.354909+00,2026-07-31 01:07:42.83997+00,Standard Scalping,0
WLFIUSDT,2026-07-30 20:43:36.050242+00,2026-07-31 21:34:41.327459+00,MA Slope Caso 2,0
SOLUSDT,2026-07-30 21:30:23.391291+00,2026-08-01 18:50:06.224016+00,MA Slope Caso 3 Pulido,1
EULUSDT,2026-07-30 21:44:21.002524+00,2026-07-31 00:11:50.822453+00,MA Slope Caso 1,0
AKEUSDT,2026-07-30 22:01:39.448371+00,2026-07-30 22:04:37.720703+00,FVG - 15m Pulido,1
AKEUSDT,2026-07-30 22:01:44.633324+00,2026-07-30 22:04:37.741391+00,FVG - 15m Pulido V2,1
SAMSUNGUSDT,2026-07-30 23:02:49.656993+00,2026-07-30 23:04:35.739819+00,Standard Scalping,0
KAITOUSDT,2026-07-31 00:26:00.36524+00,2026-08-01 00:30:49.18276+00,MA Slope Caso 1,0
BNBUSDT,2026-07-31 00:39:33.850587+00,2026-08-03 15:37:56.468703+00,MA Slope Caso 3 Pulido,1
AMATUSDT,2026-07-31 02:27:06.963441+00,2026-07-31 04:29:26.099286+00,FVG - 15m Pulido,1
AMATUSDT,2026-07-31 02:27:10.228941+00,2026-07-31 04:29:26.128423+00,FVG - 15m Pulido V2,1
SOXLUSDT,2026-07-31 02:41:05.921323+00,2026-07-31 02:58:01.110268+00,FVG - 15m Pulido,1
SOXLUSDT,2026-07-31 02:41:08.894866+00,2026-07-31 02:58:01.132305+00,FVG - 15m Pulido V2,1
LRCXUSDT,2026-07-31 02:54:43.755861+00,2026-07-31 03:30:23.811263+00,FVG - 15m Pulido,1
LRCXUSDT,2026-07-31 02:54:47.178866+00,2026-07-31 03:30:23.835218+00,FVG - 15m Pulido V2,1
INTCUSDT,2026-07-31 03:10:47.716014+00,2026-07-31 03:20:24.568088+00,FVG - 15m Pulido,1
INTCUSDT,2026-07-31 03:10:51.627469+00,2026-07-31 03:20:24.589006+00,FVG - 15m Pulido V2,1
TWTUSDT,2026-07-31 04:10:25.73593+00,2026-08-07 10:43:40.322114+00,FVG - 15m Pulido,1
TWTUSDT,2026-07-31 04:10:30.226945+00,2026-08-07 10:43:40.206053+00,FVG - 15m Pulido V2,1
COPPERUSDT,2026-07-31 04:29:39.208464+00,2026-08-02 04:38:10.5705+00,MA Slope Caso 3 Pulido,1
IRENUSDT,2026-07-31 06:40:33.524974+00,2026-07-31 06:53:42.837606+00,FVG - 15m Pulido,1
IRENUSDT,2026-07-31 06:40:36.778209+00,2026-07-31 06:53:42.862605+00,FVG - 15m Pulido V2,1
ALABUSDT,2026-07-31 07:09:36.574425+00,2026-07-31 07:10:18.073099+00,FVG - 15m Pulido,1
ALABUSDT,2026-07-31 07:09:39.960655+00,2026-07-31 07:10:18.096218+00,FVG - 15m Pulido V2,1
ZAMAUSDT,2026-07-31 07:24:10.767063+00,2026-07-31 14:00:41.441289+00,MA Slope Caso 1,0
PRLUSDT,2026-07-31 07:37:27.971031+00,2026-07-31 07:57:04.3889+00,FVG - 15m Pulido,1
PRLUSDT,2026-07-31 07:37:31.626618+00,2026-07-31 07:57:04.425577+00,FVG - 15m Pulido V2,1
MUUUSDT,2026-07-31 08:04:08.308522+00,2026-07-31 08:29:15.276655+00,FVG - 15m Pulido,1
MUUUSDT,2026-07-31 08:04:12.866799+00,2026-07-31 08:29:15.252395+00,FVG - 15m Pulido V2,1
SNDKUSDT,2026-07-31 08:34:56.677482+00,2026-07-31 08:48:18.200322+00,FVG - 15m Pulido,1
SNDKUSDT,2026-07-31 08:34:59.699763+00,2026-07-31 08:48:18.187541+00,FVG - 15m Pulido V2,1
ONDOUSDT,2026-07-31 09:45:07.520572+00,2026-07-31 21:00:58.418799+00,MA Slope Caso 2,0
BLESSUSDT,2026-07-31 09:58:20.261109+00,2026-07-31 14:07:06.820153+00,MA Cross Momentum,0
KORUUSDT,2026-07-31 10:54:37.338921+00,2026-07-31 11:03:48.537684+00,FVG - 15m Pulido,1
KORUUSDT,2026-07-31 10:54:40.433997+00,2026-07-31 11:03:48.550318+00,FVG - 15m Pulido V2,1
TAGUSDT,2026-07-31 10:54:45.376076+00,2026-07-31 11:40:38.435671+00,MA Clone,0
TAGUSDT,2026-07-31 10:54:49.390528+00,2026-07-31 11:40:38.45427+00,MA Cross Momentum,0
TAGUSDT,2026-07-31 10:54:52.570371+00,2026-07-31 11:40:31.258435+00,Standard Scalping,0
RLCUSDT,2026-07-31 11:22:20.922382+00,2026-07-31 14:17:18.73676+00,FVG - 15m Pulido,1
RLCUSDT,2026-07-31 11:22:23.931387+00,2026-07-31 14:17:18.783129+00,FVG - 15m Pulido V2,1
BEUSDT,2026-07-31 11:35:34.833544+00,2026-07-31 13:10:48.142764+00,FVG - 15m Pulido,1
BEUSDT,2026-07-31 11:35:37.77495+00,2026-07-31 13:10:48.19133+00,FVG - 15m Pulido V2,1
BROCCOLI714USDT,2026-07-31 12:19:20.996705+00,2026-07-31 21:07:13.519595+00,Standard Scalping,0
NBISUSDT,2026-07-31 13:14:05.126103+00,2026-07-31 13:17:22.660195+00,FVG - 15m Pulido,1
NBISUSDT,2026-07-31 13:14:08.228312+00,2026-07-31 13:17:22.697292+00,FVG - 15m Pulido V2,1
STXXUSDT,2026-07-31 13:28:10.357316+00,2026-07-31 13:44:20.315435+00,Standard Scalping,0
AXTIUSDT,2026-07-31 13:41:21.08003+00,2026-07-31 13:41:47.513042+00,FVG - 15m Pulido,1
AXTIUSDT,2026-07-31 13:41:24.273984+00,2026-07-31 13:41:47.535603+00,FVG - 15m Pulido V2,1
TSLAUSDT,2026-07-31 13:41:33.210393+00,2026-08-02 13:49:47.511606+00,MA Slope Caso 3,1
CRDOUSDT,2026-07-31 13:41:57.611139+00,2026-07-31 13:44:45.930949+00,Standard Scalping,0
TSTUSDT,2026-07-31 13:55:59.260172+00,2026-07-31 14:00:18.620134+00,FVG - 15m Pulido,1
TSTUSDT,2026-07-31 13:56:03.166238+00,2026-07-31 14:00:18.638816+00,FVG - 15m Pulido V2,1
VANRYUSDT,2026-07-31 15:21:26.841097+00,2026-07-31 15:30:30.605493+00,FVG - 15m Pulido Long,0
PROMUSDT,2026-07-31 15:21:32.233247+00,2026-08-01 21:53:36.556878+00,MA Slope Caso 1,0
BIRBUSDT,2026-07-31 15:36:19.742506+00,2026-07-31 15:42:06.666068+00,FVG - 15m Pulido Long,0
AKEUSDT,2026-07-31 16:24:01.13395+00,2026-08-01 04:35:39.515167+00,MA Clone,0
AKEUSDT,2026-07-31 16:24:04.519082+00,2026-08-01 04:35:45.774493+00,Standard Scalping,0
HIMSUSDT,2026-07-31 16:24:15.222026+00,2026-08-03 13:34:16.776975+00,Standard Scalping,0
CHILLGUYUSDT,2026-07-31 16:39:51.274312+00,2026-07-31 21:51:12.056857+00,MA Clone,0
CHILLGUYUSDT,2026-07-31 16:39:54.295165+00,2026-07-31 21:51:18.810308+00,MA Cross Momentum,0
MUSDT,2026-07-31 16:54:54.030887+00,2026-08-02 12:43:31.607959+00,FVG - 15m Pulido,1
MUSDT,2026-07-31 16:54:59.504874+00,2026-08-02 12:43:31.757441+00,FVG - 15m Pulido V2,1
USUSDT,2026-07-31 16:55:06.885734+00,2026-07-31 18:20:12.403929+00,MA Cross Momentum,0
SYNUSDT,2026-07-31 17:09:43.758132+00,2026-07-31 18:25:29.790095+00,MA Cross Momentum,0
XPTUSDT,2026-07-31 17:09:49.192503+00,2026-08-02 17:15:33.386962+00,MA Slope Caso 3 (15m),1
RIFUSDT,2026-07-31 17:26:56.435016+00,2026-07-31 22:36:21.544501+00,MA Clone,0
SOXSUSDT,2026-07-31 18:31:18.910098+00,2026-07-31 18:50:29.093991+00,FVG - 15m Pulido Long,0
CATIUSDT,2026-07-31 20:02:49.820953+00,2026-08-01 10:04:38.409876+00,MA Cross Momentum,0
GWEIUSDT,2026-07-31 21:20:55.491308+00,2026-07-31 21:30:00.825332+00,FVG - 15m Pulido Long,0
VANAUSDT,2026-07-31 21:34:21.086386+00,2026-07-31 22:03:08.567644+00,FVG - 15m Pulido Long,0
SHAZUSDT,2026-07-31 22:21:44.110789+00,2026-07-31 22:22:21.163255+00,FVG - 15m Pulido Long,0
ROBOUSDT,2026-07-31 22:35:39.546142+00,2026-08-01 15:15:12.31658+00,MA Slope Caso 2,0
TURBOUSDT,2026-07-31 23:19:53.869652+00,2026-08-01 01:33:26.402137+00,Standard Scalping,0
EPICUSDT,2026-07-31 23:33:21.123522+00,2026-07-31 23:43:29.278679+00,FVG - 15m Pulido Long,0
ZHIPUUSDT,2026-08-01 00:14:52.457465+00,2026-08-01 00:23:04.499663+00,FVG - 15m Pulido Long,0
OPENUSDT,2026-08-01 00:14:59.36258+00,2026-08-03 13:52:53.722935+00,MA Slope Caso 2,0
AMZNUSDT,2026-08-01 00:15:10.31485+00,2026-08-03 00:19:53.868538+00,MA Slope Caso 3,1
NILUSDT,2026-08-01 00:44:11.917714+00,2026-08-01 00:58:30.054624+00,FVG - 15m Pulido Long,0
AINUSDT,2026-08-01 00:44:18.682563+00,2026-08-02 15:16:25.876872+00,MA Slope Caso 1,0
JUPUSDT,2026-08-01 01:12:55.625856+00,2026-08-01 18:30:50.318338+00,MA Slope Caso 2,0
AIOUSDT,2026-08-01 01:26:33.844911+00,2026-08-01 04:54:15.726657+00,MA Clone,0
HYPERUSDT,2026-08-01 02:19:35.688741+00,2026-08-01 02:47:51.180467+00,FVG - 15m Pulido Long,0
TAGUSDT,2026-08-01 03:48:25.469285+00,2026-08-01 03:55:51.277883+00,FVG - 15m Pulido,1
TAGUSDT,2026-08-01 03:48:28.62421+00,2026-08-01 03:55:51.257797+00,FVG - 15m Pulido V2,1
SOXSUSDT,2026-08-01 04:02:53.904617+00,2026-08-01 04:11:36.250489+00,FVG - 15m Pulido Long,0
UAIUSDT,2026-08-01 04:17:33.156021+00,2026-08-01 05:21:11.064433+00,FVG - 15m Pulido Long,0
SHAZUSDT,2026-08-01 04:34:54.365853+00,2026-08-01 05:11:34.349217+00,FVG - 15m Pulido,1
HYPERUSDT,2026-08-01 04:35:01.383145+00,2026-08-01 05:47:39.267655+00,FVG - 15m Pulido Long,0
SHAZUSDT,2026-08-01 04:35:05.633257+00,2026-08-01 05:11:34.236643+00,FVG - 15m Pulido V2,1
ESPUSDT,2026-08-01 05:32:00.635195+00,2026-08-01 06:01:47.822913+00,FVG - 15m Pulido Long,0
MMTUSDT,2026-08-01 06:01:18.912645+00,2026-08-01 06:01:37.957474+00,FVG - 15m Pulido Long,0
STORJUSDT,2026-08-01 06:15:05.800938+00,2026-08-01 06:16:34.086998+00,FVG - 15m Pulido Long,0
SNDKUSDT,2026-08-01 06:59:23.898317+00,2026-08-01 13:25:13.014548+00,FVG - 15m Pulido Long,0
BROCCOLIF3BUSDT,2026-08-01 07:27:56.498642+00,2026-08-01 09:51:18.075704+00,Standard Scalping,0
HOLOUSDT,2026-08-01 07:54:58.344077+00,2026-08-01 08:13:57.844609+00,FVG - 15m Pulido Long,0
SNXXUSDT,2026-08-01 08:25:23.025276+00,2026-08-01 08:44:08.704433+00,FVG - 15m Pulido Long,0
ICXUSDT,2026-08-01 08:39:18.645316+00,2026-08-01 08:41:38.015029+00,Standard Scalping,0
ESPORTSUSDT,2026-08-01 10:47:03.452168+00,2026-08-01 14:54:52.344671+00,FVG - 15m Pulido Long,0
AXTIUSDT,2026-08-01 11:43:06.365007+00,2026-08-01 17:24:10.125906+00,FVG - 15m Pulido,1
AXTIUSDT,2026-08-01 11:43:09.908258+00,2026-08-01 17:24:09.941373+00,FVG - 15m Pulido V2,1
ORDIUSDT,2026-08-01 12:11:11.650817+00,2026-08-01 13:41:48.469349+00,MA Clone,0
ORDIUSDT,2026-08-01 12:11:15.311433+00,2026-08-01 13:41:48.317328+00,MA Cross Momentum,0
ORDIUSDT,2026-08-01 12:11:20.139036+00,2026-08-01 13:41:34.864225+00,Standard Scalping,0
COLLECTUSDT,2026-08-01 13:09:32.351747+00,2026-08-01 13:14:51.572422+00,MA Cross Momentum,0
BULLAUSDT,2026-08-01 14:05:55.699218+00,2026-08-01 14:06:38.919513+00,FVG - 15m Pulido Long,0
BANDUSDT,2026-08-01 14:21:23.017606+00,2026-08-01 17:41:13.776491+00,Standard Scalping,0
TAOUSDT,2026-08-01 15:18:30.908675+00,2026-08-02 15:46:31.524353+00,MA Slope Caso 2,0
VANAUSDT,2026-08-01 15:50:52.895791+00,2026-08-01 15:59:03.490792+00,FVG - 15m Pulido Long,0
ALABUSDT,2026-08-01 17:07:27.26636+00,2026-08-01 18:31:09.236376+00,FVG - 15m Pulido Long,0
STARUSDT,2026-08-01 17:24:59.235634+00,2026-08-01 17:29:35.188032+00,FVG - 15m Pulido Long,0
1000SATSUSDT,2026-08-01 18:41:59.655213+00,2026-08-01 19:57:03.199944+00,FVG - 15m Pulido,1
BEUSDT,2026-08-01 18:42:04.614119+00,2026-08-01 18:47:49.284914+00,FVG - 15m Pulido Long,0
1000SATSUSDT,2026-08-01 18:42:09.177135+00,2026-08-01 19:57:03.158574+00,FVG - 15m Pulido V2,1
CAPUSDT,2026-08-01 18:42:14.189427+00,2026-08-01 19:30:25.479243+00,MA Slope Caso 2,0
ERAUSDT,2026-08-01 18:56:37.370027+00,2026-08-01 23:45:48.798052+00,FVG - 15m Pulido Long,0
PLTRUSDT,2026-08-01 18:56:43.815835+00,2026-08-02 22:01:05.410195+00,MA Slope Caso 3 Pulido,1
HOMEUSDT,2026-08-01 18:56:49.189452+00,2026-08-02 01:46:52.336241+00,Standard Scalping,0
TLMUSDT,2026-08-01 19:40:32.31175+00,2026-08-01 19:40:39.472995+00,FVG - 15m Pulido Long,0
COTIUSDT,2026-08-01 19:40:40.868534+00,2026-08-02 03:08:30.110082+00,MA Slope Caso 2,0
CFXUSDT,2026-08-01 20:08:49.082851+00,2026-08-01 20:13:01.937539+00,FVG - 15m Pulido Long,0
LIGHTUSDT,2026-08-01 20:23:59.825358+00,2026-08-01 20:29:05.291067+00,FVG - 15m Pulido,1
LIGHTUSDT,2026-08-01 20:24:03.209058+00,2026-08-01 20:29:05.310537+00,FVG - 15m Pulido V2,1
AIOUSDT,2026-08-01 21:23:44.154171+00,2026-08-01 22:24:26.703228+00,FVG - 15m Pulido Long,0
LITUSDT,2026-08-01 21:56:05.919318+00,2026-08-02 23:35:45.34492+00,MA Slope Caso 1,0
BIRBUSDT,2026-08-01 22:30:04.681555+00,2026-08-01 22:53:56.057243+00,FVG - 15m Pulido Long,0
MUUUSDT,2026-08-01 23:01:00.126766+00,2026-08-01 23:21:48.50374+00,FVG - 15m Pulido Long,0
ACEUSDT,2026-08-01 23:30:38.786089+00,2026-08-01 23:38:40.99711+00,FVG - 15m Pulido Long,0
EVAAUSDT,2026-08-02 00:14:34.148383+00,2026-08-02 00:23:09.235526+00,FVG - 15m Pulido Long,0
HYPERUSDT,2026-08-02 00:14:43.015508+00,2026-08-02 00:18:58.651818+00,Standard Scalping,0
KORUUSDT,2026-08-02 00:32:47.838984+00,2026-08-02 00:46:28.230665+00,FVG - 15m Pulido Long,0
ROBOUSDT,2026-08-02 01:19:38.719419+00,2026-08-02 01:30:18.601294+00,FVG - 15m Pulido Long,0
OGNUSDT,2026-08-02 02:23:54.71139+00,2026-08-02 03:09:16.951628+00,FVG - 15m Pulido Long,0
1MBABYDOGEUSDT,2026-08-02 03:11:40.958902+00,2026-08-03 03:12:09.213381+00,MA Slope Caso 2,0
ROBOUSDT,2026-08-02 03:32:08.671215+00,2026-08-02 03:39:09.961097+00,FVG - 15m Pulido Long,0
SYNUSDT,2026-08-02 05:08:22.83017+00,2026-08-02 05:14:01.407342+00,FVG - 15m Pulido Long,0
BRUSDT,2026-08-02 05:08:27.984838+00,2026-08-02 05:13:44.116625+00,MA Clone,0
BRUSDT,2026-08-02 05:08:31.528652+00,2026-08-02 05:13:44.141293+00,MA Cross Momentum,0
INJUSDT,2026-08-02 05:23:37.95396+00,2026-08-02 14:35:57.585562+00,MA Slope Caso 3 Pulido,1
LABUSDT,2026-08-02 05:53:38.309536+00,2026-08-02 05:56:51.903709+00,FVG - 15m Pulido Long,0
MUUUSDT,2026-08-02 06:07:44.848403+00,2026-08-02 06:58:10.155268+00,FVG - 15m Pulido Long,0
MYXUSDT,2026-08-02 06:23:06.262155+00,2026-08-02 06:26:16.4038+00,FVG - 15m Pulido,1
GRIFFAINUSDT,2026-08-02 06:23:11.446156+00,2026-08-02 07:27:06.179049+00,MA Cross Momentum,0
BULLAUSDT,2026-08-02 06:36:56.446986+00,2026-08-02 07:27:50.093789+00,FVG - 15m,0
ZHIPUUSDT,2026-08-02 06:37:01.698448+00,2026-08-02 07:01:42.566999+00,FVG - 15m Pulido Long,0
SNDKUSDT,2026-08-02 07:22:11.53951+00,2026-08-02 11:28:20.820048+00,FVG - 15m Pulido Long,0
AIOUSDT,2026-08-02 07:35:51.736489+00,2026-08-02 10:44:48.29564+00,FVG - 15m,0
SAHARAUSDT,2026-08-02 07:35:56.94831+00,2026-08-02 07:50:00.838299+00,FVG - 15m Pulido,1
SNXXUSDT,2026-08-02 07:49:27.054137+00,2026-08-02 09:04:24.168647+00,FVG - 15m Pulido Long,0
EDGEUSDT,2026-08-02 08:04:30.054377+00,2026-08-02 13:07:25.424459+00,FVG - 15m Pulido Long,0
GIGGLEUSDT,2026-08-02 08:46:53.834394+00,2026-08-02 09:11:47.087742+00,FVG - 15m Pulido,1
EULUSDT,2026-08-02 09:15:21.202055+00,2026-08-02 09:19:31.882884+00,FVG - 15m Pulido Long,0
ONUSDT,2026-08-02 09:30:58.564684+00,2026-08-02 09:35:21.200908+00,FVG - 15m Pulido,1
ELSAUSDT,2026-08-02 09:44:49.000817+00,2026-08-02 09:46:59.021961+00,FVG - 15m Pulido,1
WLFIUSDT,2026-08-02 09:44:54.864021+00,2026-08-11 00:46:34.095703+00,MA Slope Caso 3,1
XNYUSDT,2026-08-02 10:13:04.099857+00,2026-08-02 12:58:56.877289+00,FVG - 15m Pulido,1
HYPERUSDT,2026-08-02 10:13:13.390852+00,2026-08-02 16:01:17.940351+00,MA Clone,0
HYPERUSDT,2026-08-02 10:13:19.110333+00,2026-08-02 15:46:43.436933+00,Standard Scalping,0
TAKEUSDT,2026-08-02 10:29:55.639211+00,2026-08-02 11:15:28.009937+00,FVG - 15m Pulido Long,0
RLCUSDT,2026-08-02 10:57:13.610343+00,2026-08-02 18:55:34.695738+00,FVG - 15m,0
1000000BOBUSDT,2026-08-02 12:23:56.653255+00,2026-08-02 13:36:38.582534+00,Standard Scalping,0
KORUUSDT,2026-08-02 12:37:32.691377+00,2026-08-02 12:58:00.519583+00,FVG - 15m Pulido Long,0
PHAROSUSDT,2026-08-02 12:52:47.302175+00,2026-08-02 15:02:21.544133+00,MA Cross Momentum,0
DEXEUSDT,2026-08-02 13:07:23.41621+00,2026-08-02 13:11:50.109163+00,FVG - 15m Pulido Long,0
HOMEUSDT,2026-08-02 13:22:26.864878+00,2026-08-02 13:46:17.077733+00,FVG - 15m Pulido,1
ESPUSDT,2026-08-02 13:49:18.848674+00,2026-08-02 14:10:56.327248+00,FVG - 15m Pulido Long,0
NILUSDT,2026-08-02 13:49:27.847613+00,2026-08-02 13:54:42.850362+00,Standard Scalping,0
DOGEUSDT,2026-08-02 14:04:21.167622+00,2026-08-02 22:16:07.660639+00,MA Slope Caso 3,1
PRLUSDT,2026-08-02 14:20:08.770363+00,2026-08-02 14:28:10.899473+00,FVG - 15m Pulido,1
1000BONKUSDT,2026-08-02 14:46:48.670745+00,2026-08-04 14:15:59.393703+00,MA Slope Caso 3 Pulido,1
EVAAUSDT,2026-08-02 15:00:26.106292+00,2026-08-02 15:18:23.492869+00,FVG - 15m Pulido Long,0
BIRBUSDT,2026-08-02 15:32:00.962893+00,2026-08-02 16:03:42.091719+00,FVG - 15m Pulido Long,0
EDENUSDT,2026-08-02 15:32:07.010524+00,2026-08-02 20:33:21.123376+00,MA Cross Momentum,0
KERNELUSDT,2026-08-02 15:32:15.769113+00,2026-08-03 01:00:20.520412+00,MA Slope Caso 1,0
EDENUSDT,2026-08-02 15:32:19.637951+00,2026-08-02 18:18:09.733868+00,Standard Scalping,0
ZESTUSDT,2026-08-02 16:00:44.237368+00,2026-08-02 16:02:15.858026+00,FVG - 15m Pulido Long,0
BROCCOLI714USDT,2026-08-02 16:00:49.923677+00,2026-08-03 22:59:28.98176+00,MA Slope Caso 2,0
FIGHTUSDT,2026-08-02 16:15:51.222302+00,2026-08-02 16:17:48.295137+00,FVG - 15m Pulido Long,0
TLMUSDT,2026-08-02 16:30:49.089048+00,2026-08-02 17:16:42.327069+00,FVG - 15m Pulido Long,0
COTIUSDT,2026-08-02 17:00:11.298942+00,2026-08-02 17:00:31.765953+00,FVG - 15m Pulido Long,0
BABYUSDT,2026-08-02 17:15:14.731085+00,2026-08-02 17:17:06.565397+00,FVG - 15m Pulido Long,0
1000SATSUSDT,2026-08-02 17:34:20.739741+00,2026-08-02 19:48:18.684489+00,FVG - 15m Pulido Long,0
ACUUSDT,2026-08-02 17:34:27.949522+00,2026-08-05 05:47:01.87478+00,MA Slope Caso 3 (15m),1
BANKUSDT,2026-08-02 18:38:59.825843+00,2026-08-02 18:42:01.621266+00,FVG - 15m Pulido Long,0
OGNUSDT,2026-08-02 18:53:09.728636+00,2026-08-05 05:47:04.398673+00,FVG - 15m Pulido Long,0
IDOLUSDT,2026-08-02 19:08:14.084703+00,2026-08-03 04:09:08.897205+00,FVG - 15m,0
DIAUSDT,2026-08-02 19:08:22.178048+00,2026-08-02 20:00:21.34036+00,FVG - 15m Pulido Long,0
JCTUSDT,2026-08-02 19:24:55.92562+00,2026-08-02 19:27:41.495333+00,FVG - 15m Pulido,1
MMTUSDT,2026-08-02 19:53:43.268891+00,2026-08-02 20:00:52.093922+00,FVG - 15m Pulido Long,0
FLOWUSDT,2026-08-02 20:07:28.271016+00,2026-08-02 20:29:01.787843+00,FVG - 15m Pulido Long,0
1000RATSUSDT,2026-08-02 21:15:52.54274+00,2026-08-02 21:16:03.248605+00,FVG - 15m Pulido Long,0
GRVTUSDT,2026-08-02 21:29:58.37641+00,2026-08-02 21:30:52.325309+00,FVG - 15m Pulido Long,0
ARCUSDT,2026-08-02 22:05:14.167945+00,2026-08-02 23:42:15.335744+00,FVG - 15m Pulido Long,0
DOTUSDT,2026-08-02 22:05:22.122751+00,2026-08-03 12:13:53.390034+00,MA Slope Caso 3 Pulido,1
ICNTUSDT,2026-08-02 22:19:16.861159+00,2026-08-03 01:19:35.75528+00,FVG - 15m Pulido,1
JUPUSDT,2026-08-02 22:19:23.709387+00,2026-08-11 14:58:00.852866+00,MA Slope Caso 3,1
HUSDT,2026-08-02 22:32:18.991265+00,2026-08-02 22:45:49.57422+00,FVG - 15m Pulido,1
EPICUSDT,2026-08-02 22:46:20.917709+00,2026-08-02 23:07:48.435401+00,FVG - 15m Pulido,1
PIEVERSEUSDT,2026-08-02 23:50:39.17199+00,2026-08-03 00:00:43.431171+00,FVG - 15m Pulido,1
ACEUSDT,2026-08-02 23:50:48.96345+00,2026-08-03 07:22:36.909567+00,MA Slope Caso 1,0
GWEIUSDT,2026-08-03 00:34:54.093317+00,2026-08-03 01:58:31.497462+00,MA Clone,0
GWEIUSDT,2026-08-03 00:34:58.421576+00,2026-08-03 01:58:31.560713+00,MA Cross Momentum,0
FILUSDT,2026-08-03 00:35:09.694163+00,2026-08-03 13:51:18.179118+00,MA Slope Caso 3,1
USUSDT,2026-08-03 00:48:10.113525+00,2026-08-03 01:56:55.844607+00,FVG - 15m Pulido,1
BTCDOMUSDT,2026-08-03 01:21:06.781061+00,2026-08-12 01:20:48.207964+00,MA Slope Caso 1,0
COLLECTUSDT,2026-08-03 01:37:41.118389+00,2026-08-03 01:49:14.205303+00,FVG - 15m Pulido Long,0
KGENUSDT,2026-08-03 01:37:57.59061+00,2026-08-03 02:50:50.068489+00,Standard Scalping,0
1000LUNCUSDT,2026-08-03 02:13:04.591264+00,2026-08-04 07:51:54.351834+00,FVG - 15m Pulido,1
4USDT,2026-08-03 02:33:56.585375+00,2026-08-03 03:01:25.10661+00,FVG - 15m Pulido Long,0
EULUSDT,2026-08-03 03:52:40.344499+00,2026-08-03 03:56:59.315741+00,FVG - 15m Gap Chico,0
LIGHTUSDT,2026-08-03 03:52:46.955335+00,2026-08-03 12:06:09.098929+00,FVG - 15m Pulido,1
KGENUSDT,2026-08-03 03:52:52.200584+00,2026-08-03 09:01:03.630439+00,MA Cross Momentum,0
SAHARAUSDT,2026-08-03 03:52:57.747019+00,2026-08-05 15:05:39.329134+00,MA Slope Caso 2,0
KGENUSDT,2026-08-03 03:53:01.590713+00,2026-08-03 06:14:05.380842+00,Standard Scalping,0
CLOUSDT,2026-08-03 03:53:09.834144+00,2026-08-03 05:55:19.221661+00,Standard Scalping,0
BTWUSDT,2026-08-03 04:10:41.35157+00,2026-08-03 16:48:13.707386+00,FVG - 15m,0
4USDT,2026-08-03 04:10:50.279979+00,2026-08-03 04:29:01.082088+00,FVG - 15m Gap Chico,0
4USDT,2026-08-03 04:10:54.868475+00,2026-08-03 04:29:01.10216+00,FVG - 15m Pulido Long,0
PORTALUSDT,2026-08-03 04:11:01.692977+00,2026-08-03 06:00:22.656355+00,MA Cross Momentum,0
EPICUSDT,2026-08-03 04:31:56.852188+00,2026-08-03 04:33:49.829628+00,FVG - 15m Gap Chico,1
BULLAUSDT,2026-08-03 04:54:36.004068+00,2026-08-03 05:08:16.373689+00,FVG - 15m Gap Chico,0
KOMAUSDT,2026-08-03 05:15:46.87226+00,2026-08-03 05:16:22.089212+00,FVG - 15m Gap Chico,0
HEIUSDT,2026-08-03 05:15:54.652545+00,2026-08-03 07:00:20.769042+00,FVG - 15m Pulido Long,0
LAUSDT,2026-08-03 05:36:57.541399+00,2026-08-03 06:34:23.556755+00,FVG - 15m Gap Chico,0
FIGHTUSDT,2026-08-03 05:54:42.53484+00,2026-08-07 14:09:30.881599+00,FVG - 15m Gap Chico,0
SCRTUSDT,2026-08-03 06:13:24.763231+00,2026-08-03 09:47:00.712136+00,MA Cross Momentum,0
VICUSDT,2026-08-03 06:32:47.665524+00,2026-08-03 08:58:29.165936+00,FVG - 15m Gap Chico,1
BICOUSDT,2026-08-03 07:06:46.093653+00,2026-08-03 07:06:47.156842+00,FVG - 15m Gap Chico,1
HFTUSDT,2026-08-03 07:25:09.093679+00,2026-08-03 08:35:52.411317+00,FVG - 15m Gap Chico,1
ESPUSDT,2026-08-03 07:25:15.569331+00,2026-08-04 07:36:20.555586+00,MA Slope Caso 1,0
1000RATSUSDT,2026-08-03 08:33:44.259761+00,2026-08-03 11:03:14.585415+00,FVG - 15m Pulido Long,0
SCRTUSDT,2026-08-03 08:34:05.60632+00,2026-08-03 09:46:56.374542+00,Standard Scalping,0
HOMEUSDT,2026-08-03 08:52:13.700203+00,2026-08-03 10:31:05.459457+00,FVG - 15m Gap Chico,1
ENSOUSDT,2026-08-03 09:10:38.817242+00,2026-08-03 10:50:12.382615+00,FVG - 15m Gap Chico,1
MMTUSDT,2026-08-03 09:57:12.514066+00,2026-08-03 09:58:35.323261+00,FVG - 15m Pulido Long,0
USUSDT,2026-08-03 10:11:19.2591+00,2026-08-03 15:14:07.942815+00,MA Clone,0
USUSDT,2026-08-03 10:11:23.01618+00,2026-08-03 12:26:21.92632+00,Standard Scalping,0
AEVOUSDT,2026-08-03 10:41:28.316847+00,2026-08-04 14:14:46.037508+00,FVG - 15m Gap Chico,0
SYNUSDT,2026-08-03 10:41:34.025193+00,2026-08-03 11:50:15.32501+00,FVG - 15m Pulido Long,0
AGTUSDT,2026-08-03 10:55:33.764381+00,2026-08-04 16:03:50.221257+00,FVG - 15m Gap Chico,0
BRUSDT,2026-08-03 11:10:30.275805+00,2026-08-03 11:47:41.649139+00,FVG - 15m Pulido Long,0
PUMPBTCUSDT,2026-08-03 11:55:21.727038+00,2026-08-03 23:01:55.11867+00,FVG - 15m Pulido Long,0
PTBUSDT,2026-08-03 12:39:53.710977+00,2026-08-03 15:13:47.394711+00,MA Clone,0
PTBUSDT,2026-08-03 12:39:58.295949+00,2026-08-03 15:13:47.450252+00,Standard Scalping,0
AKTUSDT,2026-08-03 12:54:10.611191+00,2026-08-03 14:31:38.816676+00,MA Slope Caso 3 Pulido,1
CTKUSDT,2026-08-03 13:26:03.863046+00,2026-08-03 14:52:51.384012+00,FVG - 15m Pulido Long,0
SNOWUSDT,2026-08-03 13:55:15.223923+00,2026-08-03 15:27:16.617694+00,MA Clone,0
APRUSDT,2026-08-03 13:55:21.056353+00,2026-08-03 16:37:14.430043+00,MA Slope Caso 2,0
NEARUSDT,2026-08-03 13:55:29.297883+00,2026-08-03 14:28:59.2399+00,MA Slope Caso 3,1
ZEREBROUSDT,2026-08-03 14:52:45.042869+00,2026-08-03 15:35:52.756931+00,FVG - 15m Pulido,1
POLUSDT,2026-08-03 15:13:12.450354+00,2026-08-04 08:01:01.744919+00,MA Slope Caso 3,1
POLUSDT,2026-08-03 15:13:17.181111+00,2026-08-04 08:01:01.723544+00,MA Slope Caso 3 Pulido,1
1000SATSUSDT,2026-08-03 15:37:34.158882+00,2026-08-03 15:42:24.082498+00,FVG - 15m Pulido Long,0
CROSSUSDT,2026-08-03 15:56:49.014942+00,2026-08-03 16:41:46.550846+00,FVG - 15m Pulido,1
PHAROSUSDT,2026-08-03 15:56:58.935092+00,2026-08-03 16:06:21.068907+00,FVG - 15m Pulido Long,0
ARXUSDT,2026-08-03 16:15:40.572098+00,2026-08-03 16:18:18.600574+00,FVG - 15m Pulido Long,0
RESOLVUSDT,2026-08-03 16:15:48.226957+00,2026-08-03 17:56:40.767314+00,MA Slope Caso 3 Pulido,1
COTIUSDT,2026-08-03 16:53:25.966085+00,2026-08-04 07:30:10.901919+00,FVG - 15m,0
EDENUSDT,2026-08-03 16:53:33.42009+00,2026-08-04 16:55:56.264126+00,MA Slope Caso 2,0
ACXUSDT,2026-08-03 17:30:23.736422+00,2026-08-03 17:55:17.277222+00,FVG - 15m Pulido,1
MANTRAUSDT,2026-08-03 17:47:56.107649+00,2026-08-03 19:20:49.335475+00,FVG - 15m Pulido Long,0
ANTHROPICUSDT,2026-08-03 18:03:45.007975+00,2026-08-05 18:16:18.098142+00,MA Slope Caso 3 Pulido,1
NOMUSDT,2026-08-03 18:03:57.029066+00,2026-08-03 20:19:40.862476+00,Standard Scalping,0
ENAUSDT,2026-08-03 19:15:56.009958+00,2026-08-03 21:10:11.526188+00,FVG - 15m Pulido,1
ZESTUSDT,2026-08-03 19:36:31.995903+00,2026-08-04 09:38:28.291017+00,FVG - 15m Pulido Long,0
AKEUSDT,2026-08-03 23:30:56.25321+00,2026-08-03 23:37:43.231968+00,FVG - 15m Pulido Long,0
BOTUSDT,2026-08-03 23:45:22.404864+00,2026-08-04 01:31:34.856655+00,FVG - 15m Pulido,1
VELVETUSDT,2026-08-04 00:01:43.820335+00,2026-08-04 03:10:23.713203+00,Standard Scalping,0
RIFUSDT,2026-08-04 00:34:56.181893+00,2026-08-04 01:22:16.211482+00,FVG - 15m Pulido Long,0
AWEUSDT,2026-08-04 00:35:05.469968+00,2026-08-05 00:40:15.384797+00,MA Slope Caso 2,0
FIGHTUSDT,2026-08-04 00:49:53.387423+00,2026-08-04 01:43:21.413522+00,Standard Scalping,0
ZHIPUUSDT,2026-08-04 02:08:59.284505+00,2026-08-04 05:52:42.524896+00,MA Clone,0
ZHIPUUSDT,2026-08-04 02:09:05.139162+00,2026-08-04 05:52:38.443471+00,MA Cross Momentum,0
ZHIPUUSDT,2026-08-04 02:09:08.652039+00,2026-08-04 05:52:38.475781+00,Standard Scalping,0
MYXUSDT,2026-08-04 02:38:32.532679+00,2026-08-04 08:21:44.052839+00,MA Cross Momentum,0
MYXUSDT,2026-08-04 02:38:36.365846+00,2026-08-04 04:47:25.901072+00,Standard Scalping,0
PIPPINUSDT,2026-08-04 02:52:10.619179+00,2026-08-04 03:24:29.781935+00,FVG - 15m Pulido,1
KORUUSDT,2026-08-04 03:26:28.453083+00,2026-08-04 05:29:27.105484+00,FVG - 15m Pulido,1
SYNUSDT,2026-08-04 03:59:03.513366+00,2026-08-04 04:45:16.084516+00,FVG - 15m Pulido Long,0
TAGUSDT,2026-08-04 04:46:32.990211+00,2026-08-04 19:37:01.573911+00,FVG - 15m Pulido Long,0
AVAAIUSDT,2026-08-04 06:34:21.599311+00,2026-08-04 08:51:23.892049+00,Standard Scalping,0
AIOUSDT,2026-08-04 07:35:47.848071+00,2026-08-05 22:18:08.725342+00,FVG - 15m,0
ORCLUSDT,2026-08-04 07:35:53.312208+00,2026-08-04 13:32:21.106966+00,FVG - 15m Pulido,1
XLMUSDT,2026-08-04 07:51:37.011536+00,2026-08-05 00:02:45.361496+00,MA Slope Caso 1,0
IBMUSDT,2026-08-04 08:05:52.583902+00,2026-08-04 15:19:52.950043+00,MA Slope Caso 3,1
IBMUSDT,2026-08-04 08:05:56.641386+00,2026-08-04 15:19:53.002523+00,MA Slope Caso 3 Pulido,1
BTWUSDT,2026-08-04 08:21:08.709553+00,2026-08-04 08:23:53.883915+00,FVG - 15m Pulido,1
CRWVUSDT,2026-08-04 09:06:03.914202+00,2026-08-04 10:21:44.82634+00,FVG - 15m Pulido,1
PORTALUSDT,2026-08-04 10:05:57.157808+00,2026-08-05 02:29:34.236254+00,FVG - 15m Pulido Long,0
VANRYUSDT,2026-08-04 11:04:31.643437+00,2026-08-04 11:06:51.22758+00,FVG - 15m Pulido,1
PLTRUSDT,2026-08-04 11:21:45.307217+00,2026-08-04 11:22:51.787675+00,FVG - 15m Pulido,1
SHAZUSDT,2026-08-04 11:21:50.865664+00,2026-08-04 12:02:56.774719+00,MA Clone,0
SHAZUSDT,2026-08-04 11:21:54.389408+00,2026-08-04 12:02:56.803771+00,MA Cross Momentum,0
SHAZUSDT,2026-08-04 11:22:00.360942+00,2026-08-04 12:00:57.237964+00,Standard Scalping,0
ZEREBROUSDT,2026-08-04 12:23:39.601756+00,2026-08-04 18:43:05.549904+00,MA Clone,0
ZEREBROUSDT,2026-08-04 12:23:43.066912+00,2026-08-04 18:43:19.188106+00,MA Cross Momentum,0
ZEREBROUSDT,2026-08-04 12:23:47.051745+00,2026-08-04 18:43:25.184819+00,Standard Scalping,0
ZHIPUUSDT,2026-08-04 12:38:19.608887+00,2026-08-04 13:34:27.916697+00,FVG - 15m Pulido,1
CIENUSDT,2026-08-04 13:40:06.478344+00,2026-08-04 16:19:14.789043+00,FVG - 15m Pulido,1
CBRSUSDT,2026-08-04 13:56:56.864688+00,2026-08-05 19:44:52.128814+00,MA Clone,0
IRENUSDT,2026-08-04 13:57:04.84452+00,2026-08-05 13:27:23.841673+00,MA Cross Momentum,0
IRENUSDT,2026-08-04 13:57:09.477679+00,2026-08-05 13:27:29.869284+00,Standard Scalping,0
QNTXUSDT,2026-08-04 14:37:18.662033+00,2026-08-04 14:45:52.353027+00,FVG - 15m Gap Chico,1
TSLAUSDT,2026-08-04 14:37:24.969606+00,2026-08-07 12:51:02.670686+00,MA Slope Caso 3 Pulido,1
ACXUSDT,2026-08-04 14:53:27.465906+00,2026-08-04 14:56:28.097636+00,FVG - 15m Gap Chico,1
SOONUSDT,2026-08-04 15:10:44.899141+00,2026-08-04 15:12:25.827147+00,FVG - 15m Gap Chico,1
SOONUSDT,2026-08-04 15:10:50.714054+00,2026-08-04 15:12:25.850126+00,FVG - 15m Pulido,1
FHEUSDT,2026-08-04 15:28:39.312776+00,2026-08-04 15:36:54.099654+00,FVG - 15m Gap Chico,0
TRXUSDT,2026-08-04 15:28:47.680098+00,2026-08-09 01:07:34.270532+00,MA Slope Caso 3,1
TRXUSDT,2026-08-04 15:28:52.309943+00,2026-08-09 01:07:41.166246+00,MA Slope Caso 3 Pulido,1
AXTIUSDT,2026-08-04 15:48:17.294338+00,2026-08-04 15:52:16.71723+00,FVG - 15m Gap Chico,1
HK0700USDT,2026-08-04 16:04:11.138609+00,2026-08-05 01:34:18.204405+00,FVG - 15m Gap Chico,0
PIPPINUSDT,2026-08-04 16:21:51.446921+00,2026-08-04 18:24:46.280463+00,FVG - 15m Gap Chico,1
CRWVUSDT,2026-08-04 16:38:25.406219+00,2026-08-04 19:49:05.763874+00,Standard Scalping,0
MINIMAXUSDT,2026-08-04 17:12:42.267762+00,2026-08-06 01:31:36.096623+00,MA Slope Caso 2,0
HANAUSDT,2026-08-04 18:26:07.848597+00,2026-08-04 18:47:01.424022+00,FVG - 15m Gap Chico,0
HYPERUSDT,2026-08-04 18:59:07.306054+00,2026-08-04 21:49:01.7153+00,FVG - 15m Gap Chico,0
COHRUSDT,2026-08-04 19:33:19.700128+00,2026-08-05 02:01:25.440479+00,FVG - 15m Pulido,1
DRIFTUSDT,2026-08-04 19:48:16.61763+00,2026-08-04 20:02:33.974763+00,FVG - 15m Pulido Long,0
AAOIUSDT,2026-08-04 20:02:16.293656+00,2026-08-04 20:05:22.541562+00,FVG - 15m Pulido,1
SOXSUSDT,2026-08-04 20:33:00.450985+00,2026-08-05 00:06:06.06497+00,MA Clone,0
SOXSUSDT,2026-08-04 20:33:03.503837+00,2026-08-04 22:36:15.740733+00,Standard Scalping,0
STARUSDT,2026-08-04 21:47:00.805754+00,2026-08-04 22:11:43.728525+00,FVG - 15m Pulido Long,0
IDOLUSDT,2026-08-04 22:02:40.284812+00,2026-08-04 23:23:18.644342+00,FVG - 15m Gap Chico,0
BANKUSDT,2026-08-04 22:49:44.635385+00,2026-08-04 22:51:12.925528+00,FVG - 15m Pulido Long,0
INTWUSDT,2026-08-04 23:38:12.779831+00,2026-08-04 23:41:03.343289+00,FVG - 15m Gap Chico,1
INTWUSDT,2026-08-04 23:38:16.854889+00,2026-08-04 23:41:03.468734+00,FVG - 15m Pulido,1
USUSDT,2026-08-04 23:53:25.532531+00,2026-08-05 00:07:28.090749+00,FVG - 15m Gap Chico,1
USUSDT,2026-08-04 23:53:28.687386+00,2026-08-05 00:07:28.118136+00,FVG - 15m Pulido,1
VIRTUALUSDT,2026-08-05 00:08:28.594419+00,2026-08-11 00:08:34.922136+00,MA Slope Caso 1,0
ALABUSDT,2026-08-05 00:24:58.124496+00,2026-08-05 11:14:32.516058+00,FVG - 15m Gap Chico,0
PENGUUSDT,2026-08-05 00:53:56.609133+00,2026-08-06 20:07:54.555276+00,MA Slope Caso 2,0
ASTSUSDT,2026-08-05 01:28:20.291993+00,2026-08-05 01:30:54.394304+00,FVG - 15m Pulido,1
AGTUSDT,2026-08-05 01:50:22.109501+00,2026-08-05 01:56:53.175439+00,FVG - 15m Gap Chico,0
ICNTUSDT,2026-08-05 02:37:38.132875+00,2026-08-05 02:38:20.866478+00,FVG - 15m Gap Chico,0
LDOUSDT,2026-08-05 02:37:43.742647+00,2026-08-05 16:22:12.527668+00,FVG - 15m Pulido Long,0
XANUSDT,2026-08-05 02:37:50.421741+00,2026-08-05 03:24:10.392458+00,MA Cross Momentum,0
AXTIUSDT,2026-08-05 03:06:59.667586+00,2026-08-05 03:18:57.241838+00,FVG - 15m Gap Chico,1
IDOLUSDT,2026-08-05 03:24:26.222026+00,2026-08-05 03:51:23.818935+00,FVG - 15m Gap Chico,0
IDOLUSDT,2026-08-05 03:24:30.125178+00,2026-08-05 03:51:23.838404+00,FVG - 15m Pulido Long,0
DRIFTUSDT,2026-08-05 03:54:57.425974+00,2026-08-05 04:00:16.376837+00,FVG - 15m Gap Chico,0
BEATUSDT,2026-08-05 03:55:02.481593+00,2026-08-05 03:59:24.108723+00,FVG - 15m Pulido,1
DRIFTUSDT,2026-08-05 03:55:05.606141+00,2026-08-05 04:00:16.419452+00,FVG - 15m Pulido Long,0
GIGGLEUSDT,2026-08-05 04:09:16.974448+00,2026-08-05 04:47:30.873166+00,FVG - 15m Gap Chico,0
EPICUSDT,2026-08-05 04:09:22.813156+00,2026-08-05 04:09:30.411592+00,FVG - 15m Pulido,1
BULLAUSDT,2026-08-05 04:09:29.064972+00,2026-08-05 04:11:30.22108+00,FVG - 15m Pulido Long,0
AIOUSDT,2026-08-05 04:09:39.424474+00,2026-08-05 11:23:11.719899+00,Standard Scalping,0
PLTRUSDT,2026-08-05 04:26:06.665194+00,2026-08-05 05:51:16.944192+00,FVG - 15m Pulido,1
1000RATSUSDT,2026-08-05 04:26:12.011602+00,2026-08-05 04:47:25.124406+00,MA Clone,0
ZORAUSDT,2026-08-05 04:26:17.216264+00,2026-08-05 05:02:36.008024+00,MA Cross Momentum,0
1000RATSUSDT,2026-08-05 04:26:22.514655+00,2026-08-05 04:47:23.222169+00,Standard Scalping,0
QNTXUSDT,2026-08-05 04:41:50.065981+00,2026-08-05 04:56:25.579996+00,FVG - 15m Pulido,1
UBUSDT,2026-08-05 04:56:28.932691+00,2026-08-05 05:17:19.569626+00,FVG - 15m Gap Chico,0
ICNTUSDT,2026-08-05 05:46:58.307231+00,2026-08-05 06:05:19.674344+00,FVG - 15m Gap Chico,0
KORUUSDT,2026-08-05 05:48:50.856762+00,2026-08-06 00:53:58.213324+00,MA Slope Caso 3 (15m),1
AMDUSDT,2026-08-05 06:06:44.873062+00,2026-08-05 06:11:35.033578+00,FVG - 15m Gap Chico,0
AMDUSDT,2026-08-05 06:06:47.667846+00,2026-08-05 06:11:35.048974+00,FVG - 15m Pulido Long,0
PTBUSDT,2026-08-05 06:22:02.348223+00,2026-08-05 06:23:36.016425+00,FVG - 15m Gap Chico,0
ZHIPUUSDT,2026-08-05 06:22:06.866042+00,2026-08-05 06:26:04.97338+00,FVG - 15m Pulido,1
PTBUSDT,2026-08-05 06:22:09.816005+00,2026-08-05 06:23:36.044442+00,FVG - 15m Pulido Long,0
HOMEUSDT,2026-08-05 07:01:42.25866+00,2026-08-05 07:05:42.262153+00,FVG - 15m Gap Chico,1
TAGUSDT,2026-08-05 07:01:47.299105+00,2026-08-05 18:01:52.116991+00,FVG - 15m Pulido Long,0
COHRUSDT,2026-08-05 07:16:08.166728+00,2026-08-05 08:05:21.793829+00,FVG - 15m Gap Chico,1
COHRUSDT,2026-08-05 07:16:12.580577+00,2026-08-05 08:05:21.827037+00,FVG - 15m Pulido,1
AAOIUSDT,2026-08-05 07:40:49.345448+00,2026-08-05 08:03:07.926212+00,FVG - 15m Pulido,1
GUAUSDT,2026-08-05 08:11:13.492598+00,2026-08-05 08:15:55.806182+00,FVG - 15m Gap Chico,0
CRWVUSDT,2026-08-05 08:26:25.094132+00,2026-08-07 15:34:40.574999+00,Arrow Reversal,1
GIGADEVUSDT,2026-08-05 08:26:30.163552+00,2026-08-05 13:30:28.075808+00,FVG - 15m Gap Chico,1
SOXSUSDT,2026-08-05 08:26:35.402915+00,2026-08-05 13:31:39.800689+00,MA Cross Momentum,0
RKLBUSDT,2026-08-05 08:41:22.746065+00,2026-08-05 08:48:14.81203+00,FVG - 15m Pulido,1
SQQQUSDT,2026-08-05 08:41:31.085041+00,2026-08-05 09:30:20.771455+00,FVG - 15m Pulido Long,0
ASTSUSDT,2026-08-05 08:55:41.774276+00,2026-08-05 08:55:43.151366+00,FVG - 15m Pulido,1
XANUSDT,2026-08-05 09:11:50.20269+00,2026-08-05 10:37:28.583486+00,Standard Scalping,0
FLNCUSDT,2026-08-05 10:39:51.376913+00,2026-08-05 17:45:24.870135+00,FVG - 15m Pulido,1
FLEXUSDT,2026-08-05 10:54:26.997763+00,2026-08-05 11:40:28.584972+00,FVG - 15m Pulido,1
DELLUSDT,2026-08-05 11:24:00.040848+00,2026-08-05 13:29:17.795343+00,FVG - 15m Gap Chico,1
ARIAUSDT,2026-08-05 11:39:51.755545+00,2026-08-05 16:44:55.687183+00,MA Cross Momentum,0
USARUSDT,2026-08-05 12:10:28.285014+00,2026-08-05 13:31:40.042068+00,FVG - 15m Pulido,1
AGTUSDT,2026-08-05 12:55:52.553893+00,2026-08-05 13:41:29.487849+00,FVG - 15m Pulido Long,0
币安人生USDT,2026-08-05 13:42:39.934585+00,2026-08-05 13:46:50.308378+00,FVG - 15m Gap Chico,0
币安人生USDT,2026-08-05 13:42:42.833339+00,2026-08-05 13:46:50.330981+00,FVG - 15m Pulido Long,0
AIAUSDT,2026-08-05 13:57:59.697837+00,2026-08-05 14:00:34.324245+00,FVG - 15m Gap Chico,1
AIAUSDT,2026-08-05 13:58:03.035767+00,2026-08-05 14:00:34.346671+00,FVG - 15m Pulido,1
VICUSDT,2026-08-05 14:13:19.025114+00,2026-08-05 15:15:56.923845+00,FVG - 15m Gap Chico,1
VICUSDT,2026-08-05 14:13:22.385396+00,2026-08-05 15:15:56.939738+00,FVG - 15m Pulido,1
VANRYUSDT,2026-08-05 14:13:28.792458+00,2026-08-05 15:32:22.952959+00,MA Clone,0
VANRYUSDT,2026-08-05 14:13:34.293935+00,2026-08-05 15:15:28.440455+00,Standard Scalping,0
WAXPUSDT,2026-08-05 14:29:13.07467+00,2026-08-07 11:37:15.348138+00,FVG - 15m Gap Chico,0
PTBUSDT,2026-08-05 14:29:21.869332+00,2026-08-05 22:47:00.510745+00,Standard Scalping,0
EULUSDT,2026-08-05 15:15:29.820321+00,2026-08-05 15:19:45.282458+00,FVG - 15m Pulido Long,0
PIPPINUSDT,2026-08-05 15:15:35.498232+00,2026-08-06 09:28:58.999986+00,MA Slope Caso 2,0
KOMAUSDT,2026-08-05 15:31:28.675742+00,2026-08-06 04:15:45.434285+00,FVG - 15m Gap Chico,0
FIDAUSDT,2026-08-05 16:59:38.211659+00,2026-08-05 17:50:27.514149+00,FVG - 15m Pulido Long,0
EVAAUSDT,2026-08-05 17:30:02.445842+00,2026-08-05 17:36:41.376435+00,FVG - 15m Pulido Long,0
ACTUSDT,2026-08-05 17:44:31.274041+00,2026-08-05 19:58:06.572128+00,MA Cross Momentum,0
TLMUSDT,2026-08-05 18:01:07.820212+00,2026-08-05 18:03:04.900317+00,FVG - 15m Pulido Long,0
ARXUSDT,2026-08-05 18:30:58.336848+00,2026-08-06 00:12:29.611304+00,MA Slope Caso 3 (15m),1
MASKUSDT,2026-08-05 18:31:03.677197+00,2026-08-07 01:32:48.857768+00,MA Slope Caso 3 Pulido,1
VELVETUSDT,2026-08-05 19:14:25.728156+00,2026-08-05 19:14:47.098274+00,FVG - 15m Pulido,1
UAIUSDT,2026-08-05 19:44:28.655124+00,2026-08-05 20:20:29.541125+00,FVG - 15m Pulido,1
BIRBUSDT,2026-08-05 20:46:34.765792+00,2026-08-05 21:24:16.867343+00,FVG - 15m Pulido Long,0
INTWUSDT,2026-08-05 21:32:55.544486+00,2026-08-05 22:33:40.56823+00,FVG - 15m Pulido,1
ACXUSDT,2026-08-05 22:32:32.671814+00,2026-08-06 01:20:58.476612+00,FVG - 15m,0
SOMIUSDT,2026-08-06 00:20:46.953383+00,2026-08-06 00:37:28.501458+00,MA Slope Caso 3 (15m),1
龙虾USDT,2026-08-06 00:33:47.872346+00,2026-08-06 00:37:56.725879+00,FVG - 15m Pulido,1
AXSUSDT,2026-08-06 00:33:53.401831+00,2026-08-06 05:07:00.231264+00,MA Cross Momentum,0
COTIUSDT,2026-08-06 00:48:35.331294+00,2026-08-06 02:08:39.363544+00,FVG - 15m Pulido Long,0
TOWNSUSDT,2026-08-06 00:48:41.052092+00,2026-08-06 13:50:00.381316+00,MA Slope Caso 3 (15m),1
NOMUSDT,2026-08-06 00:48:48.92593+00,2026-08-06 04:32:56.505087+00,Standard Scalping,0
METAUSDT,2026-08-06 01:02:18.414372+00,2026-08-07 14:58:12.641796+00,MA Slope Caso 3 (15m),1
STARUSDT,2026-08-06 01:15:33.184417+00,2026-08-06 01:16:33.188921+00,FVG - 15m Pulido Long,0
XNYUSDT,2026-08-06 01:54:53.948751+00,2026-08-07 04:00:04.795741+00,MA Slope Caso 2,0
TUTUSDT,2026-08-06 02:07:51.54459+00,2026-08-06 02:24:58.707428+00,FVG - 15m,1
TUTUSDT,2026-08-06 02:07:55.587569+00,2026-08-06 02:24:58.725025+00,FVG - 15m v2 (filtros minados),1
MYXUSDT,2026-08-06 02:23:05.763218+00,2026-08-06 02:24:55.365436+00,FVG - 15m v2 (filtros minados),0
SKYAIUSDT,2026-08-06 02:48:26.694527+00,2026-08-06 02:54:58.012044+00,FVG - 15m,1
SKYAIUSDT,2026-08-06 02:48:30.215549+00,2026-08-06 02:54:58.062187+00,FVG - 15m v2 (filtros minados),1
JCTUSDT,2026-08-06 02:48:36.547661+00,2026-08-06 09:19:43.141442+00,Standard Scalping,0
ACXUSDT,2026-08-06 03:03:50.384505+00,2026-08-06 04:12:17.64915+00,FVG - 15m,0
LABUSDT,2026-08-06 03:03:54.853539+00,2026-08-06 03:07:34.490829+00,FVG - 15m v2 (filtros minados),1
VELVETUSDT,2026-08-06 03:21:21.272207+00,2026-08-06 03:37:17.97412+00,FVG - 15m v2 (filtros minados),0
CAPUSDT,2026-08-06 03:50:39.540087+00,2026-08-06 03:54:09.619523+00,FVG - 15m v2 (filtros minados),0
MYXUSDT,2026-08-06 04:22:36.114644+00,2026-08-06 04:26:46.616023+00,FVG - 15m,0
MYXUSDT,2026-08-06 04:22:39.724013+00,2026-08-06 04:26:46.632935+00,FVG - 15m v2 (filtros minados),0
HOMEUSDT,2026-08-06 04:37:23.268546+00,2026-08-06 06:20:25.825742+00,FVG - 15m,1
HOMEUSDT,2026-08-06 04:37:27.294952+00,2026-08-06 06:20:25.846328+00,FVG - 15m v2 (filtros minados),1
UBUSDT,2026-08-06 04:51:23.479322+00,2026-08-06 05:08:51.584944+00,FVG - 15m v2 (filtros minados),1
SPCXUSDT,2026-08-06 05:06:32.047647+00,2026-08-06 05:13:20.583288+00,FVG - 15m v2 (filtros minados),0
MVLLUSDT,2026-08-06 05:22:43.68724+00,2026-08-06 05:51:25.68856+00,FVG - 15m v2 (filtros minados),0
INTWUSDT,2026-08-06 05:36:25.952021+00,2026-08-06 13:31:59.596909+00,FVG - 15m v2 (filtros minados),1
LIGHTUSDT,2026-08-06 06:03:35.325131+00,2026-08-06 06:51:04.206179+00,FVG - 15m v2 (filtros minados),1
ESPORTSUSDT,2026-08-06 06:33:39.504533+00,2026-08-06 07:15:31.970256+00,FVG - 15m,1
AXTIUSDT,2026-08-06 06:33:45.332557+00,2026-08-06 06:37:40.336305+00,FVG - 15m v2 (filtros minados),0
EPICUSDT,2026-08-06 06:47:01.686347+00,2026-08-06 09:08:04.037582+00,FVG - 15m v2 (filtros minados),0
INXUSDT,2026-08-06 07:00:27.418889+00,2026-08-06 07:05:19.351414+00,FVG - 15m v2 (filtros minados),0
SIGNUSDT,2026-08-06 07:30:04.676022+00,2026-08-06 11:06:04.642096+00,FVG - 15m,0
SIGNUSDT,2026-08-06 07:30:07.548423+00,2026-08-06 11:06:04.661337+00,FVG - 15m v2 (filtros minados),0
FLNCUSDT,2026-08-06 09:09:07.007884+00,2026-08-06 12:46:27.915494+00,FVG - 15m v2 (filtros minados),0
PENGUSDT,2026-08-06 09:37:44.198064+00,2026-08-06 13:33:04.80479+00,MA Slope Caso 2,0
TRADOORUSDT,2026-08-06 10:06:41.825671+00,2026-08-06 11:59:45.013793+00,Standard Scalping,0
SYNUSDT,2026-08-06 11:15:26.187214+00,2026-08-07 03:13:56.779488+00,FVG - 15m,1
COOKIEUSDT,2026-08-06 11:15:31.952097+00,2026-08-06 11:46:45.245433+00,FVG - 15m v2 (filtros minados),0
ALABUSDT,2026-08-06 11:56:44.105339+00,2026-08-06 12:09:33.039856+00,FVG - 15m v2 (filtros minados),0
COTIUSDT,2026-08-06 12:11:25.596726+00,2026-08-06 12:18:43.463996+00,FVG - 15m v2 (filtros minados),1
UAIUSDT,2026-08-06 12:26:35.683662+00,2026-08-06 12:54:17.157293+00,FVG - 15m v2 (filtros minados),0
DODOXUSDT,2026-08-06 12:53:06.583714+00,2026-08-06 12:53:07.544501+00,FVG - 15m v2 (filtros minados),1
MINIMAXUSDT,2026-08-06 13:06:36.596801+00,2026-08-06 13:46:35.099423+00,FVG - 15m v2 (filtros minados),1
ZEREBROUSDT,2026-08-06 13:22:27.863012+00,2026-08-06 13:59:58.876818+00,FVG - 15m v2 (filtros minados),0
STOUSDT,2026-08-06 13:36:43.163003+00,2026-08-06 13:53:47.299365+00,FVG - 15m v2 (filtros minados),0
AIAUSDT,2026-08-06 13:36:50.787702+00,2026-08-07 20:24:34.377976+00,MA Slope Caso 2,0
JCTUSDT,2026-08-06 13:50:03.920561+00,2026-08-06 14:14:27.063197+00,FVG - 15m v2 (filtros minados),1
ADAUSDT,2026-08-06 13:50:09.194579+00,2026-08-06 14:13:08.41373+00,MA Slope Caso 3 (15m),1
TAGUSDT,2026-08-06 13:50:15.560965+00,2026-08-06 16:32:52.766429+00,Standard Scalping,0
WDCUSDT,2026-08-06 14:03:26.213837+00,2026-08-07 05:08:38.635982+00,FVG - 15m v2 (filtros minados),0
WDCUSDT,2026-08-06 14:03:29.548329+00,2026-08-06 19:24:54.734907+00,Standard Scalping,0
TUTUSDT,2026-08-06 14:17:04.328703+00,2026-08-06 15:28:27.35203+00,FVG - 15m v2 (filtros minados),1
ILVUSDT,2026-08-06 14:17:09.775714+00,2026-08-06 16:41:15.359363+00,MA Slope Caso 3 (15m),1
SNDKUSDT,2026-08-06 14:33:21.129075+00,2026-08-06 20:02:10.640669+00,FVG - 15m v2 (filtros minados),0
HEMIUSDT,2026-08-06 15:03:53.750282+00,2026-08-06 17:20:35.128644+00,Standard Scalping,0
FIDAUSDT,2026-08-06 16:16:40.818386+00,2026-08-06 16:19:08.078736+00,FVG - 15m v2 (filtros minados),0
BEATUSDT,2026-08-06 16:32:20.296329+00,2026-08-06 16:38:42.580382+00,FVG - 15m v2 (filtros minados),0
TUSDT,2026-08-06 16:48:16.620997+00,2026-08-07 00:09:06.924366+00,MA Slope Caso 3 (15m),1
BELUSDT,2026-08-06 16:48:23.496628+00,2026-08-06 18:15:45.672092+00,Standard Scalping,0
SNXXUSDT,2026-08-06 17:03:39.272276+00,2026-08-06 17:14:48.450669+00,FVG - 15m v2 (filtros minados),0
AKEUSDT,2026-08-06 17:33:57.669779+00,2026-08-06 18:30:32.891754+00,FVG - 15m v2 (filtros minados),1
FHEUSDT,2026-08-06 18:38:08.549525+00,2026-08-06 23:06:06.518439+00,FVG - 15m v2 (filtros minados),1
LUMIAUSDT,2026-08-06 19:46:11.384363+00,2026-08-06 22:03:48.42726+00,Standard Scalping,0
SOXLUSDT,2026-08-06 20:07:31.429362+00,2026-08-06 20:58:05.240958+00,FVG - 15m v2 (filtros minados),1
WIFUSDT,2026-08-06 20:22:14.919917+00,2026-08-07 20:35:55.73108+00,MA Slope Caso 2,0
KOMAUSDT,2026-08-06 20:58:14.291531+00,2026-08-06 21:01:28.585702+00,FVG - 15m v2 (filtros minados),0
ARIAUSDT,2026-08-06 21:10:06.310143+00,2026-08-06 22:04:17.982629+00,FVG - 15m v2 (filtros minados),1
HEIUSDT,2026-08-06 22:15:15.7984+00,2026-08-06 22:15:17.048169+00,FVG - 15m v2 (filtros minados),1
GRVTUSDT,2026-08-06 22:39:54.35778+00,2026-08-07 00:46:33.501913+00,FVG - 15m v2 (filtros minados),0
ACEUSDT,2026-08-06 22:55:13.919416+00,2026-08-07 00:44:17.725106+00,Standard Scalping,1
MMTUSDT,2026-08-06 23:32:03.283854+00,2026-08-07 00:08:42.32626+00,FVG - 15m v2 (filtros minados),1
GUNUSDT,2026-08-07 00:08:52.535292+00,2026-08-07 00:23:04.194154+00,FVG - 15m v2 (filtros minados),0
USARUSDT,2026-08-07 00:21:22.880995+00,2026-08-07 08:26:50.222233+00,MA Slope Caso 3 (15m),1
RESOLVUSDT,2026-08-07 00:32:48.13486+00,2026-08-07 13:23:56.551569+00,FVG - 15m v2 (filtros minados),1
GENIUSUSDT,2026-08-07 01:10:48.636724+00,2026-08-07 23:43:04.661526+00,FVG - 15m v2 (filtros minados),0
EDENUSDT,2026-08-07 01:35:02.457857+00,2026-08-08 01:11:57.631758+00,MA Slope Caso 3 Pulido,1
SKYAIUSDT,2026-08-07 02:36:39.445246+00,2026-08-07 10:52:52.879879+00,Arrow Reversal,1
BTWUSDT,2026-08-07 03:17:39.331798+00,2026-08-07 03:59:25.27082+00,FVG - 15m,1
APPUSDT,2026-08-07 03:59:31.071778+00,2026-08-07 04:16:51.954317+00,FVG - 15m,0
PIXELUSDT,2026-08-07 03:59:41.089699+00,2026-08-07 04:37:06.401191+00,Standard Scalping,0
BTCUSDT,2026-08-07 04:15:50.768228+00,2026-08-10 15:55:55.519953+00,MA Slope Caso 2,0
BLESSUSDT,2026-08-07 04:30:14.400874+00,2026-08-07 05:11:43.887011+00,FVG - 15m,1
AIOUSDT,2026-08-07 05:08:11.284365+00,2026-08-07 09:51:34.185791+00,Standard Scalping,0
GUAUSDT,2026-08-07 05:25:32.346727+00,2026-08-07 07:52:48.153474+00,FVG - 15m,0
BLUAIUSDT,2026-08-07 05:25:40.834931+00,2026-08-07 06:05:09.641493+00,FVG - 15m v2 (filtros minados),1
C98USDT,2026-08-07 05:25:46.585893+00,2026-08-07 07:55:05.31502+00,Standard Scalping,0
GRVTUSDT,2026-08-07 05:39:58.350192+00,2026-08-07 06:36:36.696464+00,Standard Scalping,0
ACXUSDT,2026-08-07 06:15:23.036718+00,2026-08-07 07:02:23.807504+00,FVG - 15m v2 (filtros minados),0
EULUSDT,2026-08-07 07:05:22.958335+00,2026-08-07 07:08:54.417993+00,FVG - 15m v2 (filtros minados),0
CTSIUSDT,2026-08-07 07:18:50.937565+00,2026-08-07 22:47:06.515291+00,FVG - 15m v2 (filtros minados),1
NOMUSDT,2026-08-07 07:56:02.184036+00,2026-08-07 09:41:38.11245+00,FVG - 15m,0
ADAUSDT,2026-08-07 08:33:09.374994+00,2026-08-12 14:52:09.217306+00,MA Slope Caso 3 (15m),1
JCTUSDT,2026-08-07 09:46:29.311651+00,2026-08-07 17:29:38.947096+00,FVG - 15m,0
LITEUSDT,2026-08-07 09:58:02.416502+00,2026-08-07 13:29:03.875882+00,Standard Scalping,0
KMNOUSDT,2026-08-07 11:10:22.023607+00,2026-08-07 11:51:22.233631+00,Standard Scalping,0
SPACEUSDT,2026-08-07 12:38:25.634043+00,2026-08-11 07:49:19.154729+00,MA Slope Caso 1,0
CAPUSDT,2026-08-07 12:50:40.39535+00,2026-08-08 01:38:33.566823+00,Standard Scalping,0
CARVUSDT,2026-08-07 13:02:39.421947+00,2026-08-07 14:02:00.265416+00,Standard Scalping,0
ENSUSDT,2026-08-07 13:15:00.176929+00,2026-08-08 04:01:39.991091+00,MA Slope Caso 3 Pulido,1
INXUSDT,2026-08-07 13:28:14.909584+00,2026-08-07 15:02:03.188971+00,FVG - 15m v2 (filtros minados),0
MINIMAXUSDT,2026-08-07 15:06:09.419178+00,2026-08-07 18:22:10.45665+00,FVG - 15m v2 (filtros minados),1
XAUUSDT,2026-08-07 15:06:14.824293+00,2026-08-09 15:06:59.219053+00,MA Slope Caso 3 (15m),1
CRDOUSDT,2026-08-07 16:02:08.862295+00,2026-08-07 16:31:43.768567+00,Standard Scalping,0
RECALLUSDT,2026-08-07 16:15:33.206047+00,2026-08-07 16:59:35.831956+00,Standard Scalping,0
AINUSDT,2026-08-07 17:38:19.415729+00,2026-08-07 17:45:28.730248+00,FVG - 15m,1
龙虾USDT,2026-08-07 17:51:04.084244+00,2026-08-07 18:12:04.309064+00,FVG - 15m,0
HEIUSDT,2026-08-07 18:19:13.268338+00,2026-08-08 02:34:40.994887+00,FVG - 15m,0
MYXUSDT,2026-08-07 18:32:13.702908+00,2026-08-07 23:26:39.939934+00,FVG - 15m v2 (filtros minados),0
TRBUSDT,2026-08-07 20:35:35.052871+00,2026-08-11 08:00:47.547723+00,MA Slope Caso 2,0
PEOPLEUSDT,2026-08-07 20:48:51.420333+00,2026-08-08 21:18:31.832425+00,MA Slope Caso 2,0
CARVUSDT,2026-08-07 22:23:55.491401+00,2026-08-08 00:33:42.006002+00,Standard Scalping,0
SHAZUSDT,2026-08-07 22:49:24.253315+00,2026-08-07 23:02:02.444026+00,FVG - 15m v2 (filtros minados),0
BSPUSDT,2026-08-07 23:02:49.954202+00,2026-08-09 03:52:05.521234+00,FVG - 15m v2 (filtros minados),0
ACEUSDT,2026-08-07 23:30:15.737157+00,2026-08-08 00:15:20.336859+00,FVG - 15m v2 (filtros minados),1
KGENUSDT,2026-08-07 23:55:57.59347+00,2026-08-08 05:58:05.287623+00,FVG - 15m v2 (filtros minados),0
UBUSDT,2026-08-08 00:22:01.457119+00,2026-08-08 02:57:23.707594+00,FVG - 15m v2 (filtros minados),0
BABAUSDT,2026-08-08 01:25:27.075711+00,2026-08-08 17:42:05.64151+00,MA Slope Caso 3 Pulido,1
PORTALUSDT,2026-08-08 02:43:45.66213+00,2026-08-08 02:58:22.15354+00,FVG - 15m,0
COTIUSDT,2026-08-08 03:22:13.848272+00,2026-08-08 04:12:30.282257+00,FVG - 15m,0
COTIUSDT,2026-08-08 03:22:18.205083+00,2026-08-08 04:12:30.26789+00,FVG - 15m v2 (filtros minados),0
4USDT,2026-08-08 03:55:14.631816+00,2026-08-08 04:00:27.361838+00,Standard Scalping,0
DKNGUSDT,2026-08-08 04:08:32.798062+00,2026-08-08 14:35:46.761641+00,MA Slope Caso 3 Pulido,1
ALLOUSDT,2026-08-08 04:23:15.969583+00,2026-08-08 05:55:37.455299+00,FVG - 15m,1
ALLOUSDT,2026-08-08 04:23:19.782172+00,2026-08-08 05:55:37.470308+00,FVG - 15m v2 (filtros minados),1
CTSIUSDT,2026-08-08 04:35:25.108168+00,2026-08-08 05:38:13.67498+00,Standard Scalping,0
GRIFFAINUSDT,2026-08-08 04:48:18.211418+00,2026-08-08 05:45:38.268311+00,Standard Scalping,0
SKYAIUSDT,2026-08-08 06:02:37.961806+00,2026-08-08 07:42:12.752681+00,FVG - 15m,1
EPICUSDT,2026-08-08 06:02:42.206932+00,2026-08-09 07:13:12.171657+00,FVG - 15m v2 (filtros minados),1
REUSDT,2026-08-08 06:14:43.565621+00,2026-08-08 06:34:47.011082+00,FVG - 15m v2 (filtros minados),1
SIRENUSDT,2026-08-08 06:40:09.61982+00,2026-08-08 10:19:15.647172+00,FVG - 15m v2 (filtros minados),1
XAIUSDT,2026-08-08 07:53:36.222122+00,2026-08-08 07:54:03.427876+00,FVG - 15m,0
COOKIEUSDT,2026-08-08 08:05:05.977859+00,2026-08-08 09:00:37.051303+00,FVG - 15m,0
HMSTRUSDT,2026-08-08 08:05:11.678972+00,2026-08-08 18:01:38.189022+00,Standard Scalping,0
USELESSUSDT,2026-08-08 09:05:59.026971+00,2026-08-08 10:07:30.457582+00,FVG - 15m,0
C98USDT,2026-08-08 10:18:26.528725+00,2026-08-08 10:45:57.460389+00,FVG - 15m,0
1000BONKUSDT,2026-08-08 10:29:42.539693+00,2026-08-08 11:46:14.475817+00,FVG - 15m v2 (filtros minados),0
HOMEUSDT,2026-08-08 10:53:46.153977+00,2026-08-08 11:02:06.050959+00,FVG - 15m,0
CRDOUSDT,2026-08-08 11:05:47.886498+00,2026-08-08 11:12:21.896931+00,FVG - 15m,1
BICOUSDT,2026-08-08 11:18:48.82241+00,2026-08-08 16:19:12.652446+00,FVG - 15m,1
GUAUSDT,2026-08-08 11:53:50.164771+00,2026-08-08 12:45:02.840428+00,FVG - 15m v2 (filtros minados),0
TSTUSDT,2026-08-08 11:53:54.802014+00,2026-08-08 12:18:38.968346+00,Standard Scalping,0
GRIFFAINUSDT,2026-08-08 12:18:31.764302+00,2026-08-09 02:47:26.47022+00,Standard Scalping,0
POWERUSDT,2026-08-08 12:18:39.446098+00,2026-08-08 13:21:14.328016+00,Standard Scalping,0
BSBUSDT,2026-08-08 12:53:38.138438+00,2026-08-08 13:37:00.833679+00,FVG - 15m v2 (filtros minados),0
AIOUSDT,2026-08-08 13:41:08.39896+00,2026-08-08 13:44:48.836235+00,FVG - 15m v2 (filtros minados),0
ACTUSDT,2026-08-08 13:54:03.374831+00,2026-08-09 07:27:19.337719+00,FVG - 15m v2 (filtros minados),0
XAIUSDT,2026-08-08 14:05:39.713813+00,2026-08-08 15:34:37.688343+00,Standard Scalping,1
COHRUSDT,2026-08-08 14:30:04.807813+00,2026-08-10 00:12:47.4328+00,Arrow Reversal,1
ONDSUSDT,2026-08-08 14:42:03.755103+00,2026-08-10 00:32:28.553638+00,MA Slope Caso 3 Pulido,1
GUNUSDT,2026-08-08 15:57:34.293902+00,2026-08-08 17:05:42.624664+00,Standard Scalping,0
MMTUSDT,2026-08-08 16:22:17.440592+00,2026-08-08 16:27:22.970332+00,FVG - 15m,1
CARVUSDT,2026-08-08 16:34:04.947872+00,2026-08-08 19:45:58.355323+00,FVG - 15m,0
NFLXUSDT,2026-08-08 17:46:19.037199+00,2026-08-10 00:32:32.624959+00,MA Slope Caso 3 Pulido,1
MAGICUSDT,2026-08-08 19:48:55.063132+00,2026-08-09 00:19:16.390043+00,FVG - 15m,0
NILUSDT,2026-08-08 21:22:47.328833+00,2026-08-09 03:21:20.296509+00,MA Slope Caso 2,0
PYTHUSDT,2026-08-08 23:16:00.588764+00,2026-08-09 01:00:37.81055+00,Standard Scalping,0
UBUSDT,2026-08-09 00:27:04.759449+00,2026-08-09 01:50:50.635937+00,FVG - 15m,0
MAGMAUSDT,2026-08-09 00:27:10.361745+00,2026-08-09 02:30:44.580463+00,Standard Scalping,0
MORPHOUSDT,2026-08-09 01:23:08.677282+00,2026-08-10 10:06:39.246278+00,MA Slope Caso 3,1
MORPHOUSDT,2026-08-09 01:23:12.230994+00,2026-08-10 02:49:33.975753+00,MA Slope Caso 3 Pulido,1
AXTIUSDT,2026-08-09 01:38:07.399024+00,2026-08-09 13:04:18.085725+00,Arrow Reversal,1
BTRUSDT,2026-08-09 01:38:17.365253+00,2026-08-09 02:25:29.660134+00,Standard Scalping,0
DUSKUSDT,2026-08-09 01:52:04.160628+00,2026-08-09 02:08:50.690776+00,FVG - 15m,0
SXTUSDT,2026-08-09 02:18:06.796082+00,2026-08-09 04:55:22.820215+00,FVG - 15m,0
ZHIPUUSDT,2026-08-09 03:09:35.053409+00,2026-08-09 07:10:36.081756+00,FVG - 15m,1
ERAUSDT,2026-08-09 03:23:42.948644+00,2026-08-11 07:26:00.557271+00,MA Slope Caso 2,0
IOTXUSDT,2026-08-09 05:02:25.254339+00,2026-08-09 05:08:39.725335+00,FVG - 15m,1
STGUSDT,2026-08-09 05:16:12.782321+00,2026-08-09 07:21:19.603502+00,FVG - 15m,0
PLAYUSDT,2026-08-09 06:42:13.781175+00,2026-08-09 07:13:55.667989+00,Standard Scalping,0
SNXXUSDT,2026-08-09 07:26:56.188246+00,2026-08-09 08:17:57.31482+00,FVG - 15m,0
BROCCOLI714USDT,2026-08-09 07:41:17.643436+00,2026-08-09 09:01:05.019693+00,FVG - 15m,1
ONUSDT,2026-08-09 07:54:51.833662+00,2026-08-09 10:17:35.36427+00,Standard Scalping,0
B2USDT,2026-08-09 08:23:33.070515+00,2026-08-09 08:25:43.624652+00,FVG - 15m,0
CTSIUSDT,2026-08-09 08:38:30.70586+00,2026-08-09 08:41:00.87725+00,FVG - 15m,0
ACEUSDT,2026-08-09 08:52:19.534213+00,2026-08-09 09:06:08.818258+00,FVG - 15m,1
INXUSDT,2026-08-09 09:06:10.273532+00,2026-08-09 09:23:18.541594+00,FVG - 15m,0
NILUSDT,2026-08-09 09:21:37.911588+00,2026-08-09 15:27:21.444683+00,FVG - 15m,0
BILLUSDT,2026-08-09 09:21:44.470271+00,2026-08-09 12:03:14.568802+00,Standard Scalping,0
龙虾USDT,2026-08-09 09:35:54.239494+00,2026-08-09 09:56:53.008282+00,FVG - 15m,1
LUMIAUSDT,2026-08-09 10:03:45.777893+00,2026-08-09 12:01:03.525035+00,FVG - 15m,1
HMSTRUSDT,2026-08-09 11:25:21.390078+00,2026-08-09 13:00:49.312964+00,Standard Scalping,0
THEUSDT,2026-08-09 11:48:42.284882+00,2026-08-09 12:06:27.252552+00,Standard Scalping,0
BLESSUSDT,2026-08-09 12:01:23.817953+00,2026-08-10 11:49:05.660408+00,FVG - 15m,1
CATIUSDT,2026-08-09 12:46:57.699003+00,2026-08-09 14:31:10.306663+00,Standard Scalping,0
BELUSDT,2026-08-09 13:34:58.654157+00,2026-08-10 07:02:32.917592+00,Standard Scalping,0
CGPTUSDT,2026-08-09 14:44:40.813223+00,2026-08-09 18:45:20.698079+00,Standard Scalping,0
DOLOUSDT,2026-08-09 15:19:52.855617+00,2026-08-10 00:41:07.59171+00,MA Slope Caso 3 (15m),1
C98USDT,2026-08-09 15:34:09.07208+00,2026-08-10 02:55:37.617567+00,FVG - 15m,0
INXUSDT,2026-08-09 15:34:18.981508+00,2026-08-10 03:40:32.20628+00,Standard Scalping,0
CHILLGUYUSDT,2026-08-09 19:48:55.710076+00,2026-08-09 20:23:40.847809+00,Standard Scalping,0
BBUSDT,2026-08-09 21:36:24.372139+00,2026-08-10 00:26:48.805663+00,Standard Scalping,0
HANAUSDT,2026-08-10 00:43:49.37483+00,2026-08-10 18:01:14.01783+00,MA Slope Caso 3 (15m),1
ESPORTSUSDT,2026-08-10 01:19:22.590226+00,2026-08-10 03:27:53.398245+00,Standard Scalping,1
HEIUSDT,2026-08-10 03:00:55.237438+00,2026-08-10 05:36:58.966713+00,FVG - 15m,0
DODOXUSDT,2026-08-10 03:53:03.362552+00,2026-08-10 19:28:21.203969+00,FVG - 15m v3 (anti-racha),0
ZESTUSDT,2026-08-10 04:04:16.946856+00,2026-08-10 05:58:27.299089+00,FVG - 15m v3 (anti-racha),0
XNYUSDT,2026-08-10 04:15:32.957153+00,2026-08-10 12:42:45.839503+00,FVG - 15m v3 (anti-racha),1
SAGAUSDT,2026-08-10 05:40:52.627899+00,2026-08-10 17:25:45.712705+00,FVG - 15m,0
NILUSDT,2026-08-10 06:04:02.26958+00,2026-08-10 06:25:49.375354+00,FVG - 15m v3 (anti-racha),1
MAGMAUSDT,2026-08-10 06:26:39.609703+00,2026-08-10 09:42:40.233827+00,FVG - 15m v3 (anti-racha),0
龙虾USDT,2026-08-10 06:38:24.726048+00,2026-08-10 07:23:16.945307+00,Standard Scalping,0
我踏马来了USDT,2026-08-10 07:49:28.386844+00,2026-08-10 09:49:33.357225+00,Standard Scalping,0
BEATUSDT,2026-08-10 09:49:00.097+00,2026-08-10 09:58:35.697529+00,FVG - 15m v3 (anti-racha),1
BICOUSDT,2026-08-10 10:00:50.310513+00,2026-08-11 01:50:42.261391+00,FVG - 15m v3 (anti-racha),0
ETHUSDT,2026-08-10 10:13:39.120187+00,2026-08-18 23:49:04.374628+00,MA Slope Caso 3,1
我踏马来了USDT,2026-08-10 11:00:04.006984+00,2026-08-10 13:56:50.556669+00,Standard Scalping,0
FHEUSDT,2026-08-10 12:00:29.379707+00,2026-08-10 12:19:30.222687+00,FVG - 15m,0
THEUSDT,2026-08-10 12:24:05.063013+00,2026-08-11 03:25:59.763042+00,FVG - 15m,0
USELESSUSDT,2026-08-10 12:36:54.728474+00,2026-08-10 13:56:28.508641+00,Standard Scalping,0
1000CATUSDT,2026-08-10 12:48:16.843785+00,2026-08-10 13:21:31.935442+00,FVG - 15m v3 (anti-racha),0
SKYAIUSDT,2026-08-10 13:24:06.157068+00,2026-08-10 13:31:44.857214+00,FVG - 15m v3 (anti-racha),0
MVLLUSDT,2026-08-10 13:24:10.542907+00,2026-08-10 13:34:24.188912+00,Standard Scalping,0
ESPUSDT,2026-08-10 13:37:05.992817+00,2026-08-10 15:38:53.112904+00,FVG - 15m v3 (anti-racha),0
SOXSUSDT,2026-08-10 13:49:00.261224+00,2026-08-10 23:57:54.146468+00,Standard Scalping,0
ROBOUSDT,2026-08-10 14:01:43.792152+00,2026-08-10 14:49:58.382319+00,Standard Scalping,0
LIGHTUSDT,2026-08-10 15:27:56.243546+00,2026-08-10 19:32:51.200793+00,Standard Scalping,0
CATIUSDT,2026-08-10 15:41:09.754387+00,2026-08-10 17:40:48.728178+00,FVG - 15m v3 (anti-racha),0
SOLVUSDT,2026-08-10 17:29:26.718657+00,2026-08-10 17:35:46.859174+00,FVG - 15m,0
BSPUSDT,2026-08-10 17:29:38.341764+00,2026-08-10 18:11:25.39931+00,Standard Scalping,0
GUAUSDT,2026-08-10 17:42:08.870855+00,2026-08-10 23:01:20.477606+00,FVG - 15m,1
GUAUSDT,2026-08-10 17:42:12.189939+00,2026-08-10 23:01:20.460266+00,FVG - 15m v3 (anti-racha),1
CRWDUSDT,2026-08-10 18:09:30.239754+00,2026-08-11 02:17:44.821217+00,MA Slope Caso 3 (15m),1
JOEUSDT,2026-08-10 19:32:59.674097+00,2026-08-10 20:04:35.578727+00,FVG - 15m v3 (anti-racha),0
XANUSDT,2026-08-10 20:11:50.74768+00,2026-08-10 20:15:05.866958+00,FVG - 15m v3 (anti-racha),0
ACEUSDT,2026-08-10 20:26:20.889487+00,2026-08-11 05:26:46.350762+00,FVG - 15m v3 (anti-racha),0
ACTUSDT,2026-08-10 20:26:25.573198+00,2026-08-10 23:30:28.346758+00,Standard Scalping,0
AKEUSDT,2026-08-10 21:19:41.811442+00,2026-08-10 21:24:23.421873+00,Standard Scalping,0
VELODROMEUSDT,2026-08-10 23:03:28.987494+00,2026-08-11 03:00:16.611645+00,FVG - 15m,0
VELODROMEUSDT,2026-08-10 23:03:33.585532+00,2026-08-11 03:00:16.638272+00,FVG - 15m v3 (anti-racha),0
ZHIPUUSDT,2026-08-11 00:58:45.198879+00,2026-08-13 02:23:14.397528+00,MA Slope Caso 3,1
BROCCOLIF3BUSDT,2026-08-11 03:02:51.393339+00,2026-08-17 23:54:40.779144+00,FVG - 15m,0
BULLAUSDT,2026-08-11 03:10:59.655267+00,2026-08-11 10:21:17.963122+00,FVG - 15m v3 (anti-racha),1
C98USDT,2026-08-11 03:33:35.450517+00,2026-08-11 05:55:09.76365+00,FVG - 15m,0
COHRUSDT,2026-08-11 03:56:13.383722+00,2026-08-11 05:28:37.313931+00,FVG - 15m v3 (anti-racha),0
MERLUSDT,2026-08-11 04:59:12.567039+00,2026-08-11 05:18:41.173345+00,Standard Scalping,0
FORMUSDT,2026-08-11 05:55:34.059488+00,2026-08-11 05:59:26.96243+00,FVG - 15m,0
HMSTRUSDT,2026-08-11 06:04:17.164077+00,2026-08-11 06:04:47.205946+00,FVG - 15m,0
BSPUSDT,2026-08-11 06:14:09.595131+00,2026-08-11 07:16:31.230733+00,FVG - 15m,1
BANKUSDT,2026-08-11 07:25:34.773511+00,2026-08-12 19:30:43.657217+00,FVG - 15m,1
GENIUSUSDT,2026-08-11 15:11:48.759514+00,2026-08-11 17:13:39.705794+00,MA Slope Caso 3,1
CGPTUSDT,2026-08-11 15:55:25.966816+00,2026-08-11 17:03:01.289424+00,FVG - 15m,0
BMTUSDT,2026-08-11 16:32:59.920034+00,2026-08-11 18:00:30.063312+00,Level Sweep 1H (laboratorio),1
GWEIUSDT,2026-08-11 16:42:14.611659+00,2026-08-12 21:44:23.65784+00,Level Sweep 1H (laboratorio),1
SAMSUNGUSDT,2026-08-11 16:50:26.430368+00,2026-08-12 00:15:58.304369+00,Level Sweep 1H (laboratorio),1
MUBARAKUSDT,2026-08-11 17:06:56.005223+00,2026-08-11 17:26:30.011533+00,FVG - 15m,0
TRXUSDT,2026-08-11 17:18:19.078519+00,2026-08-20 09:08:20.089322+00,MA Slope Caso 3,1
DODOXUSDT,2026-08-11 17:30:18.095264+00,2026-08-12 05:05:41.665848+00,FVG - 15m,0
GIGGLEUSDT,2026-08-11 18:09:37.892646+00,2026-08-13 15:53:00.320741+00,Level Sweep 1H (laboratorio),1
AVAXUSDT,2026-08-11 23:58:25.398052+00,2026-08-12 07:31:00.112767+00,Death Cross (SMA50/200 4h),1
DOTUSDT,2026-08-12 00:11:20.521983+00,2026-08-12 01:07:09.824047+00,Death Cross (SMA50/200 4h),1
PRLUSDT,2026-08-12 00:34:20.76652+00,2026-08-13 10:18:24.648107+00,Level Sweep 1H (laboratorio),1
PROMUSDT,2026-08-12 03:05:30.792538+00,2026-08-12 03:12:20.359887+00,Band Touch 15m (laboratorio),1
CAPUSDT,2026-08-12 03:06:12.362022+00,2026-08-13 04:58:13.006433+00,Level Sweep 60m SL1.5 RR3 (laboratorio),1
CSOPSKHYNIX2LUSDT,2026-08-12 03:28:45.663336+00,2026-08-12 19:05:20.916389+00,Band Touch 15m (laboratorio),1
DOTUSDT,2026-08-12 03:29:01.498623+00,2026-08-12 14:35:17.597861+00,Death Cross (SMA50/200 4h),1
HOLOUSDT,2026-08-12 03:29:56.512975+00,2026-08-13 00:30:05.196426+00,Level Sweep 60m SL1.5 RR3 (laboratorio),1
EDUUSDT,2026-08-12 03:50:57.791629+00,2026-08-13 23:24:56.592935+00,Band Touch 15m (laboratorio),1
4USDT,2026-08-12 03:51:45.604929+00,2026-08-13 03:58:12.897548+00,Level Sweep 60m SL1.5 RR3 (laboratorio),1
REUSDT,2026-08-12 04:15:49.7193+00,2026-08-13 04:58:17.297441+00,Band Touch 15m (laboratorio),1
NILUSDT,2026-08-12 05:25:24.184205+00,2026-08-12 05:34:45.850801+00,FVG - 15m,0
SIRENUSDT,2026-08-12 05:41:31.929739+00,2026-08-12 07:18:14.080372+00,FVG - 15m,0
TUTUSDT,2026-08-12 07:19:12.510901+00,2026-08-12 15:00:12.445555+00,FVG - 15m,0
MUBARAKUSDT,2026-08-12 15:11:32.508888+00,2026-08-12 15:24:21.398027+00,FVG - 15m,0
龙虾USDT,2026-08-12 15:26:12.326485+00,2026-08-12 16:03:11.174061+00,FVG - 15m,0
BEATUSDT,2026-08-12 16:13:59.484826+00,2026-08-12 16:14:28.910872+00,FVG - 15m,1
HEIUSDT,2026-08-12 16:22:33.61121+00,2026-08-12 23:39:14.829347+00,FVG - 15m,0
BMTUSDT,2026-08-12 19:11:52.148779+00,2026-08-13 01:18:18.674384+00,Band Touch 15m (laboratorio),1
RVNUSDT,2026-08-12 19:37:47.657904+00,2026-08-12 20:00:27.661473+00,FVG - 15m,0
BLUAIUSDT,2026-08-12 20:03:13.314088+00,2026-08-13 06:43:25.147458+00,FVG - 15m,0
EULUSDT,2026-08-12 20:13:39.112219+00,2026-08-14 02:56:26.913034+00,Death Cross (SMA50/200 4h),1
KORUUSDT,2026-08-12 21:54:41.435411+00,2026-08-13 00:08:52.326888+00,Level Sweep 1H (laboratorio),1
BTRUSDT,2026-08-12 23:47:44.999962+00,2026-08-12 23:53:20.300435+00,FVG - 15m,1
MYXUSDT,2026-08-12 23:57:56.089659+00,2026-08-13 00:19:43.546313+00,Death Cross (SMA50/200 4h),1
COOKIEUSDT,2026-08-12 23:58:01.049784+00,2026-08-13 08:31:52.886618+00,FVG - 15m,0
VELVETUSDT,2026-08-13 00:12:18.379218+00,2026-08-14 00:16:46.918886+00,Level Sweep 1H (laboratorio),1
CYSUSDT,2026-08-13 00:38:13.174063+00,2026-08-13 13:57:52.853054+00,Level Sweep 60m SL1.5 RR3 (laboratorio),1
AIXBTUSDT,2026-08-13 00:57:21.813968+00,2026-08-18 22:46:37.402969+00,Level Sweep 15m SL3 RR3 (laboratorio),1
CSOPSAMSUNG2LUSDT,2026-08-13 00:57:27.83544+00,2026-08-13 02:19:07.456041+00,Level Sweep 60m SL2 RR1.5 (laboratorio),1
DRAMUSDT,2026-08-13 00:57:33.914499+00,2026-08-13 01:07:53.19557+00,PDH Sweep (barrer maximo dia anterior),1
POWERUSDT,2026-08-13 01:08:06.609375+00,2026-08-13 16:07:43.500531+00,Level Sweep 15m SL3 RR3 (laboratorio),1
BEUSDT,2026-08-13 01:08:14.196193+00,2026-08-13 13:42:00.730591+00,Level Sweep 60m SL2 RR1.5 (laboratorio),1
SAMSUNGUSDT,2026-08-13 01:08:19.296305+00,2026-08-13 01:10:16.000438+00,PDH Sweep (barrer maximo dia anterior),1
GUAUSDT,2026-08-13 01:15:16.62691+00,2026-08-13 18:07:51.175205+00,Level Sweep 15m SL3 RR3 (laboratorio),1
DELLUSDT,2026-08-13 01:15:21.045869+00,2026-08-13 04:09:28.908837+00,Level Sweep 60m SL2 RR1.5 (laboratorio),1
AKTUSDT,2026-08-13 01:15:25.382464+00,2026-08-13 05:18:24.530819+00,PDH Sweep (barrer maximo dia anterior),1
MOVEUSDT,2026-08-13 01:22:30.759695+00,2026-08-14 13:11:34.495751+00,Band Touch 15m (laboratorio),1
BARDUSDT,2026-08-13 01:31:23.322106+00,2026-08-13 09:33:04.015184+00,PDH Sweep (barrer maximo dia anterior),1
MINIMAXUSDT,2026-08-13 01:44:13.858398+00,2026-08-13 01:45:41.548499+00,PDH Sweep (barrer maximo dia anterior),1
EWYUSDT,2026-08-13 01:53:56.308652+00,2026-08-13 08:03:24.569768+00,PDH Sweep (barrer maximo dia anterior),1
AVAAIUSDT,2026-08-13 02:23:04.285952+00,2026-08-13 09:45:43.331662+00,Level Sweep 60m SL2 RR1.5 (laboratorio),1
TSMUSDT,2026-08-13 02:26:13.831148+00,2026-08-17 08:20:39.890177+00,MA Slope Caso 3,1
MYXUSDT,2026-08-13 03:01:18.487262+00,2026-08-13 03:04:13.751071+00,Death Cross (SMA50/200 4h),1
STARUSDT,2026-08-13 04:08:25.233567+00,2026-08-13 15:49:45.72578+00,Level Sweep 60m SL1.5 RR3 (laboratorio),1
LUNA2USDT,2026-08-13 04:17:06.053158+00,2026-08-13 16:41:59.343022+00,Level Sweep 60m SL2 RR1.5 (laboratorio),1
TSTUSDT,2026-08-13 05:05:07.898725+00,2026-08-22 05:12:00.450293+00,Band Touch 15m (laboratorio),1
GMXUSDT,2026-08-13 05:05:13.971448+00,2026-08-13 22:30:14.803099+00,Level Sweep 60m SL1.5 RR3 (laboratorio),1
HYPEUSDT,2026-08-13 05:24:24.757325+00,2026-08-13 05:27:46.413645+00,PDH Sweep (barrer maximo dia anterior),1
ORDIUSDT,2026-08-13 05:31:36.61457+00,2026-08-13 05:40:26.151253+00,PDH Sweep (barrer maximo dia anterior),1
SKHYUSDT,2026-08-13 05:47:51.616304+00,2026-08-13 08:02:55.788471+00,PDH Sweep (barrer maximo dia anterior),1
NBISUSDT,2026-08-13 06:48:28.321526+00,2026-08-13 12:55:37.909689+00,FVG - 15m,1
STRCUSDT,2026-08-13 08:04:31.658015+00,2026-08-13 08:06:11.861608+00,PDH Sweep (barrer maximo dia anterior),1
BOMEUSDT,2026-08-13 08:29:22.322385+00,2026-08-14 14:40:02.176254+00,PDH Sweep (barrer maximo dia anterior),1
INXUSDT,2026-08-13 08:38:39.166219+00,2026-08-13 11:44:30.076135+00,FVG - 15m,0
GRVTUSDT,2026-08-13 09:12:09.901437+00,2026-08-13 23:35:29.907213+00,PDH Sweep (barrer maximo dia anterior),1
STRKUSDT,2026-08-13 09:38:07.978454+00,2026-08-13 14:19:34.15296+00,PDH Sweep (barrer maximo dia anterior),1
ESPORTSUSDT,2026-08-13 09:54:10.260044+00,2026-08-13 10:30:18.61878+00,Level Sweep 60m SL2 RR1.5 (laboratorio),1
HOMEUSDT,2026-08-13 10:19:08.983575+00,2026-08-14 04:26:07.634136+00,Level Sweep 1H (laboratorio),1
BSPUSDT,2026-08-13 10:34:16.704861+00,2026-08-13 12:57:54.454537+00,Level Sweep 60m SL2 RR1.5 (laboratorio),1
HOLOUSDT,2026-08-13 11:49:06.646971+00,2026-08-13 12:10:51.436959+00,FVG - 15m,0
STORJUSDT,2026-08-13 12:15:18.735977+00,2026-08-14 01:39:21.289575+00,FVG - 15m,0
STEEMUSDT,2026-08-13 12:56:30.672491+00,2026-08-14 05:02:57.58633+00,FVG - 15m,0
GPSUSDT,2026-08-13 13:04:37.966954+00,2026-08-13 15:17:58.9697+00,Level Sweep 60m SL2 RR1.5 (laboratorio),1
SMCIUSDT,2026-08-13 13:34:50.541657+00,2026-08-13 14:15:27.746115+00,Standard Scalping,0
AKEUSDT,2026-08-13 13:43:54.414766+00,2026-08-13 14:22:14.466065+00,Level Sweep 60m SL2 RR1.5 (laboratorio),1
SWARMSUSDT,2026-08-13 14:01:08.625079+00,2026-08-14 00:42:05.553746+00,Level Sweep 60m SL1.5 RR3 (laboratorio),1
HPEUSDT,2026-08-13 14:29:08.047793+00,2026-08-15 08:53:36.943132+00,Level Sweep 60m SL2 RR1.5 (laboratorio),1
LUMIAUSDT,2026-08-13 14:29:13.319758+00,2026-08-14 02:36:29.237602+00,PDH Sweep (barrer maximo dia anterior),1
SNXXUSDT,2026-08-13 15:16:34.743594+00,2026-08-14 08:05:38.486125+00,Standard Scalping,0
INTWUSDT,2026-08-13 15:26:07.480419+00,2026-08-17 13:32:52.728892+00,Level Sweep 60m SL2 RR1.5 (laboratorio),1
ALGOUSDT,2026-08-13 15:55:07.420488+00,2026-08-14 15:53:42.770854+00,Death Cross (SMA50/200 4h),1
SHAZUSDT,2026-08-13 15:55:13.878508+00,2026-08-14 16:11:50.066503+00,Level Sweep 1H (laboratorio),1
AVNTUSDT,2026-08-13 15:55:19.423188+00,2026-08-14 17:43:50.780043+00,Level Sweep 60m SL1.5 RR3 (laboratorio),1
COTIUSDT,2026-08-13 16:12:00.881577+00,2026-08-18 22:46:32.227777+00,Level Sweep 15m SL3 RR3 (laboratorio),1
BTWUSDT,2026-08-13 16:43:42.703784+00,2026-08-14 09:50:13.44779+00,Level Sweep 60m SL2 RR1.5 (laboratorio),1
2ZUSDT,2026-08-13 18:08:17.301873+00,2026-08-14 00:35:41.773667+00,Level Sweep 15m SL3 RR3 (laboratorio),1
ETHFIUSDT,2026-08-13 22:31:46.436285+00,2026-08-14 19:52:26.289972+00,Level Sweep 60m SL1.5 RR3 (laboratorio),1
CTRUSDT,2026-08-13 23:32:23.716899+00,2026-08-14 00:06:10.384002+00,Band Touch 15m (laboratorio),1
GENIUSUSDT,2026-08-13 23:48:22.069394+00,2026-08-14 07:46:02.348459+00,PDH Sweep (barrer maximo dia anterior),1
USELESSUSDT,2026-08-14 00:06:50.825877+00,2026-08-14 02:52:41.251605+00,Band Touch 15m (laboratorio),1
USUSDT,2026-08-14 00:06:56.495655+00,2026-08-14 05:06:27.436622+00,Death Cross (SMA50/200 4h),1
EDENUSDT,2026-08-14 00:29:10.827992+00,2026-08-14 00:53:59.367944+00,Level Sweep 1H (laboratorio),1
SCRTUSDT,2026-08-14 00:38:46.631408+00,2026-08-18 22:45:57.661019+00,Level Sweep 15m SL3 RR3 (laboratorio),1
HUSDT,2026-08-14 00:48:02.045761+00,2026-08-14 04:10:52.772669+00,Level Sweep 60m SL1.5 RR3 (laboratorio),1
BLESSUSDT,2026-08-14 00:59:06.201059+00,2026-08-15 01:58:31.840147+00,Level Sweep 1H (laboratorio),1
BMTUSDT,2026-08-14 01:46:49.519961+00,2026-08-14 01:55:49.361601+00,FVG - 15m,0
RAREUSDT,2026-08-14 01:57:25.690236+00,2026-08-14 04:16:39.223519+00,FVG - 15m,0
0GUSDT,2026-08-14 02:36:51.126252+00,2026-08-14 05:15:55.919059+00,PDH Sweep (barrer maximo dia anterior),1
CATIUSDT,2026-08-14 02:55:41.443886+00,2026-08-15 00:57:32.44398+00,Band Touch 15m (laboratorio),1
ONEUSDT,2026-08-14 04:16:59.455849+00,2026-08-14 04:26:39.687475+00,FVG - 15m,0
APRUSDT,2026-08-14 04:17:06.638539+00,2026-08-15 03:38:42.777542+00,Level Sweep 60m SL1.5 RR3 (laboratorio),1
TAUSDT,2026-08-14 04:30:04.116168+00,2026-08-14 20:12:03.086234+00,FVG - 15m,1
2ZUSDT,2026-08-14 04:30:10.496886+00,2026-08-14 05:05:41.130357+00,Level Sweep 1H (laboratorio),1
FHEUSDT,2026-08-14 05:10:48.135843+00,2026-08-14 05:16:35.246245+00,FVG - 15m,0
4USDT,2026-08-14 05:10:53.979383+00,2026-08-15 04:54:09.57269+00,Level Sweep 1H (laboratorio),1
BICOUSDT,2026-08-14 05:23:35.04571+00,2026-08-14 05:51:39.569798+00,FVG - 15m,0
SOMIUSDT,2026-08-14 05:23:41.362578+00,2026-08-14 05:52:20.083299+00,PDH Sweep (barrer maximo dia anterior),1
SWARMSUSDT,2026-08-14 05:58:51.843717+00,2026-08-14 09:47:56.743448+00,FVG - 15m,0
HOMEUSDT,2026-08-14 05:58:57.550437+00,2026-08-14 06:40:16.987624+00,PDH Sweep (barrer maximo dia anterior),1
BSVUSDT,2026-08-14 06:43:27.278168+00,2026-08-14 09:37:39.529052+00,PDH Sweep (barrer maximo dia anterior),1
MYXUSDT,2026-08-14 07:56:41.743747+00,2026-08-15 00:30:39.037676+00,Death Cross (SMA50/200 4h),1
RECALLUSDT,2026-08-14 07:56:47.847504+00,2026-08-15 00:40:40.040813+00,PDH Sweep (barrer maximo dia anterior),1
ACUUSDT,2026-08-14 09:49:09.734761+00,2026-08-14 16:51:31.999018+00,FVG - 15m,0
HEIUSDT,2026-08-14 13:32:42.000076+00,2026-08-14 23:01:28.740569+00,Band Touch 15m (laboratorio),1
1000PEPEUSDT,2026-08-14 13:32:47.798592+00,2026-08-14 16:18:05.890608+00,Death Cross (SMA50/200 4h),1
CROSSUSDT,2026-08-14 13:32:56.05893+00,2026-08-14 13:40:23.155916+00,Level Sweep 60m SL2 RR1.5 (laboratorio),1
GRVTUSDT,2026-08-14 13:33:04.175366+00,2026-08-14 14:39:29.900425+00,PDH Sweep (barrer maximo dia anterior),1
HUSDT,2026-08-14 13:44:21.700416+00,2026-08-15 08:16:40.316577+00,Level Sweep 60m SL2 RR1.5 (laboratorio),1
AIOTUSDT,2026-08-14 14:39:51.697084+00,2026-08-14 18:16:39.394375+00,PDH Sweep (barrer maximo dia anterior),1
BTWUSDT,2026-08-14 15:02:17.03115+00,2026-08-14 18:16:39.075443+00,PDH Sweep (barrer maximo dia anterior),1
BTCUSDT,2026-08-14 16:00:27.189683+00,2026-08-16 16:10:17.995388+00,Death Cross (SMA50/200 4h),1
PIXELUSDT,2026-08-14 16:26:05.379735+00,2026-08-16 02:10:31.429791+00,Level Sweep 1H (laboratorio),1
ATUSDT,2026-08-14 16:52:45.255449+00,2026-08-15 08:00:00.723751+00,FVG - 15m,0
ACEUSDT,2026-08-14 17:55:59.998239+00,2026-08-14 21:01:56.128164+00,Level Sweep 60m SL1.5 RR3 (laboratorio),1
CAPUSDT,2026-08-14 18:23:08.935375+00,2026-08-14 18:42:19.882845+00,PDH Sweep (barrer maximo dia anterior),1
AKEUSDT,2026-08-14 19:00:36.338013+00,2026-08-15 09:14:00.435153+00,PDH Sweep (barrer maximo dia anterior),1
ICNTUSDT,2026-08-14 19:25:03.442872+00,2026-08-15 17:06:27.372504+00,PDH Sweep (barrer maximo dia anterior),1
UNIUSDT,2026-08-14 20:01:27.023122+00,2026-08-15 00:47:16.724641+00,Death Cross (SMA50/200 4h),1
PIEVERSEUSDT,2026-08-14 20:01:32.561635+00,2026-08-15 02:40:49.249232+00,Level Sweep 60m SL1.5 RR3 (laboratorio),1
TAKEUSDT,2026-08-14 20:26:31.038357+00,2026-08-14 20:49:53.929453+00,FVG - 15m,1
BMTUSDT,2026-08-14 21:01:41.930325+00,2026-08-14 21:07:52.030623+00,FVG - 15m,0
EDENUSDT,2026-08-14 21:12:11.284894+00,2026-08-14 21:19:03.304281+00,FVG - 15m,0
CYSUSDT,2026-08-14 21:12:16.383542+00,2026-08-15 06:19:27.987079+00,Level Sweep 60m SL1.5 RR3 (laboratorio),1
COOKIEUSDT,2026-08-14 21:23:49.821946+00,2026-08-14 21:48:12.282241+00,FVG - 15m,0
DOLOUSDT,2026-08-14 21:56:27.350026+00,2026-08-15 08:32:58.768343+00,FVG - 15m,1
SIRENUSDT,2026-08-14 23:01:49.109598+00,2026-08-15 05:14:33.15584+00,Band Touch 15m (laboratorio),1
