Name,Symbol,Side,OpenedAt,ClosedAt,EntryPrice,SlPrice,TpPrice,ClosePrice,RealizedPnl,ExitReason
FVG - 1m,TUTUSDT,0,2026-07-12 08:25:53.43951+00,2026-07-12 08:50:12.511138+00,0.0122300,0.012101,0.0131201,0.012101,-1.701542109566,sl_hit
FVG - 5m,CHRUSDT,0,2026-07-12 05:19:16.467468+00,2026-07-12 16:52:46.865311+00,0.0152000,0.015117,0.01798361,0.01521000,-0.021355263158,timeout
FVG - 1m,APRUSDT,1,2026-07-12 20:14:55.72484+00,2026-07-12 20:42:42.588417+00,0.23016,0.232395,0.21843566,0.232395,-1.577178050052,sl_hit
Standard Scalping,ALPINEUSDT,0,2026-07-14 20:40:43.92533+00,2026-07-14 21:24:34.920748+00,0.32200000,0.31464016,0.34559848,0.31464016,-3.547125495652,sl_hit
Scalping Clone,BILLUSDT,0,2026-07-13 14:30:51.313833+00,2026-07-13 17:53:20.777652+00,0.0577500,0.05282572,0.07056426,0.05752,-0.717163636364,timeout
FVG - 1m,AGLDUSDT,1,2026-07-12 05:19:11.547395+00,2026-07-12 05:19:54.66611+00,0.1616000,0.16343,0.1492356,0.16343,-1.819318069307,sl_hit
FVG - 5m,BICOUSDT,1,2026-07-14 10:49:22.563305+00,2026-07-14 13:25:10.451597+00,0.0138900,0.013936,0.0134265,0.013936,-0.616958963283,sl_hit
Scalping Clone,OGUSDT,0,2026-07-15 07:11:31.514873+00,2026-07-15 08:03:36.297945+00,2.733000,2.65724124,2.7618,2.71300000,-1.217255762898,
FVG - 15m,1000XECUSDT,1,2026-07-14 21:42:26.501406+00,2026-07-14 23:45:39.370588+00,0.005778,0.0057916,0.00543595,0.0057870,-0.353738317757,sl_hit
FVG - 5m,PARTIUSDT,0,2026-07-12 20:34:33.155278+00,2026-07-12 20:46:13.479238+00,0.0312700,0.031185,0.03390256,0.031185,-0.527575951391,sl_hit
FVG - 1m,EPICUSDT,0,2026-07-12 08:46:49.191212+00,2026-07-12 08:54:29.650779+00,0.375,0.37385,0.39452546,0.37385,-0.579816000,sl_hit
FVG - 1m,HUMAUSDT,0,2026-07-12 20:34:27.095439+00,2026-07-12 20:46:18.540356+00,0.0226330,0.0225555,0.02309467,0.02309467,2.938489806919,tp_hit
FVG - 15m,RAREUSDT,0,2026-07-12 05:19:05.425024+00,2026-07-12 06:28:29.671234+00,0.01276,0.012585,0.01577262,0.012585,-2.176387147335,sl_hit
FVG - 15m,SXTUSDT,0,2026-07-14 03:25:15.406648+00,2026-07-14 03:29:24.142577+00,0.007856,0.0078295,0.009044,0.0078295,-0.625780295316,sl_hit
Standard Scalping,BILLUSDT,0,2026-07-13 14:30:57.470238+00,2026-07-13 17:53:30.946823+00,0.05773,0.0553245,0.06539032,0.0575100,-0.691397886714,timeout
FVG - 1m,TWTUSDT,1,2026-07-12 20:45:36.139177+00,2026-07-12 21:07:45.59523+00,0.35660000,0.357895,0.34662072,0.357895,-0.664945877735,sl_hit
FVG - 15m,MVLLUSDT,0,2026-07-14 23:56:46.037522+00,2026-07-15 12:25:29.74351+00,30.87000,30.507,32.8885,30.507,-1.883142857143,sl_hit
FVG - 15m,SKLUSDT,0,2026-07-12 05:29:10.787953+00,2026-07-12 05:39:09.449627+00,0.0047490,0.004671,0.00635465,0.004671,-2.582691092862,sl_hit
FVG - 1m,VIRTUALUSDT,1,2026-07-16 11:17:53.313811+00,2026-07-16 11:20:28.847566+00,0.6367000,0.636895,0.622755,0.636895,-0.165958379142,sl_hit
Standard Scalping,POWERUSDT,0,2026-07-10 01:43:42.235663+00,2026-07-10 05:06:23.436682+00,0.086110000000,0.083703250000,0.095208610000,0.084810000000,-2.383639530833,timeout
Standard Scalping,SXTUSDT,0,2026-07-11 16:44:53.403692+00,2026-07-11 16:51:45.012189+00,0.008503000000,0.008301060000,0.009233200000,0.008286000000,-3.946529460191,sl_hit
FVG - 1m,SCRTUSDT,0,2026-07-12 09:20:13.209637+00,2026-07-12 09:50:59.45949+00,0.04210000,0.041885,0.04429425,0.041885,-0.885726840855,sl_hit
FVG - 1m,TACUSDT,1,2026-07-14 21:19:32.200382+00,2026-07-14 21:21:09.308561+00,0.0028690,0.0029283,0.002808,0.0029283,-3.221623562217,sl_hit
FVG - 1m,NAORISUSDT,1,2026-07-14 23:56:49.765064+00,2026-07-14 23:57:38.415347+00,0.0371300,0.037405,0.03675,0.03675,1.415760840291,tp_hit
FVG - 15m,SENTUSDT,0,2026-07-14 03:34:00.245105+00,2026-07-14 03:45:38.438941+00,0.01433000,0.0141665,0.015431,0.0141665,-1.830759944173,sl_hit
FVG - 5m,NBISUSDT,0,2026-07-14 23:56:55.33316+00,2026-07-15 08:17:26.652529+00,198.25000,196.5085,209.018,196.5085,-1.437127414881,sl_hit
FVG - 5m,DEXEUSDT,0,2026-07-14 03:34:06.333412+00,2026-07-14 04:05:35.553+00,42.71000000,41.95645,44.71255,41.95645,-2.765452751113,sl_hit
FVG - 1m,SXTUSDT,0,2026-07-12 05:29:16.858349+00,2026-07-12 06:02:20.210725+00,0.0088390,0.00878134,0.00997045,0.00878134,-1.098112953954,sl_hit
FVG - 1m,ESPORTSUSDT,0,2026-07-14 21:30:46.115977+00,2026-07-14 21:49:51.969488+00,0.01393,0.013786,0.014447,0.014447,5.444894472362,tp_hit
FVG - 1m,BANKUSDT,0,2026-07-12 09:28:50.747873+00,2026-07-12 09:34:25.657064+00,0.03925,0.039085,0.04175307,0.039085,-0.750321019109,sl_hit
FVG - 1m,FFUSDT,0,2026-07-14 11:33:39.722233+00,2026-07-14 13:43:03.765818+00,0.06357000,0.06277752,0.065235,0.06279000,-1.959754601227,sl_hit
Standard Scalping,SYRUPUSDT,0,2026-07-10 14:28:08.298389+00,2026-07-12 14:31:48.576972+00,0.182350000000,0.175765940000,0.201906990000,0.18970000,5.908202632300,timeout
FVG - 1m,SCRUSDT,0,2026-07-15 18:05:03.421304+00,2026-07-15 18:17:48.102938+00,0.02414000,0.0240955,0.0373935,0.0240955,-0.396401408451,sl_hit
FVG - 1m,VANAUSDT,0,2026-07-17 01:04:41.168258+00,2026-07-17 01:10:17.147152+00,1.260000,1.24975,1.2904,1.24975,-1.339750000000,sl_hit
FVG - 1m,STORJUSDT,1,2026-07-12 21:09:52.370761+00,2026-07-12 22:02:36.985823+00,0.07980000,0.080115,0.073415,0.073415,11.886680451128,tp_hit
FVG - 5m,MITOUSDT,0,2026-07-12 05:29:24.942908+00,2026-07-12 06:11:10.87588+00,0.02164000,0.0215725,0.02478421,0.0215725,-0.587696395563,sl_hit
FVG - 1m,NILUSDT,0,2026-07-12 21:18:18.333399+00,2026-07-12 21:29:16.606853+00,0.03556000,0.035512,0.03758719,0.035512,-0.322393700788,sl_hit
FVG - 1m,OPNUSDT,0,2026-07-16 11:30:55.709187+00,2026-07-16 11:31:15.00168+00,0.0611100,0.0610525,0.0642915,0.0610525,-0.261082474227,sl_hit
FVG - 1m,MUUUSDT,1,2026-07-17 01:15:20.716449+00,2026-07-17 01:28:36.335033+00,25.88000,26.1665,25.239,26.1665,-1.781212905718,sl_hit
FVG - 1m,TSTUSDT,0,2026-07-12 09:50:27.585312+00,2026-07-12 10:39:07.39075+00,0.01065000,0.010604,0.012156,0.010604,-0.767628169014,sl_hit
Standard Scalping,TAGUSDT,1,2026-07-09 03:49:37.639548+00,2026-07-09 14:59:09.583425+00,0.000678000000,0.000731430000,0.000486490000,0.000733000000,-12.308805309735,timeout
Standard Scalping,BSBUSDT,0,2026-07-14 11:35:08.725105+00,2026-07-14 12:02:06.343292+00,0.1470800,0.14278404,0.1501815,0.14278404,-4.499495800925,sl_hit
Standard Scalping,ANKRUSDT,0,2026-07-11 21:59:53.912567+00,2026-07-11 22:20:59.181038+00,0.003905000000,0.003821330000,0.004147540000,0.003821000000,-3.345341869398,sl_hit
Standard Scalping,MEMEUSDT,0,2026-07-15 00:02:40.682677+00,2026-07-15 01:12:43.110899+00,0.0005505,0.0005472,0.00056206,0.00055000,-0.256185286103,
FVG - 1m,SNXUSDT,1,2026-07-14 21:42:32.559704+00,2026-07-15 01:08:05.166064+00,0.23800000,0.23833,0.234815,0.23400000,2.402016806722,tp_hit
FVG - 15m,TACUSDT,0,2026-07-12 05:37:48.685545+00,2026-07-12 06:26:22.224951+00,0.00354,0.0035001,0.00494821,0.0035001,-1.810001694916,sl_hit
FVG - 15m,MMTUSDT,0,2026-07-14 03:52:44.681287+00,2026-07-14 03:53:04.874813+00,0.16330000,0.16172,0.17696,0.16172,-1.570736068586,sl_hit
FVG - 5m,MAGMAUSDT,0,2026-07-14 11:41:51.689434+00,2026-07-14 11:50:05.765784+00,0.26664,0.26379,0.2947245,0.26379,-1.722644014402,sl_hit
FVG - 1m,BASEDUSDT,1,2026-07-15 00:02:24.471746+00,2026-07-15 00:07:58.487871+00,0.0873200,0.0875315,0.08557,0.0875315,-0.483464154833,sl_hit
FVG - 5m,LIGHTUSDT,0,2026-07-16 11:30:59.006601+00,2026-07-16 19:55:12.033887+00,0.1209000,0.12067,0.12441,0.12067,-0.42056823821316129210,sl_hit
FVG - 5m,KATUSDT,1,2026-07-16 11:17:58.450151+00,2026-07-16 11:25:39.011866+00,0.0051100,0.00518345,0.00497245,0.00518345,-2.276928962818,sl_hit
FVG - 5m,ALCHUSDT,0,2026-07-14 11:56:21.873704+00,2026-07-14 12:12:14.006236+00,0.0330200,0.0326145,0.041765,0.03248,-2.572077528770,sl_hit
FVG - 1m,ALPINEUSDT,0,2026-07-15 08:14:49.574723+00,2026-07-15 08:17:26.678862+00,0.36100000,0.35443,0.37437,0.35443,-2.848824930748,sl_hit
FVG - 15m,STORJUSDT,0,2026-07-14 04:00:32.289753+00,2026-07-14 04:16:46.200259+00,0.0731900,0.07307,0.07816,0.07307,-0.365836862959,sl_hit
Scalping Clone,UBUSDT,0,2026-07-12 09:50:47.823282+00,2026-07-12 11:58:55.623342+00,0.0729900,0.06970624,0.0827413,0.07277,-0.571935881628,timeout
FVG - 5m,RESOLVUSDT,0,2026-07-12 22:10:23.48347+00,2026-07-12 22:50:05.658462+00,0.01990000,0.019785,0.02132141,0.019785,-0.986487437186,sl_hit
Scalping Clone,TRADOORUSDT,0,2026-07-11 22:29:18.861492+00,2026-07-12 00:31:59.543949+00,0.431100000000,0.417035600000,0.472299710000,0.419400000000,-4.189352818372,timeout
Scalping Clone,KATUSDT,0,2026-07-10 06:13:52.694466+00,2026-07-10 06:43:46.000639+00,0.005203000000,0.004970330000,0.005671560000,0.005694000000,14.029632904094,tp_hit
FVG - 5m,HEMIUSDT,1,2026-07-15 00:02:30.531302+00,2026-07-15 00:10:31.487456+00,0.00465000,0.00467585,0.0044515,0.00467585,-0.954204516129,sl_hit
FVG - 1m,ELSAUSDT,1,2026-07-12 05:37:54.793142+00,2026-07-12 16:22:18.969166+00,0.0562500,0.0566115,0.05130822,0.05119,13.378730666666,tp_hit
FVG - 5m,KORUUSDT,1,2026-07-15 00:11:38.411233+00,2026-07-15 00:57:31.074288+00,482.19000,485.158,449.373,490.23,-2.622089217942,sl_hit
Scalping Clone,B3USDT,0,2026-07-14 12:04:07.939851+00,2026-07-14 12:32:35.461396+00,0.0005504,0.00052832,0.00058144,0.0005347,-4.396994912791,sl_hit
Standard Scalping,UBUSDT,0,2026-07-12 09:50:51.91038+00,2026-07-12 11:59:02.373041+00,0.0729700,0.07135312,0.07876408,0.0728800,-0.304933534329,timeout
FVG - 1m,BOTUSDT,0,2026-07-15 00:11:32.343745+00,2026-07-15 01:48:58.428949+00,37.65,36.5815,38.561,36.5815,-4.375269322709,sl_hit
Scalping Clone,CLOUSDT,0,2026-07-11 18:47:41.950335+00,2026-07-11 20:54:26.503724+00,0.261030000000,0.237035190000,0.310723610000,0.260630000000,-0.349766693484,timeout
Standard Scalping,KATUSDT,0,2026-07-10 06:13:58.51005+00,2026-07-10 06:28:26.189953+00,0.005216000000,0.005095900000,0.005575120000,0.005582000000,10.401096625767,tp_hit
FVG - 5m,BEATUSDT,0,2026-07-12 05:38:00.883143+00,2026-07-12 22:18:12.609552+00,2.2450000,2.2114,3.02580222,2.5981,23.427592650334,btc_dump
FVG - 5m,ESPORTSUSDT,0,2026-07-15 08:18:04.8602+00,2026-07-15 10:00:27.500142+00,0.01447,0.0143365,0.015079,0.015079,6.190536281962,tp_hit
FVG - 1m,CATIUSDT,0,2026-07-12 22:27:06.814599+00,2026-07-12 22:28:56.842789+00,0.03804,0.0379145,0.04041002,0.0379145,-0.614675867508,sl_hit
FVG - 1m,ALTUSDT,0,2026-07-12 10:02:32.393937+00,2026-07-12 10:17:05.843539+00,0.00643000,0.0064185,0.00688786,0.0064185,-0.388166407465,sl_hit
FVG - 5m,VELVETUSDT,1,2026-07-14 12:15:53.362397+00,2026-07-14 12:22:19.852688+00,0.5413000,0.56032,0.4906,0.56032,-5.392753002032,sl_hit
FVG - 5m,WLDUSDT,0,2026-07-14 04:07:28.589375+00,2026-07-14 08:29:24.501324+00,0.39140000,0.38834,0.409955,0.409955,6.988167347982,tp_hit
FVG - 15m,USUSDT,0,2026-07-12 05:47:55.10934+00,2026-07-12 07:04:15.962734+00,0.022256,0.0217694,0.0289324,0.0217694,-3.398253235083,sl_hit
FVG - 1m,AIOTUSDT,0,2026-07-16 11:39:48.054322+00,2026-07-16 14:47:29.563082+00,0.0406100,0.038778,0.041606,0.038778,-6.884099482886,sl_hit
Standard Scalping,DELLUSDT,0,2026-07-15 00:17:40.216077+00,2026-07-15 13:33:17.151352+00,458.43000,454.9886432,468.65150758,454.9886432,-1.260797479640006850,sl_hit
FVG - 5m,NIGHTUSDT,0,2026-07-16 11:49:02.961206+00,2026-07-16 12:33:03.520947+00,0.0297400,0.029216,0.030593,0.030593,4.180565568258,tp_hit
FVG - 1m,XANUSDT,0,2026-07-15 08:43:39.628363+00,2026-07-15 14:24:21.068374+00,0.0115050,0.0112687,0.011803,0.0115220,0.101554106910,timeout
FVG - 1m,MAGMAUSDT,0,2026-07-12 10:23:13.629841+00,2026-07-12 10:24:20.282387+00,0.39915,0.398788,0.42637671,0.3994600,-0.003549041714,sl_hit
FVG - 1m,VANRYUSDT,1,2026-07-12 05:48:01.181614+00,2026-07-12 06:20:10.254307+00,0.0064190,0.00659165,0.00549872,0.0065800,-3.883773173391,sl_hit
FVG - 1m,XPLUSDT,0,2026-07-12 22:36:29.956945+00,2026-07-12 22:49:09.630259+00,0.08886,0.088525,0.09212818,0.088525,-0.685270087778,sl_hit
FVG - 1m,KAITOUSDT,1,2026-07-14 12:20:51.503731+00,2026-07-14 12:46:44.233125+00,0.685200,0.691195,0.676335,0.691195,-1.432915499124,sl_hit
Scalping Clone,BABAUSDT,0,2026-07-09 01:39:39.186214+00,2026-07-09 05:19:09.24892+00,112.780000000000,110.526818800000,118.200737230000,110.500000000000,-3.151239581486,sl_hit
FVG - 1m,REUSDT,0,2026-07-15 08:18:00.724923+00,2026-07-15 08:41:08.706668+00,0.4887,0.487265,0.5009,0.487265,-0.560278084714,sl_hit
FVG - 15m,ALLOUSDT,1,2026-07-14 04:21:31.365526+00,2026-07-14 18:37:55.988735+00,0.38603,0.39534,0.36451,0.36451,8.23067015516876311244,tp_hit
FVG - 1m,ESPORTSUSDT,0,2026-07-13 00:05:57.643123+00,2026-07-13 03:34:25.584472+00,0.01451,0.0143665,0.01546386,0.0143665,-1.602866299104,sl_hit
FVG - 1m,ARBUSDT,0,2026-07-12 11:16:07.752898+00,2026-07-12 17:54:37.838402+00,0.094380,0.094285,0.09863728,0.094285,-0.270924984107,sl_hit
Scalping Clone,SKHYUSDT,0,2026-07-15 00:25:53.704049+00,2026-07-15 02:28:44.80918+00,190.46000,181.0723292,215.11807525,189.04,-1.237897721306,timeout
FVG - 5m,BLESSUSDT,1,2026-07-14 12:24:31.185629+00,2026-07-14 12:31:01.057871+00,0.0078600,0.0079625,0.00758275,0.0079625,-2.076889312977,sl_hit
Scalping Clone,HMSTRUSDT,1,2026-07-09 05:35:28.049478+00,2026-07-09 15:07:02.421093+00,0.000194000000,0.000201650000,0.000178400000,0.000200600000,-5.240706185567,timeout
Scalping Clone,RVNUSDT,0,2026-07-10 15:58:02.647708+00,2026-07-10 20:02:01.354204+00,0.004032000000,0.003885880000,0.004339020000,0.003914000000,-4.522771577381,timeout
Standard Scalping,XLMUSDT,0,2026-07-14 12:31:42.086359+00,2026-07-14 12:31:52.784624+00,0.18321,0.1822437,0.18595416,0.18315,-0.169104306534,
FVG - 1m,THEUSDT,1,2026-07-14 05:02:27.731373+00,2026-07-14 05:11:27.225588+00,0.0596900,0.06176,0.059095,0.059095,1.375823421008,tp_hit
Standard Scalping,HMSTRUSDT,1,2026-07-09 05:35:41.039386+00,2026-07-09 14:57:23.773628+00,0.000193700000,0.000197670000,0.000181840000,0.000201400000,-6.085214248838,sl_hit
FVG - 5m,UAIUSDT,0,2026-07-13 00:06:02.688427+00,2026-07-13 00:29:48.289309+00,0.3411000,0.339595,0.40500878,0.339595,-0.781564643800,sl_hit
FVG - 5m,BMNRUSDT,1,2026-07-15 01:02:29.396644+00,2026-07-15 04:06:41.742206+00,16.316,16.412,15.555,16.420,-1.076499141946,sl_hit
FVG - 1m,ALCHUSDT,0,2026-07-14 00:39:41.281707+00,2026-07-14 05:00:34.123768+00,0.0357200,0.034204,0.043316,0.034204,-6.483634938410,sl_hit
Standard Scalping,POPCATUSDT,0,2026-07-15 01:12:45.142545+00,2026-07-15 07:12:00.710565+00,0.0457300,0.04535177,0.0466135,0.04548,-0.939702602230,timeout
FVG - 1m,ANKRUSDT,0,2026-07-12 11:46:00.814322+00,2026-07-12 12:36:37.886129+00,0.00375000,0.003704,0.00387559,0.003704,-1.9592640000,sl_hit
Standard Scalping,GRASSUSDT,0,2026-07-14 12:31:53.829036+00,2026-07-14 17:44:12.508937+00,0.3748000,0.36959014,0.39199955,0.39199955,6.760737798826,tp_hit
FVG - 1m,MMTUSDT,1,2026-07-12 06:14:23.422348+00,2026-07-12 06:36:21.451715+00,0.1865000,0.188065,0.17167237,0.188065,-1.379216621984,sl_hit
Scalping Clone,TAGUSDT,1,2026-07-09 03:49:30.142521+00,2026-07-09 15:06:23.635292+00,0.000683000000,0.000792830000,0.000358190000,0.000723000000,-8.923967789165,timeout
FVG - 1m,USUALUSDT,1,2026-07-12 12:48:02.090966+00,2026-07-12 17:51:46.722248+00,0.00990000,0.0099815,0.00925229,0.00925229,9.697713393940,tp_hit
FVG - 5m,UMAUSDT,0,2026-07-12 06:14:29.524867+00,2026-07-12 06:27:13.289598+00,0.383400,0.38285,0.43398028,0.38285,-0.335093896714,sl_hit
FVG - 5m,GWEIUSDT,0,2026-07-14 12:41:09.106847+00,2026-07-14 13:14:34.215195+00,0.0515000,0.04854,0.06399,0.04854,-8.737910679612,sl_hit
FVG - 1m,SYNUSDT,1,2026-07-14 05:15:12.276+00,2026-07-14 06:07:28.328329+00,0.2465000,0.2481895,0.2336925,0.2321000,8.646182555781,tp_hit
FVG - 5m,FLOCKUSDT,0,2026-07-16 05:41:32.428486+00,2026-07-16 05:49:07.988872+00,0.0347800,0.0345295,0.037022,0.037022,9.545482461184,tp_hit
Standard Scalping,PARTIUSDT,0,2026-07-13 00:15:23.492914+00,2026-07-13 02:35:14.555495+00,0.03272,0.03220763,0.03469558,0.03469558,8.933131577018,tp_hit
FVG - 5m,MVLLUSDT,0,2026-07-16 05:27:02.96107+00,2026-07-16 05:34:19.016589+00,26.46000,26.2405,28.5635,26.2405,-1.363833333334,sl_hit
Standard Scalping,HMSTRUSDT,0,2026-07-12 00:31:38.262752+00,2026-07-12 00:52:54.17486+00,0.000205100000,0.000200930000,0.000218030000,0.000200900000,-3.190443686007,sl_hit
Standard Scalping,CTRUSDT,0,2026-07-10 21:02:41.527357+00,2026-07-10 21:48:21.367607+00,0.009270000000,0.009067960000,0.009887140000,0.009030000000,-4.001941747573,sl_hit
FVG - 1m,USUSDT,0,2026-07-15 09:27:22.860591+00,2026-07-15 11:48:01.242536+00,0.032664,0.03225405,0.0338864,0.0338864,5.491274063189,tp_hit
FVG - 1m,SNXUSDT,1,2026-07-13 00:25:01.051312+00,2026-07-13 03:08:34.724156+00,0.248300,0.25015,0.23595296,0.23500000,7.917849375756,tp_hit
Standard Scalping,APRUSDT,0,2026-07-10 23:00:58.402465+00,2026-07-11 01:51:42.001066+00,0.218100000000,0.213088770000,0.234739310000,0.212700000000,-3.832407152682,sl_hit
FVG - 1m,GPSUSDT,0,2026-07-16 18:28:12.075289+00,2026-07-16 18:35:38.926277+00,0.0089940,0.0089685,0.00934585,0.0089685,-0.545113408939,sl_hit
FVG - 1m,KITEUSDT,1,2026-07-13 00:32:48.08952+00,2026-07-13 00:34:18.908368+00,0.1217800,0.122545,0.11646106,0.122545,-1.062649860404,sl_hit
FVG - 1m,VANAUSDT,0,2026-07-14 06:10:19.496267+00,2026-07-14 06:16:44.397673+00,1.224000,1.2092132,1.26695,1.2092132,-1.931383000000,sl_hit
FVG - 15m,JTOUSDT,0,2026-07-12 06:28:37.907018+00,2026-07-13 07:13:04.009239+00,0.58930000,0.586395,0.65608849,0.65608849,16.873494299338,tp_hit
FVG - 5m,BSBUSDT,0,2026-07-15 09:35:17.462901+00,2026-07-15 09:36:03.600033+00,0.1277,0.127549,0.1493505,0.127549,-0.297297885670,sl_hit
FVG - 5m,ZBTUSDT,0,2026-07-16 05:50:34.635921+00,2026-07-16 06:54:08.078589+00,0.0900900,0.089625,0.093093,0.089625,-0.893916083916,sl_hit
FVG - 5m,CYBERUSDT,0,2026-07-13 00:32:56.176378+00,2026-07-13 00:41:51.572583+00,0.35600000,0.35255,0.38346079,0.35255,-1.573070224719,sl_hit
FVG - 15m,ALCHUSDT,0,2026-07-16 05:50:30.629409+00,2026-07-16 18:01:44.838175+00,0.0259800,0.025676,0.030545,0.025676,-1.89011778290998614391200,sl_hit
FVG - 1m,CLOUSDT,1,2026-07-14 06:19:42.699147+00,2026-07-14 06:23:28.198121+00,0.21115,0.211585,0.204868,0.211585,-0.429145631068,sl_hit
Standard Scalping,JCTUSDT,0,2026-07-09 04:20:47.304381+00,2026-07-09 15:51:23.818389+00,0.003395000000,0.003331650000,0.003597720000,0.003375000000,-1.018382916053,timeout
FVG - 1m,IBMUSDT,0,2026-07-14 12:49:36.715022+00,2026-07-14 12:56:58.183214+00,226.72000,225.7125,254.4055,225.7125,-0.786304472478,sl_hit
FVG - 5m,TUSDT,1,2026-07-12 06:28:50.041483+00,2026-07-12 07:30:54.15613+00,0.0049500,0.005489,0.004101,0.005489,-16.459866666666,sl_hit
FVG - 1m,SPELLUSDT,0,2026-07-12 06:28:43.982805+00,2026-07-12 07:41:05.297288+00,0.0000902,0.00009008,0.00009717,0.00009008,-0.319476718404,sl_hit
FVG - 5m,EDUUSDT,0,2026-07-15 09:44:29.938333+00,2026-07-15 09:47:34.743247+00,0.0306600,0.030591,0.0316185,0.030591,-0.457438356165,sl_hit
Standard Scalping,HMSTRUSDT,0,2026-07-12 15:08:11.654654+00,2026-07-12 15:52:44.32473+00,0.0002163,0.00021256,0.0002291,0.00021256,-2.712582524272,sl_hit
FVG - 1m,INXUSDT,1,2026-07-15 14:27:30.781852+00,2026-07-15 14:35:16.201671+00,0.0074060,0.0074358,0.0072564,0.0072564,2.911187685660,tp_hit
Scalping Clone,HMSTRUSDT,0,2026-07-12 15:08:07.593353+00,2026-07-12 16:32:16.007061+00,0.0002163,0.00020853,0.00023277,0.00020853,-5.506194174757,sl_hit
FVG - 1m,ESPORTSUSDT,1,2026-07-16 06:02:07.408512+00,2026-07-16 08:00:19.785209+00,0.0152700,0.015495,0.013625,0.015495,-2.34625736738737917440400,sl_hit
FVG - 1m,ELSAUSDT,0,2026-07-15 01:25:22.797313+00,2026-07-15 04:29:56.68376+00,0.0543,0.0536484,0.055573,0.055573,3.395167955801,tp_hit
FVG - 1m,SKHYNIXUSDT,1,2026-07-14 06:24:35.397155+00,2026-07-14 06:41:14.611895+00,1286.91000,1289.371,1235.885,1289.371,-0.406964636222,sl_hit
Standard Scalping,MUSDT,0,2026-07-10 09:34:22.433019+00,2026-07-10 11:03:05.640632+00,1.266100000000,1.233277030000,1.350553500000,1.365300000000,11.627925124398,tp_hit
FVG - 15m,ZBTUSDT,0,2026-07-12 06:38:17.407325+00,2026-07-12 07:41:05.324944+00,0.1203500,0.11925,0.13635273,0.11925,-1.490452845866,sl_hit
FVG - 15m,BSVUSDT,0,2026-07-15 09:44:23.870917+00,2026-07-15 09:47:34.757439+00,13.681,13.6325,14.698,13.6325,-0.651546670565,sl_hit
Standard Scalping,SPORTFUNUSDT,0,2026-07-17 01:46:28.855749+00,2026-07-17 03:39:07.77498+00,0.0218500,0.02148547,0.02330585,0.02148547,-2.621493281464,timeout
FVG - 1m,TRIAUSDT,0,2026-07-14 12:58:41.620243+00,2026-07-14 12:59:00.295203+00,0.0090700,0.0090685,0.009377,0.0090685,-0.144797133407,sl_hit
FVG - 1m,HOMEUSDT,0,2026-07-16 06:12:00.462135+00,2026-07-16 06:14:52.353874+00,0.015072,0.014987,0.0155275,0.014987,-0.965601114650,sl_hit
Scalping Clone,1000XECUSDT,0,2026-07-15 09:44:42.057753+00,2026-07-15 11:48:40.516827+00,0.0069250,0.00638088,0.00838065,0.0067700,-3.476057761733,timeout
FVG - 1m,AXLUSDT,0,2026-07-13 01:14:22.05721+00,2026-07-13 01:17:55.102713+00,0.04210000,0.04187,0.04399525,0.04187,-0.939149643705,sl_hit
FVG - 1m,BASEDUSDT,1,2026-07-16 12:23:41.848652+00,2026-07-16 12:26:12.980765+00,0.0964200,0.0967655,0.09423,0.0967655,-0.657707218420,sl_hit
FVG - 1m,ALLOUSDT,0,2026-07-12 06:38:25.523119+00,2026-07-12 06:40:54.79606+00,0.3466900,0.34644,0.3749514,0.34644,-0.228122530214,sl_hit
Standard Scalping,HPEUSDT,0,2026-07-09 15:35:44.676432+00,2026-07-10 13:50:10.54405+00,47.610000000000,46.808888000000,50.368892000000,50.370000000000,8.541275992439,tp_hit
FVG - 1m,GWEIUSDT,0,2026-07-12 16:29:55.846602+00,2026-07-12 16:32:01.380942+00,0.05443,0.053055,0.05918802,0.053055,-3.907754914569,sl_hit
FVG - 1m,TLMUSDT,1,2026-07-12 06:50:00.360919+00,2026-07-12 06:50:59.094641+00,0.00195100,0.0019626,0.0017719,0.0019620,-0.966058431573,sl_hit
FVG - 15m,ESPUSDT,0,2026-07-13 01:31:46.01299+00,2026-07-13 02:14:21.08155+00,0.06485000,0.064553,0.07371472,0.064553,-0.806695142637,sl_hit
Standard Scalping,OGNUSDT,0,2026-07-04 10:46:19.861001+00,2026-07-04 11:01:32.579334+00,0.016350000000,0.016194020000,0.016895930000,0.016895930000,4.886528697248,tp_hit
FVG - 1m,EVAAUSDT,0,2026-07-14 06:43:45.963225+00,2026-07-14 07:09:13.434251+00,0.7863,0.78135,0.81473,0.78135,-1.063918351774,sl_hit
FVG - 1m,EIGENUSDT,1,2026-07-14 13:07:48.867241+00,2026-07-14 13:19:08.999848+00,0.24369,0.24549,0.23913,0.24549,-1.228408223563,sl_hit
FVG - 1m,PYTHUSDT,1,2026-07-15 01:52:36.799376+00,2026-07-15 01:54:11.663577+00,0.04847,0.048534,0.0475265,0.048534,-0.318139880338,sl_hit
FVG - 1m,ZKUSDT,0,2026-07-13 01:31:52.112162+00,2026-07-13 02:11:08.851016+00,0.0103200,0.0101764,0.0106708,0.0101764,-2.206374418605,sl_hit
Standard Scalping,BLESSUSDT,0,2026-07-03 05:44:31.062439+00,2026-07-03 06:52:07.838226+00,0.007929000000,0.007714920000,0.008678290000,0.008678290000,14.049320544835,tp_hit
Standard Scalping,ZKPUSDT,0,2026-07-03 02:22:45.301268+00,2026-07-03 02:32:30.379032+00,0.048910000000,0.048126040000,0.051383850000,0.051383850000,7.463910631773,tp_hit
FVG - 1m,EVAAUSDT,0,2026-07-12 16:38:30.879498+00,2026-07-12 16:39:38.202532+00,1.317,1.3085,1.66905089,1.2993,-2.135138952164,sl_hit
FVG - 5m,KITEUSDT,0,2026-07-14 13:17:42.408198+00,2026-07-14 17:36:26.666882+00,0.12070000,0.1202835,0.126931,0.1202835,-0.637398591549,sl_hit
FVG - 1m,HOTUSDT,0,2026-07-12 07:02:31.219475+00,2026-07-12 07:16:40.687293+00,0.0003599,0.00035885,0.00038749,0.0003576,-1.078216171159,sl_hit
Standard Scalping,JCTUSDT,0,2026-07-13 01:32:06.496124+00,2026-07-13 05:28:44.238069+00,0.0038630,0.00370605,0.00434933,0.0038150,-1.983090862024,timeout
FVG - 5m,BTWUSDT,1,2026-07-15 14:27:34.824131+00,2026-07-15 15:00:19.864524+00,0.0600500,0.060292,0.057329,0.060292,-0.724738051623,sl_hit
FVG - 5m,ERAUSDT,0,2026-07-13 01:53:33.349825+00,2026-07-13 01:53:57.106318+00,0.0795400,0.079485,0.08541419,0.079485,-0.223679909480,sl_hit
FVG - 1m,VANRYUSDT,0,2026-07-14 07:00:13.197873+00,2026-07-14 07:30:53.460321+00,0.00518300,0.0051129,0.00533125,0.0051129,-2.147936330310,sl_hit
FVG - 1m,LAUSDT,0,2026-07-14 13:25:00.719896+00,2026-07-14 18:29:50.078111+00,0.05620000,0.05561,0.05738,0.056020,-0.600234875444,timeout
FVG - 1m,SOXSUSDT,1,2026-07-16 12:29:02.989931+00,2026-07-16 12:37:40.152452+00,50.60000,50.854,48.942,50.854,-0.873265612648,sl_hit
FVG - 5m,SPORTFUNUSDT,0,2026-07-15 09:50:38.697842+00,2026-07-15 09:53:35.059199+00,0.0211400,0.021107,0.026341,0.021107,-0.354059602649,sl_hit
FVG - 15m,HANAUSDT,1,2026-07-15 09:50:33.167629+00,2026-07-16 10:57:25.452358+00,0.036818,0.037469,0.034429,0.034429,9.57234586343652746480900,tp_hit
FVG - 15m,GUNUSDT,0,2026-07-12 07:15:44.804778+00,2026-07-12 07:44:30.145298+00,0.0040670,0.0040585,0.00486923,0.0040585,-0.433373493976,sl_hit
FVG - 1m,TUSDT,0,2026-07-14 07:10:43.042405+00,2026-07-14 07:13:09.813054+00,0.004591,0.0045885,0.0047305,0.0045885,-0.201648878240,sl_hit
FVG - 1m,ATUSDT,0,2026-07-13 02:21:44.27858+00,2026-07-14 09:07:48.853992+00,0.1533000,0.152455,0.16081934,0.1616000,7.998082191780,tp_hit
FVG - 1m,ALLOUSDT,1,2026-07-15 14:33:12.81971+00,2026-07-15 15:11:15.593745+00,0.36830000,0.3694045,0.3617865,0.3694045,-0.570017024165,sl_hit
FVG - 5m,BEAMXUSDT,1,2026-07-15 18:20:40.473646+00,2026-07-15 18:27:28.583592+00,0.0017120,0.00171565,0.0016373,0.00171565,-0.439929322430,sl_hit
FVG - 1m,2ZUSDT,1,2026-07-12 16:52:11.107008+00,2026-07-12 17:04:02.792979+00,0.0739900,0.074199,0.06874432,0.074199,-0.543875388566,sl_hit
FVG - 1m,LABUSDT,1,2026-07-16 06:19:50.434053+00,2026-07-16 06:26:26.864076+00,0.2145000,0.216265,0.20897,0.216265,-1.354759440560,sl_hit
FVG - 1m,ZECUSDT,0,2026-07-15 02:16:46.419584+00,2026-07-15 02:18:11.902271+00,554.33,553.9735,561.6345,553.9735,-0.216429220862,sl_hit
FVG - 1m,MUBARAKUSDT,0,2026-07-14 07:16:40.316554+00,2026-07-14 12:16:58.663836+00,0.01272000,0.01254266,0.0130935,0.0126700,-0.709386792452,timeout
FVG - 1m,AUSDT,1,2026-07-15 02:00:47.368277+00,2026-07-15 02:13:54.295022+00,0.07530000,0.075545,0.074165,0.0760600,-1.634549800797,sl_hit
Standard Scalping,VANRYUSDT,0,2026-07-13 22:36:38.825076+00,2026-07-14 00:40:23.719078+00,0.0053790,0.00528037,0.00577371,0.0053540,-0.816876742889,timeout
Scalping Clone,VANRYUSDT,0,2026-07-13 22:36:32.729064+00,2026-07-14 00:40:18.408334+00,0.0053830,0.00517553,0.00604408,0.0053560,-0.872067620286,timeout
FVG - 1m,BLUAIUSDT,0,2026-07-16 06:31:45.250942+00,2026-07-16 06:32:52.005618+00,0.0170860,0.0170226,0.0174555,0.0170226,-0.676373405127,sl_hit
FVG - 1m,BLURUSDT,0,2026-07-12 07:33:37.604956+00,2026-07-12 07:56:12.200337+00,0.0172600,0.017247,0.0180162,0.017247,-0.232932792584,sl_hit
FVG - 1m,FOLKSUSDT,1,2026-07-15 14:39:51.962235+00,2026-07-15 14:40:35.473334+00,2.096000,2.09845,2.0527,2.09845,-0.295404103054,sl_hit
FVG - 5m,AIGENSYNUSDT,0,2026-07-14 13:29:56.758707+00,2026-07-14 14:46:22.500618+00,0.0234900,0.023247,0.0243865,0.023247,-1.671103448276,sl_hit
FVG - 15m,HYPERUSDT,1,2026-07-20 06:56:31.717783+00,2026-07-20 06:58:26.086738+00,0.06425,0.066155,0.06267,0.066155,-4.569249805448,sl_hit
FVG - 5m,HUSDT,0,2026-07-16 06:31:48.690143+00,2026-07-16 06:36:21.560751+00,0.0585300,0.0581315,0.0625265,0.0581315,-1.140862634547,sl_hit
FVG - 1m,ZKCUSDT,0,2026-07-14 07:31:01.775293+00,2026-07-14 07:31:51.674762+00,0.0438,0.043785,0.045385,0.043785,-0.171349315069,sl_hit
FVG - 15m,AIOUSDT,0,2026-07-12 07:43:56.27635+00,2026-07-13 21:48:22.678071+00,0.0920500,0.0899075,0.12578205,0.09191,-0.409528517110,timeout
FVG - 5m,PUNDIXUSDT,1,2026-07-12 17:03:57.180282+00,2026-07-12 17:37:48.249245+00,0.09280000,0.093415,0.08171732,0.093415,-1.114470905172,sl_hit
FVG - 1m,DEXEUSDT,1,2026-07-12 07:44:14.449976+00,2026-07-12 07:48:16.288316+00,40.46300000,40.563,38.6460744,40.563,-0.490857326446,sl_hit
FVG - 15m,IDUSDT,0,2026-07-13 23:10:08.551941+00,2026-07-13 23:34:25.644962+00,0.0350600,0.03487,0.036855,0.03487,-0.932567027952,sl_hit
Standard Scalping,ZBTUSDT,0,2026-07-01 02:54:07.972847+00,2026-07-01 10:31:28.345227+00,0.127360000000,0.124000510000,0.139343220000,0.142090000000,17.205995210427,tp_hit
Standard Scalping,METUSDT,0,2026-07-01 12:05:47.663613+00,2026-07-01 13:52:53.846385+00,0.170700000000,0.166846320000,0.182387890000,0.183200000000,10.859789103691,tp_hit
FVG - 1m,COOKIEUSDT,1,2026-07-13 23:10:16.644343+00,2026-07-13 23:22:16.964082+00,0.0089600,0.009015,0.00872,0.009015,-1.041127232142,sl_hit
FVG - 5m,ALLOUSDT,1,2026-07-13 23:10:22.734205+00,2026-07-13 23:23:36.053261+00,0.45985,0.46342,0.422,0.46342,-1.284975970426,sl_hit
FVG - 5m,SKYAIUSDT,1,2026-07-12 07:44:20.531835+00,2026-07-12 08:08:02.030848+00,0.03574,0.035936,0.025792,0.035936,-0.942936765529,sl_hit
FVG - 1m,REDUSDT,0,2026-07-12 17:15:14.184423+00,2026-07-12 17:17:19.405685+00,0.1157,0.115385,0.12217893,0.115385,-0.528220397580,sl_hit
Standard Scalping,PARTIUSDT,0,2026-07-13 02:38:59.704415+00,2026-07-13 03:05:54.161236+00,0.0352300,0.03443812,0.03795659,0.03443812,-3.490266454726,sl_hit
FVG - 1m,ZBTUSDT,0,2026-07-14 07:36:17.775693+00,2026-07-14 08:08:58.5929+00,0.1418300,0.14029,0.14496,0.14029,-1.748058943806,sl_hit
FVG - 5m,DEXEUSDT,0,2026-07-15 09:58:03.091602+00,2026-07-15 10:12:31.868359+00,38.03100000,37.791,40.083,37.791,-1.066217559360,sl_hit
FVG - 15m,VELVETUSDT,0,2026-07-12 07:52:57.837551+00,2026-07-13 01:23:10.726565+00,0.43503,0.429905,0.73490657,0.49984,22.184603820426,btc_dump
FVG - 1m,LABUSDT,0,2026-07-12 07:53:03.937055+00,2026-07-12 07:53:29.737279+00,0.4485000,0.447775,0.55408306,0.447775,-0.362377926421,sl_hit
FVG - 1m,SYNUSDT,1,2026-07-13 23:21:35.537634+00,2026-07-13 23:33:44.032269+00,0.2442000,0.2482905,0.241067,0.241067,1.805216953317,tp_hit
FVG - 5m,PROMUSDT,0,2026-07-13 23:21:41.649146+00,2026-07-13 23:21:45.293292+00,1.22900000,1.2267,1.29605,1.2267,-0.400603742880,sl_hit
FVG - 1m,HEIUSDT,0,2026-07-12 17:24:46.639196+00,2026-07-12 17:28:53.595877+00,0.10490000,0.104785,0.1161225,0.104785,-0.284376549095,sl_hit
Scalping Clone,PYTHUSDT,0,2026-07-15 02:23:11.21618+00,2026-07-15 04:46:35.938803+00,0.0489900,0.04774005,0.049622,0.049622,1.814314758114,tp_hit
FVG - 15m,VICUSDT,0,2026-07-13 23:21:23.422397+00,2026-07-14 14:46:22.527954+00,0.03750000,0.037385,0.040065,0.040065,10.1358960000,tp_hit
FVG - 1m,BSBUSDT,0,2026-07-16 06:42:11.557998+00,2026-07-16 06:57:26.133596+00,0.1345800,0.133817,0.141189,0.133817,-0.970083370486,sl_hit
FVG - 1m,SNXXUSDT,1,2026-07-15 14:49:22.194382+00,2026-07-15 14:52:44.834465+00,17.35000,17.6115,16.479,17.6115,-2.381711239193,sl_hit
FVG - 1m,STOUSDT,1,2026-07-15 02:21:36.330073+00,2026-07-15 02:24:17.403865+00,0.0449600,0.045015,0.04445,0.045015,-0.303569839858,sl_hit
Standard Scalping,SXTUSDT,0,2026-07-14 08:09:06.108308+00,2026-07-14 08:20:28.544586+00,0.00965,0.00915026,0.0100699,0.010116,7.120625906736,tp_hit
Scalping Clone,CLOUSDT,0,2026-07-12 08:02:33.264522+00,2026-07-12 15:09:11.744926+00,0.2727000,0.25373531,0.31100696,0.2709100,-1.119353135313,timeout
Standard Scalping,FIGHTUSDT,0,2026-07-09 19:41:41.939746+00,2026-07-09 22:30:25.995131+00,0.003288000000,0.003238090000,0.003462690000,0.003262000000,-1.305656934307,timeout
FVG - 5m,STEEMUSDT,0,2026-07-12 17:44:10.418943+00,2026-07-12 17:54:37.978511+00,0.040880,0.0407965,0.0444366,0.0407965,-0.426261986301,sl_hit
FVG - 1m,QUSDT,0,2026-07-12 08:02:23.063092+00,2026-07-12 08:02:41.0479+00,0.0202320,0.02020375,0.02130389,0.02020375,-0.329361654804,sl_hit
FVG - 1m,LINEAUSDT,0,2026-07-13 23:33:55.583272+00,2026-07-13 23:35:12.754206+00,0.0024590,0.00245725,0.0024945,0.0024580,-0.180976006506,sl_hit
FVG - 5m,LAUSDT,0,2026-07-13 23:34:01.659059+00,2026-07-14 00:22:06.849656+00,0.055360,0.05527,0.05793,0.055210,-0.526268063584,sl_hit
FVG - 1m,BILLUSDT,1,2026-07-14 08:13:09.785536+00,2026-07-14 08:15:59.517516+00,0.0625000,0.0638675,0.060812,0.060812,3.9328204800,tp_hit
Standard Scalping,PARTIUSDT,0,2026-07-13 03:07:58.93849+00,2026-07-13 05:19:27.275272+00,0.03428,0.03342437,0.03701801,0.03374,-2.481948658110,timeout
Standard Scalping,POWERUSDT,0,2026-07-08 11:10:23.245039+00,2026-07-08 15:35:20.960353+00,0.084710000000,0.081741240000,0.094252020000,0.094580000000,17.334519537245,tp_hit
Standard Scalping,BSPUSDT,0,2026-07-07 13:34:50.800577+00,2026-07-07 15:31:15.094518+00,35.930000000000,35.253800000000,38.161700000000,38.210000000000,9.379387698302,tp_hit
Standard Scalping,DOLOUSDT,0,2026-07-09 16:27:36.105848+00,2026-07-09 21:31:17.370818+00,0.023200000000,0.022657120000,0.024937220000,0.023140000000,-0.507775862069,timeout
FVG - 5m,OGNUSDT,0,2026-07-12 17:55:52.456637+00,2026-07-12 18:12:05.999757+00,0.01738,0.01718132,0.02019612,0.01718132,-1.834043682393,sl_hit
FVG - 1m,LUMIAUSDT,0,2026-07-14 08:19:05.456168+00,2026-07-14 08:38:52.85412+00,0.0729300,0.072755,0.07535,0.072755,-0.479790209791,sl_hit
FVG - 1m,METUSDT,1,2026-07-15 02:27:04.393625+00,2026-07-15 02:33:17.45341+00,0.1602000,0.16149,0.155175,0.16149,-1.328348314606,sl_hit
FVG - 15m,USUALUSDT,0,2026-07-13 23:33:47.481566+00,2026-07-15 05:02:17.752782+00,0.00859000,0.0084995,0.0092865,0.0084995,-1.699693830035,sl_hit
FVG - 15m,MMTUSDT,0,2026-07-13 23:47:47.42927+00,2026-07-13 23:50:08.383854+00,0.1636000,0.163225,0.177345,0.163225,-0.463688875306,sl_hit
Standard Scalping,CLOUSDT,0,2026-07-11 18:47:47.694111+00,2026-07-11 20:53:47.47436+00,0.261160000000,0.249245680000,0.299537840000,0.260450000000,-0.527632868739,
Standard Scalping,CHZUSDT,0,2026-07-11 20:53:48.66841+00,2026-07-11 22:20:38.860616+00,0.017610000000,0.017461420000,0.018175030000,0.017450000000,-1.482316865417,sl_hit
Standard Scalping,龙虾USDT,0,2026-07-10 12:20:01.127014+00,2026-07-10 18:17:32.484015+00,0.014442000000,0.014069150000,0.015629970000,0.015631000000,12.224457831325,tp_hit
Scalping Clone,KATUSDT,0,2026-07-11 04:21:33.794832+00,2026-07-11 04:29:01.830005+00,0.005742000000,0.005445280000,0.006655180000,0.005438000000,-8.058307210031,sl_hit
Scalping Clone,ANKRUSDT,0,2026-07-11 21:59:50.2886+00,2026-07-12 00:00:36.583899+00,0.003898000000,0.003740780000,0.004218850000,0.003738000000,-6.274540790149,timeout
Standard Scalping,CLOUSDT,0,2026-07-12 08:02:37.421916+00,2026-07-12 15:09:21.869305+00,0.27278,0.26342866,0.3025363,0.2707,-1.278465430017,timeout
Scalping Clone,DRIFTUSDT,0,2026-07-11 22:22:34.7122+00,2026-07-11 23:21:47.905429+00,0.015140000000,0.014823450000,0.016155350000,0.014790000000,-3.586248348745,sl_hit
Standard Scalping,RVNUSDT,0,2026-07-09 22:30:08.342122+00,2026-07-10 06:03:35.145745+00,0.004076000000,0.003962760000,0.004476830000,0.004046000000,-1.238607703631,timeout
Standard Scalping,KATUSDT,0,2026-07-11 04:21:40.177408+00,2026-07-11 04:28:56.971612+00,0.005729000000,0.005588400000,0.006275090000,0.005452000000,-7.369673590504,sl_hit
Standard Scalping,COOKIEUSDT,0,2026-07-11 19:20:07.660915+00,2026-07-11 21:24:46.430466+00,0.009470000000,0.009262610000,0.010195880000,0.009440000000,-0.594994720169,timeout
Scalping Clone,NAORISUSDT,0,2026-07-10 07:46:23.983712+00,2026-07-11 04:38:30.589084+00,0.035460000000,0.033706200000,0.038830710000,0.039010000000,14.860287648054,tp_hit
Standard Scalping,NAORISUSDT,0,2026-07-10 07:46:29.059814+00,2026-07-11 04:33:33.262706+00,0.035380000000,0.034577160000,0.038075100000,0.038080000000,11.291871113624,tp_hit
Scalping Clone,JCTUSDT,0,2026-07-09 04:20:41.763249+00,2026-07-09 15:36:37.23963+00,0.003395000000,0.003268300000,0.003658540000,0.003364000000,-1.504197349043,timeout
Scalping Clone,MUSDT,0,2026-07-10 09:34:17.340241+00,2026-07-10 12:55:38.201692+00,1.257900000000,1.204493920000,1.376376650000,1.377400000000,14.108294777009,tp_hit
FVG - 5m,WLDUSDT,1,2026-07-12 18:26:59.393715+00,2026-07-12 19:19:40.98142+00,0.42370000,0.42838,0.39411385,0.43280000,-3.342907717725,sl_hit
Scalping Clone,BLESSUSDT,0,2026-07-03 05:44:37.880391+00,2026-07-03 06:55:01.927525+00,0.007932000000,0.007508400000,0.008912060000,0.008912060000,18.406247655068,tp_hit
Standard Scalping,LITUSDT,0,2026-07-14 08:29:58.26987+00,2026-07-14 13:51:32.306217+00,2.415500,2.31037044,2.568975,2.568975,9.406823225005,tp_hit
Standard Scalping,DOLOUSDT,0,2026-07-09 16:12:34.48513+00,2026-07-09 16:25:39.689703+00,0.024110000000,0.023592140000,0.026102530000,0.023390000000,-4.597677312319,sl_hit
Scalping Clone,ONUSDT,0,2026-07-09 19:03:30.661133+00,2026-07-10 21:13:04.39131+00,0.088070000000,0.083230460000,0.101591430000,0.101591430000,22.853857320313,tp_hit
Standard Scalping,AAVEUSDT,0,2026-07-06 10:10:19.053927+00,2026-07-06 12:03:33.749048+00,91.490000000000,90.474461000000,95.044386500000,90.400000000000,-1.906365723030,
FVG - 1m,TERUSDT,1,2026-07-20 14:00:35.567508+00,2026-07-20 14:04:02.948868+00,345.53000,346.363,332.449,346.363,-0.481763030706,sl_hit
Standard Scalping,MUSDT,0,2026-07-01 10:39:58.232+00,2026-07-01 10:46:33.39153+00,0.799500000000,0.752009700000,0.965716050000,0.971900000000,32.212277673546,tp_hit
Scalping Clone,BLESSUSDT,0,2026-07-10 23:54:24.497663+00,2026-07-11 02:39:20.133527+00,0.008323000000,0.007963450000,0.009386380000,0.008149000000,-3.254634146341,timeout
Standard Scalping,TUTUSDT,0,2026-07-09 16:52:34.687376+00,2026-07-09 19:11:52.940259+00,0.010970000000,0.010656700000,0.011972570000,0.010650000000,-4.493819507748,timeout
Scalping Clone,ZKPUSDT,0,2026-07-03 02:22:51.082018+00,2026-07-03 02:33:35.340352+00,0.049100000000,0.047479710000,0.052229400000,0.052450000000,10.110122199593,tp_hit
Standard Scalping,SAFEUSDT,0,2026-07-04 05:55:25.856066+00,2026-07-04 07:45:31.891874+00,0.094400000000,0.093284190000,0.097970590000,0.098100000000,5.756885593220,tp_hit
Standard Scalping,AGTUSDT,0,2026-07-06 07:49:52.758471+00,2026-07-06 08:21:35.961898+00,0.012160000000,0.011874000000,0.013161010000,0.013166000000,12.284575657895,tp_hit
Standard Scalping,SPELLUSDT,0,2026-07-04 21:13:47.878474+00,2026-07-04 21:17:09.059016+00,0.000098800000,0.000096800000,0.000103090000,0.000103100000,6.405728744939,tp_hit
Scalping Clone,NAORISUSDT,0,2026-07-03 13:21:53.812652+00,2026-07-03 20:01:37.603276+00,0.039850000000,0.038315170000,0.043505480000,0.043540000000,13.748872020075,tp_hit
Scalping Clone,AAVEUSDT,0,2026-07-06 10:10:22.436683+00,2026-07-06 15:46:55.060653+00,91.470000000000,89.458922000000,96.110702450000,96.200000000000,7.618283043621,tp_hit
Scalping Clone,PHAROSUSDT,0,2026-07-07 00:10:33.382413+00,2026-07-07 03:16:54.95983+00,0.418000000000,0.406413040000,0.444360330000,0.445400000000,9.708602870813,tp_hit
Scalping Clone,BANANAS31USDT,0,2026-07-09 21:09:21.141249+00,2026-07-10 03:31:46.183579+00,0.008568000000,0.008045690000,0.010112720000,0.008425000000,-2.637680322129,timeout
Scalping Clone,STBLUSDT,0,2026-07-09 22:16:49.878471+00,2026-07-10 09:08:20.752767+00,0.023600000000,0.022778720000,0.026028940000,0.023580000000,-0.262061440678,timeout
Standard Scalping,ONUSDT,0,2026-07-09 23:15:51.298671+00,2026-07-09 23:26:11.165252+00,0.092070000000,0.089307900000,0.100908720000,0.092290000000,0.238279569892,tp_hit
Scalping Clone,ZKCUSDT,0,2026-07-02 00:09:42.014319+00,2026-07-02 00:35:21.136243+00,0.045100000000,0.043759060000,0.047954130000,0.043720000000,-4.707964523282,
Standard Scalping,SCRTUSDT,0,2026-07-06 09:52:50.674556+00,2026-07-06 11:18:15.41209+00,0.056840000000,0.055049530000,0.062521640000,0.054940000000,-5.132068965517,
Standard Scalping,TNSRUSDT,0,2026-07-01 10:30:09.742594+00,2026-07-01 10:42:20.048018+00,0.036840000000,0.035959050000,0.040193330000,0.035830000000,-4.230732899023,
Standard Scalping,BABAUSDT,0,2026-07-09 01:39:35.35691+00,2026-07-09 01:44:13.369082+00,112.870000000000,111.569758800000,116.835844200000,111.360000000000,-2.125930716754,
Standard Scalping,POPCATUSDT,0,2026-07-04 09:04:08.913388+00,2026-07-04 10:45:42.65985+00,0.051380000000,0.050306240000,0.054984020000,0.050290000000,-3.300899182561,
Standard Scalping,IOTXUSDT,0,2026-07-04 23:29:38.370313+00,2026-07-05 00:00:54.142226+00,0.003025000000,0.002991970000,0.003140620000,0.002991000000,-1.805276033058,
Standard Scalping,HEIUSDT,0,2026-07-01 14:40:10.045182+00,2026-07-01 15:11:38.354702+00,0.135540000000,0.131961610000,0.148289360000,0.131950000000,-4.091407702523,
Scalping Clone,HEIUSDT,0,2026-07-01 14:40:18.692223+00,2026-07-01 17:18:48.714812+00,0.135530000000,0.128285900000,0.152043080000,0.128280000000,-8.140844093559,
Standard Scalping,PARTIUSDT,0,2026-07-03 09:21:42.953362+00,2026-07-03 09:30:44.788158+00,0.050340000000,0.049118120000,0.054712020000,0.049110000000,-3.783611442193,
Standard Scalping,SXTUSDT,0,2026-07-03 09:36:52.687419+00,2026-07-03 13:17:02.053397+00,0.007363000000,0.007241070000,0.007789760000,0.007241000000,-2.604405812848,
Standard Scalping,CHILLGUYUSDT,0,2026-07-03 20:53:18.48574+00,2026-07-03 22:34:49.826768+00,0.010590000000,0.010352550000,0.011398560000,0.010346000000,-3.574708215297,
Scalping Clone,JCTUSDT,1,2026-07-04 08:17:43.278025+00,2026-07-04 16:37:15.002799+00,0.004243000000,0.004389640000,0.003937990000,0.003936000000,10.722673815696,
Scalping Clone,我踏马来了USDT,0,2026-07-05 13:22:09.824217+00,2026-07-05 13:40:03.677397+00,0.008603000000,0.008356870000,0.009185880000,0.008524000000,-1.496875508544,
Standard Scalping,DOGSUSDT,0,2026-07-04 08:39:25.409453+00,2026-07-04 08:52:18.381305+00,0.000049950000,0.000048190000,0.000054730000,0.000048060000,-5.793405405405,
Standard Scalping,FLUIDUSDT,0,2026-07-01 10:24:51.28313+00,2026-07-01 11:47:39.846523+00,0.980000000000,0.953624320000,1.067814880000,1.068000000000,13.344000000000,
Standard Scalping,1000000MOGUSDT,0,2026-07-03 06:29:10.026121+00,2026-07-03 07:31:19.216147+00,0.113600000000,0.112693470000,0.116772850000,0.112600000000,-1.439894366197,
Scalping Clone,BASEDUSDT,0,2026-07-04 04:15:17.570979+00,2026-07-04 06:10:00.47232+00,0.101080000000,0.096018270000,0.112791930000,0.095740000000,-8.041246537396,
Scalping Clone,MIRAUSDT,0,2026-07-04 00:10:06.720961+00,2026-07-04 01:09:02.734896+00,0.048400000000,0.046913150000,0.051782580000,0.052800000000,13.495155991736,
Standard Scalping,TSTUSDT,0,2026-07-04 04:24:42.898348+00,2026-07-04 04:38:23.675992+00,0.011433000000,0.011290110000,0.011991630000,0.011290000000,-1.995397533456,
Scalping Clone,TSTUSDT,0,2026-07-04 04:24:46.402022+00,2026-07-04 06:17:06.867355+00,0.011433000000,0.011126430000,0.012146820000,0.011124000000,-4.172432432432,
Scalping Clone,1000BONKUSDT,0,2026-07-04 22:09:44.247571+00,2026-07-04 22:50:07.363899+00,0.005036000000,0.004916950000,0.005283630000,0.004915000000,-3.722609213662,
Standard Scalping,我踏马来了USDT,0,2026-07-05 13:22:06.482742+00,2026-07-05 14:28:19.675521+00,0.008605000000,0.008478510000,0.009047730000,0.008476000000,-2.367793143521,
Standard Scalping,SOXLUSDT,0,2026-07-03 18:07:41.236853+00,2026-07-03 18:45:41.240113+00,193.770000000000,191.109363200000,203.037228800000,191.090000000000,-2.193794705063,
Scalping Clone,OPNUSDT,0,2026-07-05 13:40:07.05889+00,2026-07-05 15:46:01.257513+00,0.072100000000,0.069280750000,0.079168790000,0.069200000000,-6.150873786408,
Scalping Clone,AGTUSDT,0,2026-07-06 07:49:56.059224+00,2026-07-06 08:26:25.378249+00,0.012151000000,0.011578460000,0.013450240000,0.013462000000,16.057379639536,
Standard Scalping,PHAROSUSDT,0,2026-07-07 00:10:29.610409+00,2026-07-07 00:17:15.184638+00,0.417600000000,0.412305130000,0.438382030000,0.412300000000,-2.022974137931,
Scalping Clone,HBARUSDT,0,2026-07-04 22:58:41.010692+00,2026-07-05 01:33:49.210526+00,0.077060000000,0.075349270000,0.080951920000,0.075340000000,-3.481570853880,
Scalping Clone,我踏马来了USDT,0,2026-07-04 23:11:22.518546+00,2026-07-05 02:46:30.648454+00,0.008888000000,0.008630960000,0.009472770000,0.008612000000,-4.791198807381,
Standard Scalping,BELUSDT,0,2026-07-04 07:36:05.326056+00,2026-07-04 07:40:34.411592+00,0.116000000000,0.112423790000,0.128651740000,0.112310000000,-4.889643103448,
Standard Scalping,ALTUSDT,0,2026-07-04 01:39:18.722673+00,2026-07-04 02:48:57.56774+00,0.006428000000,0.006361660000,0.006660180000,0.006359000000,-1.729499066584,
Scalping Clone,SPELLUSDT,0,2026-07-04 21:13:51.988125+00,2026-07-04 21:17:44.179165+00,0.000098700000,0.000095890000,0.000105090000,0.000105100000,9.602553191489,
Scalping Clone,MIRAUSDT,0,2026-07-07 00:10:43.921568+00,2026-07-07 00:52:20.650445+00,0.049790000000,0.048617330000,0.052392330000,0.048570000000,-3.793966659972,
Standard Scalping,1000RATSUSDT,0,2026-07-06 20:39:55.251695+00,2026-07-06 21:54:44.073211+00,0.033000000000,0.032540640000,0.034469950000,0.032540000000,-2.210072727273,
Scalping Clone,1000RATSUSDT,0,2026-07-06 20:39:59.11128+00,2026-07-06 23:33:55.257561+00,0.033000000000,0.032081280000,0.034910940000,0.032080000000,-4.314818181818,
Standard Scalping,UAIUSDT,0,2026-07-08 14:11:39.019689+00,2026-07-08 15:23:23.030648+00,0.413400000000,0.392606060000,0.484378790000,0.392100000000,-7.860348330914,
Standard Scalping,VANRYUSDT,0,2026-07-08 07:10:19.129966+00,2026-07-08 09:39:23.491759+00,0.007192000000,0.006776670000,0.008609660000,0.006722000000,-9.918637374861,
Standard Scalping,TAKEUSDT,0,2026-07-08 16:11:04.707544+00,2026-07-08 16:15:37.492251+00,0.022150000000,0.021197880000,0.025392400000,0.021160000000,-6.821607223476,
Scalping Clone,TAIKOUSDT,1,2026-07-03 13:36:43.988147+00,2026-07-03 22:12:08.794249+00,0.117300000000,0.127800700000,0.093410920000,0.117900000000,-0.902237851662,timeout
Standard Scalping,SKRUSDT,0,2026-07-07 00:38:45.548748+00,2026-07-07 06:48:26.417536+00,0.009678000000,0.009545020000,0.010103520000,0.009677000000,-0.150497520149,timeout
FVG - 5m,AWEUSDT,0,2026-07-12 08:16:35.739813+00,2026-07-14 08:19:44.781502+00,0.0606300,0.06004076,0.06757211,0.0649100,10.464581890153,timeout
FVG - 1m,THEUSDT,1,2026-07-13 23:47:59.551455+00,2026-07-14 00:24:16.64682+00,0.0554000,0.056345,0.05501,0.056345,-2.679687725632,sl_hit
Scalping Clone,KASUSDT,0,2026-07-15 01:17:40.393578+00,2026-07-15 02:33:47.543874+00,0.02908,0.02876594,0.0296605,0.02873,-1.924642365887,sl_hit
FVG - 15m,0GUSDT,0,2026-07-29 13:43:13.213411+00,2026-07-29 13:47:27.826321+00,0.1510000,0.15057,0.166325,0.15057,-0.546981456954,sl_hit
FVG - 5m,STGUSDT,0,2026-07-13 23:48:05.618841+00,2026-07-14 00:12:37.266531+00,0.1412000,0.140655,0.14685,0.140655,-0.698734419264,sl_hit
FVG - 1m,TUTUSDT,1,2026-07-13 23:59:48.586217+00,2026-07-14 00:05:48.20517+00,0.0125200,0.012576,0.0122915,0.012576,-0.791194888179,sl_hit
Standard Scalping,ELSAUSDT,0,2026-07-13 06:21:52.928574+00,2026-07-13 08:25:56.257396+00,0.0568900,0.05544119,0.0590075,0.0559100,-2.702900333978,timeout
FVG - 5m,ONDOUSDT,1,2026-07-16 06:42:17.633002+00,2026-07-16 06:44:19.202797+00,0.3698000,0.370405,0.350565,0.370405,-0.365501081666,sl_hit
FVG - 1m,HEIUSDT,0,2026-07-22 08:57:40.843768+00,2026-07-22 09:03:16.909925+00,0.095270,0.094953,0.0987195,0.094953,-0.618908155767,sl_hit
FVG - 1m,TUSDT,0,2026-07-14 00:12:03.350275+00,2026-07-14 00:18:48.543346+00,0.004931,0.004736,0.005073,0.005073,4.197882782397,tp_hit
FVG - 5m,TREEUSDT,1,2026-07-14 14:49:07.295169+00,2026-07-14 15:01:00.008606+00,0.0448200,0.045115,0.04347,0.045115,-1.107677376171,sl_hit
Standard Scalping,ZKCUSDT,0,2026-07-02 00:09:38.40658+00,2026-07-02 00:15:18.45473+00,0.045110000000,0.044685410000,0.047586070000,0.044660000000,-1.615743737530,sl_hit
Scalping Clone,SKHYNIXUSDT,0,2026-07-09 00:00:05.923377+00,2026-07-09 02:02:14.353182+00,1485.890000000000,1446.291641600000,1572.930515360000,1444.370000000000,-4.309750789089,sl_hit
FVG - 1m,NEWTUSDT,0,2026-07-15 02:37:00.065261+00,2026-07-15 02:41:56.545854+00,0.04590000,0.045785,0.04725,0.045785,-0.495666666667,sl_hit
FVG - 1m,HYUNDAIUSDT,1,2026-07-14 00:20:51.333266+00,2026-07-14 02:20:29.000564+00,287.23000,293.89492,281.828,281.828,2.702212582251,tp_hit
FVG - 5m,BEAMUSDT,0,2026-07-12 19:45:53.553118+00,2026-07-12 19:47:56.596724+00,0.001602,0.00157981,0.00176577,0.00157981,-2.196884269663,sl_hit
Scalping Clone,BUSDT,0,2026-07-13 10:47:35.456017+00,2026-07-13 13:54:38.514165+00,0.1253000,0.11649412,0.1494714,0.1204000,-5.983575418994,timeout
Scalping Clone,ESPORTSUSDT,0,2026-07-01 02:17:37.827422+00,2026-07-01 05:55:57.262644+00,0.028400000000,0.025601350000,0.036090000000,0.028090000000,-1.756669014085,lse_exit
Standard Scalping,SKRUSDT,0,2026-07-01 11:43:27.829626+00,2026-07-01 13:01:09.060569+00,0.009021000000,0.008663120000,0.010336580000,0.008652000000,-6.253229132025,sl_hit
Standard Scalping,FLOCKUSDT,0,2026-07-03 02:38:12.956684+00,2026-07-03 03:26:26.423635+00,0.036240000000,0.035729020000,0.038028440000,0.035720000000,-2.271456953642,sl_hit
FVG - 5m,EVAAUSDT,0,2026-07-14 00:20:57.392358+00,2026-07-14 00:22:13.619511+00,0.854900,0.84749,0.964305,0.84749,-1.419632003743,sl_hit
Standard Scalping,RESOLVUSDT,0,2026-07-01 06:33:22.92965+00,2026-07-01 09:12:41.380906+00,0.020980000000,0.020318760000,0.023024340000,0.020300000000,-4.994685414681,sl_hit
Scalping Clone,IOTXUSDT,0,2026-07-04 23:29:44.881858+00,2026-07-05 02:45:09.444527+00,0.003025000000,0.002958930000,0.003175300000,0.002958000000,-3.455851239669,sl_hit
Scalping Clone,HOTUSDT,0,2026-07-05 15:52:42.749851+00,2026-07-05 22:59:12.989534+00,0.000392400000,0.000357980000,0.000470370000,0.000366900000,-9.878184250765,timeout
FVG - 1m,BLURUSDT,0,2026-07-15 02:49:34.850763+00,2026-07-15 03:04:11.402601+00,0.016426,0.016397,0.016708,0.016397,-0.384718129794,sl_hit
Standard Scalping,WLDUSDT,0,2026-07-03 00:57:16.996073+00,2026-07-03 05:57:10.513863+00,0.421200000000,0.413027850000,0.451152520000,0.418500000000,-1.081153846154,timeout
Scalping Clone,SPXUSDT,0,2026-07-04 15:00:43.042124+00,2026-07-04 19:11:42.993531+00,0.419700000000,0.402893880000,0.453021420000,0.411700000000,-2.993091493924,timeout
Standard Scalping,KITEUSDT,0,2026-07-03 11:06:31.758963+00,2026-07-03 12:10:02.202111+00,0.117470000000,0.114670760000,0.127132320000,0.114590000000,-3.796063675832,sl_hit
Standard Scalping,NAORISUSDT,0,2026-07-03 13:21:49.924065+00,2026-07-03 14:08:40.713215+00,0.039900000000,0.039107590000,0.042673450000,0.039000000000,-3.502105263158,sl_hit
Standard Scalping,BUSDT,0,2026-07-13 10:47:41.572274+00,2026-07-13 10:55:01.759548+00,0.1253000,0.12079459,0.13945053,0.12079459,-5.511390067040,sl_hit
Standard Scalping,JCTUSDT,1,2026-07-04 08:17:39.943923+00,2026-07-04 14:49:04.259486+00,0.004243000000,0.004316320000,0.004008380000,0.003993000000,8.706784115013,tp_hit
Scalping Clone,CHILLGUYUSDT,0,2026-07-03 20:53:21.942718+00,2026-07-04 01:12:37.75161+00,0.010600000000,0.010134450000,0.011659130000,0.010302000000,-4.349864150943,timeout
Standard Scalping,TAIKOUSDT,1,2026-07-03 13:36:35.823512+00,2026-07-04 00:37:11.128472+00,0.117300000000,0.122550350000,0.098923780000,0.122800000000,-7.170728900256,sl_hit
Scalping Clone,RESOLVUSDT,0,2026-07-01 06:33:31.927463+00,2026-07-01 12:58:30.378411+00,0.020960000000,0.019774070000,0.023723490000,0.020940000000,-0.277943702290,timeout
Scalping Clone,POPCATUSDT,0,2026-07-03 06:24:15.298812+00,2026-07-03 11:39:59.428272+00,0.048890000000,0.046610720000,0.054206370000,0.048820000000,-0.349718756392,timeout
Scalping Clone,POPCATUSDT,0,2026-07-04 09:04:14.861826+00,2026-07-04 13:11:14.851895+00,0.051370000000,0.049144650000,0.055998720000,0.050730000000,-1.988047498540,timeout
Standard Scalping,UBUSDT,0,2026-07-14 15:19:47.835457+00,2026-07-14 15:48:06.471174+00,0.07817,0.07669259,0.08282385,0.07669259,-2.953860245619,sl_hit
Scalping Clone,ALTUSDT,0,2026-07-04 01:39:22.027282+00,2026-07-04 06:28:21.442307+00,0.006428000000,0.006295330000,0.006729830000,0.006293000000,-3.269019912881,sl_hit
Scalping Clone,MEGAUSDT,0,2026-07-04 12:42:48.832515+00,2026-07-04 16:51:11.679473+00,0.055770000000,0.053281390000,0.061366090000,0.054520000000,-3.480677783755,timeout
Scalping Clone,TAGUSDT,0,2026-07-05 04:24:47.904275+00,2026-07-05 08:33:54.073638+00,0.000911000000,0.000888480000,0.000962230000,0.000908000000,-0.613765093304,timeout
Scalping Clone,IOUSDT,0,2026-07-03 07:24:33.56497+00,2026-07-03 11:40:09.770091+00,0.182000000000,0.175089660000,0.197393510000,0.178700000000,-2.853497802198,timeout
Scalping Clone,WLDUSDT,0,2026-07-03 00:57:20.714114+00,2026-07-03 05:06:53.92383+00,0.421100000000,0.403979820000,0.459393410000,0.415800000000,-2.007157444787,timeout
Standard Scalping,SANDUSDT,0,2026-07-03 08:20:01.389334+00,2026-07-03 08:52:38.615898+00,0.050350000000,0.049825180000,0.052231880000,0.049820000000,-1.698315789474,sl_hit
Standard Scalping,SCRTUSDT,0,2026-07-05 12:37:22.352192+00,2026-07-06 02:36:18.792323+00,0.052830000000,0.051522700000,0.057765550000,0.052210000000,-1.895377626349,timeout
FVG - 1m,BEUSDT,0,2026-07-16 12:32:59.484906+00,2026-07-16 12:34:46.724711+00,230.79,229.9135,239.756,229.9135,-0.689445859873,sl_hit
Scalping Clone,FLUIDUSDT,0,2026-07-01 10:24:57.88961+00,2026-07-01 12:18:20.830211+00,0.982000000000,0.929196800000,1.095577280000,1.097000000000,17.439164969450,tp_hit
Scalping Clone,HEIUSDT,0,2026-07-04 17:40:21.123215+00,2026-07-04 22:42:13.907628+00,0.136540000000,0.118040360000,0.173386850000,0.127160000000,-10.420550754358,timeout
Standard Scalping,TRBUSDT,0,2026-07-04 15:24:03.152093+00,2026-07-04 19:51:46.130616+00,16.418000000000,16.104550000000,17.555440000000,16.234000000000,-1.815303325618,timeout
Scalping Clone,PYTHUSDT,0,2026-07-07 10:29:06.577526+00,2026-07-07 14:36:41.124791+00,0.045810000000,0.044336750000,0.049161640000,0.044330000000,-4.964165029470,timeout
Scalping Clone,NEIROUSDT,0,2026-07-05 19:12:30.286116+00,2026-07-06 00:35:03.573244+00,0.000069610000,0.000067360000,0.000074520000,0.000069150000,-1.110840396495,timeout
Standard Scalping,MIRAUSDT,0,2026-07-04 00:10:03.411591+00,2026-07-04 00:13:54.724004+00,0.048510000000,0.047764890000,0.051117900000,0.047670000000,-2.716363636364,sl_hit
Standard Scalping,REUSDT,0,2026-07-05 01:39:16.512087+00,2026-07-05 01:48:58.565516+00,0.657100000000,0.644301940000,0.700993780000,0.639500000000,-4.136046263887,sl_hit
Standard Scalping,POPCATUSDT,0,2026-07-03 06:24:11.456143+00,2026-07-03 11:59:49.864008+00,0.048930000000,0.047780120000,0.052999570000,0.048880000000,-0.288243408952,timeout
Standard Scalping,1000BONKUSDT,0,2026-07-04 22:09:40.865272+00,2026-07-04 22:20:07.688241+00,0.005035000000,0.004976470000,0.005226480000,0.004976000000,-1.876993048659,sl_hit
Standard Scalping,SPXUSDT,0,2026-07-04 11:14:42.348174+00,2026-07-04 18:26:40.092533+00,0.419400000000,0.411209000000,0.445818510000,0.415100000000,-1.672356938484,timeout
Scalping Clone,HMSTRUSDT,0,2026-07-06 04:11:59.290915+00,2026-07-06 07:07:06.625108+00,0.000322200000,0.000301380000,0.000365820000,0.000301200000,-9.907285847300,sl_hit
FVG - 5m,SYRUPUSDT,0,2026-07-16 12:42:14.169285+00,2026-07-16 12:42:34.033837+00,0.1883500,0.18828,0.195287,0.18828,-0.175724980090,sl_hit
Standard Scalping,TAGUSDT,0,2026-07-05 04:24:42.219983+00,2026-07-05 08:28:45.238273+00,0.000911000000,0.000899740000,0.000950410000,0.000904000000,-1.272118551043,timeout
Scalping Clone,REUSDT,0,2026-07-05 01:39:23.60491+00,2026-07-05 06:43:59.40741+00,0.655600000000,0.629940820000,0.712975090000,0.656600000000,0.108706528371,timeout
FVG - 5m,DEXEUSDT,1,2026-07-14 00:49:14.816109+00,2026-07-14 00:57:45.874122+00,41.360000,41.8444,39.1069,41.8444,-1.877472533849,sl_hit
Scalping Clone,SENTUSDT,0,2026-07-03 16:37:03.568717+00,2026-07-03 19:36:55.71195+00,0.014890000000,0.014311480000,0.016140630000,0.014310000000,-5.975339153794,sl_hit
Scalping Clone,NILUSDT,0,2026-07-04 07:14:20.270049+00,2026-07-04 11:15:59.729951+00,0.038780000000,0.037100050000,0.042274300000,0.038040000000,-2.995911552347,timeout
Scalping Clone,KITEUSDT,0,2026-07-05 23:21:15.42932+00,2026-07-06 05:37:45.641282+00,0.119690000000,0.116735330000,0.126280880000,0.119400000000,-0.483293508230,timeout
Scalping Clone,SKLUSDT,0,2026-07-04 11:18:12.204495+00,2026-07-04 12:39:20.300246+00,0.003780000000,0.003677490000,0.004013220000,0.003677000000,-4.205666666667,sl_hit
Scalping Clone,BELUSDT,0,2026-07-04 07:36:13.640624+00,2026-07-04 08:40:00.984719+00,0.115910000000,0.108705030000,0.132301300000,0.108680000000,-9.472654645846,sl_hit
Standard Scalping,我踏马来了USDT,0,2026-07-04 23:11:15.825123+00,2026-07-05 01:31:04.376087+00,0.008888000000,0.008731880000,0.009308400000,0.008727000000,-2.851156053105,sl_hit
Standard Scalping,JCTUSDT,0,2026-07-05 15:34:19.575787+00,2026-07-06 04:17:32.595339+00,0.003608000000,0.003522280000,0.003917030000,0.003585000000,-1.090717849224,timeout
Standard Scalping,龙虾USDT,0,2026-07-05 03:40:07.1892+00,2026-07-05 10:24:33.77439+00,0.014345000000,0.013992860000,0.015572990000,0.014316000000,-0.438534332520,timeout
Scalping Clone,MINAUSDT,0,2026-07-07 10:33:23.644263+00,2026-07-07 13:58:15.711462+00,0.049570000000,0.048308420000,0.052286490000,0.048280000000,-4.022009279806,sl_hit
Scalping Clone,ACTUSDT,0,2026-07-05 13:38:17.010542+00,2026-07-05 18:51:05.25818+00,0.009280000000,0.009033890000,0.009839890000,0.009270000000,-0.296540948276,timeout
Standard Scalping,1000000BOBUSDT,0,2026-07-04 07:08:01.85563+00,2026-07-05 19:29:50.752325+00,0.019670000000,0.019177860000,0.021392500000,0.019150000000,-4.161886120996,sl_hit
Scalping Clone,XANUSDT,0,2026-07-06 20:40:09.714376+00,2026-07-06 23:12:58.77727+00,0.012420000000,0.011896190000,0.013533060000,0.011771000000,-7.969946859903,sl_hit
Scalping Clone,TAKEUSDT,0,2026-07-08 16:11:10.676895+00,2026-07-08 20:58:02.331271+00,0.022250000000,0.020256610000,0.026359210000,0.021540000000,-4.904602247191,timeout
Scalping Clone,CHILLGUYUSDT,0,2026-07-06 00:54:25.805272+00,2026-07-06 11:11:34.903446+00,0.010946000000,0.010556760000,0.011847890000,0.010926000000,-0.409198794080,timeout
Standard Scalping,HMSTRUSDT,0,2026-07-06 04:11:51.966807+00,2026-07-06 05:20:16.442765+00,0.000322300000,0.000312230000,0.000356220000,0.000311300000,-5.237406143345,sl_hit
Standard Scalping,IDUSDT,0,2026-07-06 08:14:33.253825+00,2026-07-06 14:58:03.485642+00,0.040290000000,0.039187670000,0.043817470000,0.039810000000,-1.921128071482,timeout
Scalping Clone,SIGNUSDT,0,2026-07-07 12:39:19.632308+00,2026-07-07 16:56:56.902168+00,0.009044000000,0.008689110000,0.009782160000,0.008862000000,-3.151890756303,timeout
Standard Scalping,DEXEUSDT,0,2026-07-07 11:58:26.641126+00,2026-07-07 12:25:18.9122+00,28.870000000000,28.321280600000,30.538517900000,28.320000000000,-2.976494631105,sl_hit
Scalping Clone,DEXEUSDT,0,2026-07-07 11:58:30.36068+00,2026-07-07 12:36:46.584934+00,28.870000000000,27.816971600000,31.042939610000,27.800000000000,-5.677180464150,sl_hit
FVG - 5m,BUSDT,0,2026-07-14 15:01:05.657427+00,2026-07-14 15:58:09.461562+00,0.115,0.11464,0.11978,0.11464,-0.589377391304,sl_hit
Standard Scalping,STOUSDT,0,2026-07-07 00:23:36.47714+00,2026-07-07 01:29:28.431307+00,0.049740000000,0.048993900000,0.052351350000,0.048990000000,-2.380856453559,sl_hit
Standard Scalping,SIGNUSDT,0,2026-07-07 12:39:16.343614+00,2026-07-07 13:21:33.028617+00,0.009044000000,0.008863620000,0.009608630000,0.008853000000,-3.286578947368,sl_hit
Standard Scalping,XNYUSDT,0,2026-07-06 16:21:28.847968+00,2026-07-06 20:51:12.361072+00,0.006800000000,0.006633130000,0.007384050000,0.006779000000,-0.583050000000,timeout
Scalping Clone,CRWDUSDT,0,2026-07-06 13:44:43.497831+00,2026-07-06 17:59:59.323548+00,202.820000000000,197.864721600000,214.126008360000,199.300000000000,-2.737493343852,timeout
Standard Scalping,SYNUSDT,0,2026-07-08 11:40:48.445293+00,2026-07-08 13:09:51.637593+00,0.428800000000,0.407986050000,0.501648830000,0.407600000000,-7.533078358209,sl_hit
Standard Scalping,SKHYNIXUSDT,0,2026-07-09 00:00:01.214721+00,2026-07-09 01:53:32.841012+00,1485.890000000000,1466.770717600000,1553.842488400000,1466.440000000000,-2.082684317143,sl_hit
Standard Scalping,RAVEUSDT,0,2026-07-07 05:40:03.644029+00,2026-07-07 11:36:59.286732+00,0.306400000000,0.299282020000,0.334012930000,0.304030000000,-1.295699412533,timeout
FVG - 1m,AUSDT,1,2026-07-15 03:10:00.535221+00,2026-07-15 03:35:18.929953+00,0.07600000,0.07623,0.074605,0.07623,-0.574128947368,sl_hit
Scalping Clone,ALABUSDT,0,2026-07-06 13:44:32.063423+00,2026-07-06 18:15:02.115334+00,440.610000000000,424.166434800000,478.019110830000,434.900000000000,-2.078385647171,timeout
Standard Scalping,MINAUSDT,0,2026-07-07 10:33:20.173592+00,2026-07-07 10:41:40.008671+00,0.049570000000,0.048904860000,0.051614450000,0.048900000000,-2.146624974783,sl_hit
Scalping Clone,XNYUSDT,0,2026-07-06 16:21:32.329044+00,2026-07-07 04:53:08.676937+00,0.006800000000,0.006466260000,0.007559270000,0.006672000000,-2.957452941176,timeout
Scalping Clone,TERUSDT,0,2026-07-07 20:11:05.965911+00,2026-07-08 00:12:10.861147+00,349.070000000000,335.791377200000,379.278866870000,344.350000000000,-2.162302833243,timeout
Scalping Clone,BLUAIUSDT,0,2026-07-07 14:39:42.802763+00,2026-07-07 20:52:28.722658+00,0.015975000000,0.015101970000,0.017918570000,0.015095000000,-8.394526760563,timeout
FVG - 5m,SNXXUSDT,1,2026-07-14 16:10:20.272572+00,2026-07-14 16:22:40.730525+00,23.03000,23.093,21.3645,23.26000,-1.618645245332,sl_hit
FVG - 1m,AIGENSYNUSDT,1,2026-07-15 03:42:00.509467+00,2026-07-15 04:02:26.135638+00,0.02349,0.0237125,0.023,0.0237125,-1.541385696041,sl_hit
FVG - 1m,NBISUSDT,1,2026-07-16 18:54:46.031438+00,2026-07-16 19:04:23.563068+00,174.88000,175.0805,170.972,175.0805,-0.292043858646,sl_hit
FVG - 5m,FHEUSDT,1,2026-07-12 19:55:45.897906+00,2026-07-12 20:03:57.322216+00,0.02142,0.0214775,0.01859999,0.0214775,-0.522822128852,sl_hit
FVG - 15m,0GUSDT,0,2026-07-13 23:59:40.514986+00,2026-07-14 01:09:25.031786+00,0.17400000,0.17285,0.18345,0.17285,-1.110982758621,sl_hit
FVG - 1m,UBUSDT,1,2026-07-16 12:42:10.130717+00,2026-07-16 13:01:36.650826+00,0.0814400,0.082519,0.0792715,0.082519,-2.108147593320,sl_hit
FVG - 1m,ERAUSDT,0,2026-07-16 19:08:15.072538+00,2026-07-16 19:09:59.269823+00,0.0749100,0.074608,0.0764105,0.074608,-0.724483780537,sl_hit
FVG - 5m,币安人生USDT,1,2026-07-14 16:31:33.946719+00,2026-07-14 16:34:42.771169+00,0.7810000,0.783925,0.7084,0.783925,-0.682004481434,sl_hit
FVG - 1m,ACHUSDT,1,2026-07-17 01:46:12.471873+00,2026-07-17 02:29:46.957027+00,0.0046140,0.0046236,0.0045362,0.0046236,-0.432218465539,sl_hit
Standard Scalping,AERGOUSDT,0,2026-07-18 00:09:19.759799+00,2026-07-18 00:42:44.292409+00,0.0247200,0.02364451,0.025307,0.02364451,-6.643421140777,sl_hit
FVG - 5m,ZROUSDT,0,2026-07-14 08:34:24.066142+00,2026-07-14 08:51:08.498034+00,0.86100000,0.85885,0.8879,0.8514000,-1.791804878049,sl_hit
FVG - 5m,KAITOUSDT,0,2026-07-14 01:08:55.300451+00,2026-07-14 01:24:38.962031+00,0.66640000,0.663055,0.688155,0.663055,-0.872625000000,sl_hit
FVG - 5m,SOXLUSDT,1,2026-07-14 16:34:50.229281+00,2026-07-14 16:43:52.870969+00,178.09,178.6935,169.6165,179.60,-1.392337582121,sl_hit
FVG - 15m,UAIUSDT,1,2026-07-15 15:20:56.770109+00,2026-07-15 17:20:54.282412+00,0.37841,0.380505,0.359495,0.3596000,7.324339737322,tp_hit
Standard Scalping,COWUSDT,0,2026-07-15 08:03:44.402317+00,2026-07-15 10:04:39.413549+00,0.1456000,0.14463904,0.14862702,0.1449000,-0.840865384616,timeout
FVG - 1m,HOMEUSDT,0,2026-07-15 04:05:49.464448+00,2026-07-15 04:07:03.427007+00,0.013328,0.013307,0.013699,0.0132800,-0.660000000000,sl_hit
FVG - 1m,XPINUSDT,0,2026-07-14 08:41:40.568662+00,2026-07-14 08:52:17.860647+00,0.0015880,0.00158325,0.00161465,0.00161465,2.396310453401,tp_hit
FVG - 5m,ALCHUSDT,0,2026-07-15 10:03:55.659435+00,2026-07-15 12:14:46.96772+00,0.02658,0.02623,0.029106,0.02623,-2.094379232506,sl_hit
FVG - 1m,BILLUSDT,1,2026-07-12 20:05:28.74036+00,2026-07-12 20:16:35.300809+00,0.05055,0.0512195,0.04707559,0.0512195,-2.107441543027,sl_hit
FVG - 5m,TLMUSDT,0,2026-07-15 18:35:12.386477+00,2026-07-15 18:49:48.234774+00,0.0016683,0.0016671,0.0017289,0.0016671,-0.227851105917,sl_hit
FVG - 15m,AGLDUSDT,0,2026-07-14 01:14:25.639836+00,2026-07-14 02:29:35.913709+00,0.16690000,0.16437,0.190525,0.16437,-2.392907130018,sl_hit
Standard Scalping,HIMSUSDT,0,2026-07-15 17:58:14.958895+00,2026-07-16 08:21:24.445453+00,36.56,35.9041136,38.44895283,36.77000,0.710871170678,timeout
FVG - 1m,FLOCKUSDT,1,2026-07-15 15:21:02.855664+00,2026-07-15 15:21:55.565565+00,0.0380300,0.038179,0.0353695,0.038179,-0.707929003418,sl_hit
FVG - 1m,HMSTRUSDT,0,2026-07-16 19:14:38.919939+00,2026-07-16 19:39:00.673551+00,0.0001928,0.00019234,0.00020099,0.00019234,-0.477740663900,sl_hit
FVG - 1m,INTWUSDT,0,2026-07-16 12:51:30.012693+00,2026-07-16 13:28:52.068821+00,24.76000,24.6295,25.214,25.214,2.629303715670,tp_hit
FVG - 5m,1000CHEEMSUSDT,0,2026-07-14 16:50:26.030103+00,2026-07-14 16:56:26.530586+00,0.00047800,0.00047621,0.00049841,0.00047621,-0.681490794980,sl_hit
FVG - 5m,OGNUSDT,0,2026-07-15 10:18:57.598781+00,2026-07-15 13:46:30.952177+00,0.01709,0.016799,0.017919,0.016799,-2.673103569339,sl_hit
Standard Scalping,UAIUSDT,0,2026-07-14 08:24:58.20975+00,2026-07-14 08:37:21.203543+00,0.3825000,0.37510757,0.40412615,0.37510757,-3.017832560000,sl_hit
FVG - 5m,PYTHUSDT,0,2026-07-15 18:58:06.19443+00,2026-07-15 20:49:31.0329+00,0.04771,0.047569,0.048711,0.047569,-0.563125969399,sl_hit
FVG - 5m,MANTRAUSDT,0,2026-07-14 01:28:56.153467+00,2026-07-14 11:35:36.991666+00,0.00618000,0.0061255,0.0098995,0.0062160,0.753436893204,timeout
FVG - 5m,BILLUSDT,1,2026-07-12 20:05:34.807356+00,2026-07-12 20:21:22.115201+00,0.05053,0.0514585,0.04177931,0.0514585,-2.877385909360,sl_hit
FVG - 5m,CHIPUSDT,1,2026-07-14 08:24:41.301182+00,2026-07-14 08:50:55.610632+00,0.0300400,0.030159,0.028947,0.03021000,-0.969207723036,sl_hit
FVG - 5m,AKEUSDT,1,2026-07-14 16:57:40.554565+00,2026-07-15 04:46:38.055774+00,0.0001902,0.00019244,0.00018313,0.00019244,-1.887268138802,sl_hit
Standard Scalping,0GUSDT,0,2026-07-15 14:49:31.031813+00,2026-07-15 16:51:29.720222+00,0.1962000,0.19066661,0.21529017,0.1959000,-0.364319571866,timeout
FVG - 5m,HOTUSDT,0,2026-07-15 19:04:45.411874+00,2026-07-15 19:31:13.921705+00,0.00035800,0.00035585,0.00036465,0.0003561,-0.915770949721,sl_hit
Standard Scalping,CAPUSDT,0,2026-07-15 19:04:53.516243+00,2026-07-15 21:46:06.026977+00,0.01718,0.01678108,0.01857622,0.01857622,12.065636018627,tp_hit
FVG - 1m,TACUSDT,0,2026-07-16 07:01:30.206236+00,2026-07-16 07:27:36.838246+00,0.0029660,0.0029449,0.00305505,0.00305505,4.381738705327,tp_hit
FVG - 1m,MMTUSDT,1,2026-07-15 04:11:03.306459+00,2026-07-15 04:36:06.633929+00,0.16627,0.16699,0.163015,0.16699,-0.769805737656,sl_hit
FVG - 1m,LRCUSDT,1,2026-07-17 15:59:31.775215+00,2026-07-17 16:00:35.267003+00,0.01879000,0.0190195,0.018357,0.01879000,-0.120000000000,tp_hit
FVG - 5m,ETHFIUSDT,0,2026-07-14 00:56:17.836078+00,2026-07-14 01:57:59.66039+00,0.38400000,0.38185,0.39695,0.3818000,-0.979031250000,sl_hit
FVG - 5m,STARUSDT,0,2026-07-16 07:01:35.688309+00,2026-07-16 09:10:22.657075+00,0.1848300,0.183955,0.1916,0.1916,5.35676188930403603001000,tp_hit
FVG - 1m,MVLLUSDT,0,2026-07-15 15:33:25.884154+00,2026-07-15 15:36:03.511094+00,27.08000,26.729,28.8385,26.729,-2.063461595274,sl_hit
FVG - 1m,DODOXUSDT,0,2026-07-17 08:32:36.184374+00,2026-07-17 08:36:18.433214+00,0.0221410,0.0220286,0.0226006,0.0220286,-0.881178627885,sl_hit
FVG - 5m,ANKRUSDT,0,2026-07-15 19:35:31.140969+00,2026-07-15 20:32:06.772412+00,0.003722,0.003691,0.00394,0.003691,-1.368828586782,sl_hit
FVG - 1m,DODOXUSDT,1,2026-07-15 10:25:28.595483+00,2026-07-15 10:31:38.184989+00,0.0267610,0.0268947,0.0189479,0.0268947,-0.869711221554,sl_hit
FVG - 5m,SXTUSDT,0,2026-07-16 12:51:34.647052+00,2026-07-16 12:53:07.371201+00,0.0084930,0.00844565,0.00874175,0.00844565,-0.955942423172,sl_hit
FVG - 5m,0GUSDT,0,2026-07-15 04:11:07.457468+00,2026-07-15 05:05:44.729402+00,0.1814000,0.1797,0.1883,0.1883,5.583340683572,tp_hit
FVG - 1m,LABUSDT,0,2026-07-14 08:58:57.120571+00,2026-07-14 09:05:55.940756+00,0.268,0.260715,0.305155,0.260715,-4.195794402985,sl_hit
FVG - 1m,ACTUSDT,1,2026-07-15 18:20:32.351796+00,2026-07-15 19:49:50.892735+00,0.00878000,0.0088515,0.0086915,0.0089300,-2.683667425969,sl_hit
Standard Scalping,BZUSDT,0,2026-07-14 08:59:26.838725+00,2026-07-14 09:11:06.88425+00,85.45000,84.8840668,87.48168958,84.8840668,-1.113048847373,sl_hit
FVG - 5m,BANKUSDT,1,2026-07-16 07:11:41.244427+00,2026-07-16 07:12:12.560966+00,0.0547800,0.0549565,0.05177,0.0549565,-0.603490142387,sl_hit
FVG - 5m,ZESTUSDT,0,2026-07-16 12:58:59.258475+00,2026-07-16 13:07:09.721208+00,0.2123500,0.2104845,0.2199835,0.2199835,5.270002307512,tp_hit
FVG - 5m,AIGENSYNUSDT,0,2026-07-17 15:59:35.847127+00,2026-07-17 16:07:50.804899+00,0.02379,0.0236195,0.024654,0.0236195,-1.20956998738980201740600,sl_hit
FVG - 1m,SYNUSDT,0,2026-07-15 04:32:53.318589+00,2026-07-15 04:46:38.086567+00,0.2609000,0.2593545,0.271086,0.2593545,-1.008203411269,sl_hit
FVG - 5m,BELUSDT,1,2026-07-14 02:03:51.604091+00,2026-07-14 03:30:37.53083+00,0.10570000,0.105815,0.10255,0.105815,-0.283263008515,sl_hit
FVG - 5m,SLXUSDT,0,2026-07-14 17:41:50.979033+00,2026-07-14 17:47:50.189896+00,0.1384,0.137838,0.1431105,0.137838,-0.728860404625,sl_hit
FVG - 1m,HEMIUSDT,0,2026-07-15 15:42:22.605065+00,2026-07-15 15:50:06.677665+00,0.00454000,0.0045285,0.004612,0.0045290,-0.483290748899,sl_hit
FVG - 5m,PTBUSDT,0,2026-07-16 06:50:54.917656+00,2026-07-16 07:04:02.613382+00,0.0005613,0.00055962,0.00058207,0.00055962,-0.568778193479,sl_hit
FVG - 1m,BEATUSDT,0,2026-07-15 10:34:29.418185+00,2026-07-15 10:47:39.19717+00,2.64630,2.6431,2.6986,2.6431,-0.301312776329,sl_hit
FVG - 1m,HOLOUSDT,1,2026-07-15 19:56:25.430267+00,2026-07-15 20:38:59.418728+00,0.07154,0.071945,0.06998,0.071945,-0.969514956668,sl_hit
FVG - 1m,AKEUSDT,1,2026-07-16 13:20:58.566315+00,2026-07-16 13:24:15.394243+00,0.0009362,0.00095988,0.00086882,0.00095988,-3.915578722495,sl_hit
FVG - 5m,RKLBUSDT,0,2026-07-16 19:57:56.936375+00,2026-07-16 22:50:03.836118+00,67.38,67.1175,71.4615,67.1175,-0.704138468388,sl_hit
FVG - 5m,EPICUSDT,1,2026-07-14 08:59:04.601364+00,2026-07-14 10:20:49.279634+00,0.3915,0.39215,0.3721,0.39215,-0.369141762452,sl_hit
Standard Scalping,MMTUSDT,0,2026-07-17 01:57:20.481021+00,2026-07-17 04:26:20.084704+00,0.1772000,0.17468022,0.18513732,0.1760000,-1.135395033860,timeout
FVG - 1m,HUMAUSDT,1,2026-07-17 16:08:52.951468+00,2026-07-17 16:10:42.239785+00,0.02291,0.023063,0.022536,0.023063,-1.122146660847,sl_hit
Standard Scalping,PLTRUSDT,0,2026-07-15 15:42:38.913024+00,2026-07-15 16:06:28.677694+00,134.69000,133.846716,138.0103446,133.846716,-1.058763107581,sl_hit
FVG - 1m,JTOUSDT,0,2026-07-15 04:40:07.532088+00,2026-07-15 04:40:47.577984+00,0.627200,0.62719,0.64059,0.62719,-0.122390625000,sl_hit
FVG - 1m,MYXUSDT,1,2026-07-16 19:44:15.09283+00,2026-07-16 20:04:43.809354+00,0.0794400,0.0802005,0.077743,0.0780400,2.524561933535,tp_hit
FVG - 5m,BEATUSDT,0,2026-07-16 07:22:56.148166+00,2026-07-16 07:49:26.759912+00,2.4860000,2.4638,2.581,2.4638,-1.458965406275,sl_hit
FVG - 1m,FWDIUSDT,0,2026-07-16 13:32:59.210404+00,2026-07-16 13:43:25.47811+00,4.189,4.1828,4.34365,4.1828,-0.341921222248,sl_hit
FVG - 1m,MOVEUSDT,0,2026-07-15 20:35:45.831831+00,2026-07-16 06:02:45.606691+00,0.0109000,0.010785,0.01108,0.0108700,-0.547706422018,timeout
FVG - 1m,EPICUSDT,1,2026-07-15 15:55:39.414843+00,2026-07-15 16:25:21.919188+00,0.44000000,0.44645,0.4295,0.4295,3.460977272727,tp_hit
FVG - 15m,SXTUSDT,0,2026-07-14 02:34:10.329755+00,2026-07-14 02:35:30.822337+00,0.007875,0.007867,0.009033,0.007867,-0.272320000000,sl_hit
FVG - 1m,MEGAUSDT,1,2026-07-14 02:34:16.40409+00,2026-07-14 06:53:05.694981+00,0.0484200,0.0486155,0.047682,0.0477300,2.018401486988,tp_hit
FVG - 1m,HOMEUSDT,0,2026-07-18 06:35:55.364471+00,2026-07-18 06:36:34.075883+00,0.0069500,0.006897,0.00728,0.006897,-1.263427338129,sl_hit
FVG - 1m,OUSDT,1,2026-07-20 23:57:21.591835+00,2026-07-21 00:14:06.957671+00,0.6278000,0.63092,0.61704,0.61704,2.451910799618,tp_hit
FVG - 5m,NMRUSDT,1,2026-07-15 15:08:26.053928+00,2026-07-15 15:57:22.820397+00,10.288000,10.3156,9.9496,10.3156,-0.5375394634527120802000,sl_hit
FVG - 5m,TOWNSUSDT,0,2026-07-14 17:50:03.95961+00,2026-07-14 18:47:21.929432+00,0.00209000,0.00206915,0.00218775,0.00206915,-1.615812918661,sl_hit
FVG - 1m,DEXEUSDT,1,2026-07-16 07:32:48.69644+00,2026-07-16 12:24:42.321505+00,36.280000,36.445,34.6965,34.6965,6.4147136163179157800000,tp_hit
FVG - 1m,ZBTUSDT,0,2026-07-15 04:47:43.676262+00,2026-07-15 04:49:14.126756+00,0.09380000,0.09264476,0.099685,0.0922300,-2.629656716418,sl_hit
FVG - 1m,PHAUSDT,0,2026-07-15 20:43:42.774299+00,2026-07-15 22:05:09.567645+00,0.02330000,0.02307,0.02366,0.02307,-1.600094420601,sl_hit
FVG - 15m,STORJUSDT,0,2026-07-14 02:42:40.062609+00,2026-07-14 03:20:43.682568+00,0.07320000,0.07277,0.077995,0.0728000,-0.939344262296,sl_hit
FVG - 5m,SANTOSUSDT,0,2026-07-15 20:43:50.952975+00,2026-07-15 22:53:56.71059+00,0.5339000,0.53285,0.5493,0.53285,-0.414881063870,sl_hit
FVG - 1m,EGLDUSDT,0,2026-07-14 09:07:05.049216+00,2026-07-14 11:32:40.433487+00,3.190,3.1785,3.289,3.289,4.533310344827,tp_hit
FVG - 5m,AERGOUSDT,0,2026-07-16 13:33:05.294375+00,2026-07-16 14:02:48.798814+00,0.0219400,0.021821,0.0237395,0.021821,-0.933257064722,sl_hit
FVG - 1m,PTBUSDT,0,2026-07-15 10:49:04.343716+00,2026-07-15 11:19:32.148751+00,0.0005889,0.00057412,0.00060981,0.0005739,-3.939154355579,sl_hit
FVG - 5m,GPSUSDT,1,2026-07-14 09:07:09.140175+00,2026-07-14 10:45:14.610118+00,0.0095610,0.0095915,0.009319,0.0095915,-0.598697834955,sl_hit
FVG - 5m,WUSDT,1,2026-07-15 20:58:49.403682+00,2026-07-16 21:13:44.081045+00,0.00967000,0.009746,0.009295,0.0097000,-0.615201654601,timeout
Standard Scalping,RAVEUSDT,0,2026-07-15 10:49:12.434787+00,2026-07-15 11:50:45.896043+00,0.2756000,0.27024691,0.29416373,0.29416373,9.979585182148,tp_hit
FVG - 5m,ZBTUSDT,0,2026-07-15 04:47:47.750907+00,2026-07-15 04:49:24.283099+00,0.09380000,0.09301,0.107065,0.0919000,-3.157164179105,sl_hit
FVG - 1m,YBUSDT,1,2026-07-17 02:32:02.551278+00,2026-07-17 02:32:13.716477+00,0.0782400,0.078341,0.0762585,0.078341,-0.313712423313,sl_hit
Standard Scalping,EDUUSDT,0,2026-07-14 18:29:20.287067+00,2026-07-14 19:07:30.465464+00,0.03210000,0.03139551,0.0326115,0.03139551,-3.410692542056,sl_hit
Standard Scalping,BTRUSDT,0,2026-07-14 18:29:28.393999+00,2026-07-14 20:34:22.530831+00,0.0177000,0.01726756,0.01902068,0.0175200,-1.644813559322,timeout
Scalping Clone,VANRYUSDT,0,2026-07-15 09:09:59.348796+00,2026-07-15 11:14:22.481096+00,0.0057980,0.00542282,0.00644545,0.00568900,-2.938809934460,timeout
FVG - 5m,CAPUSDT,1,2026-07-16 07:54:05.519397+00,2026-07-16 08:31:07.064491+00,0.0185900,0.0188745,0.01735,0.0188745,-2.43160408821967240536700,sl_hit
FVG - 1m,SNXXUSDT,1,2026-07-16 13:41:47.62678+00,2026-07-16 13:44:31.932486+00,16.44000,16.6945,16.282,16.282,1.322182481752,tp_hit
FVG - 1m,CLOUSDT,1,2026-07-21 05:36:31.460268+00,2026-07-21 07:46:06.510741+00,0.1368000,0.13837076,0.13315,0.13315,3.883793859649,tp_hit
Standard Scalping,MUSDT,0,2026-07-14 09:13:35.007671+00,2026-07-14 11:09:52.141814+00,1.3815,1.34283026,1.50206467,1.50206467,12.965390242345,tp_hit
FVG - 1m,CAPUSDT,0,2026-07-14 09:18:06.556365+00,2026-07-14 09:24:15.060137+00,0.01729,0.017267,0.0176815,0.0172600,-0.380161943320,sl_hit
FVG - 1m,HOODUSDT,1,2026-07-14 18:33:46.0906+00,2026-07-14 19:46:50.129377+00,112.80000,113.09,111.3075,113.09,-0.505792553191,sl_hit
FVG - 1m,TAKEUSDT,0,2026-07-16 13:49:03.630093+00,2026-07-16 15:16:02.233537+00,0.0222600,0.0218405,0.023453,0.0218405,-2.945688679245,sl_hit
FVG - 5m,BANKUSDT,0,2026-07-15 16:19:12.762386+00,2026-07-15 16:25:45.43211+00,0.05202,0.049445,0.05311,0.05311,3.021764705882,tp_hit
FVG - 1m,EPICUSDT,1,2026-07-16 08:12:42.097304+00,2026-07-16 08:16:19.511213+00,0.425900,0.429355,0.41687,0.429355,-1.337321671754,sl_hit
FVG - 1m,AAOIUSDT,1,2026-07-17 16:19:21.794775+00,2026-07-17 17:00:59.435551+00,102.99,103.3395,98.024,103.3395,-0.629233614914,sl_hit
Standard Scalping,VIRTUALUSDT,0,2026-07-15 21:12:28.607998+00,2026-07-15 23:12:55.315629+00,0.62020000,0.61015913,0.6456257,0.6177000,-0.724401805869,timeout
FVG - 1m,MYXUSDT,1,2026-07-15 11:25:22.418899+00,2026-07-15 12:50:14.921262+00,0.0704200,0.0709795,0.067922,0.0709795,-1.312254615167,sl_hit
FVG - 1m,VANAUSDT,1,2026-07-15 04:57:27.799637+00,2026-07-15 09:26:26.709946+00,1.264000,1.2865,1.2435,1.2435,2.313726265823,tp_hit
FVG - 1m,COLLECTUSDT,1,2026-07-16 13:57:55.771505+00,2026-07-16 14:05:57.398233+00,0.0507900,0.0512365,0.049526,0.0512365,-1.439192557590,sl_hit
Standard Scalping,HEIUSDT,0,2026-07-14 09:28:35.941469+00,2026-07-14 15:13:39.997228+00,0.116620,0.11144059,0.13405565,0.11580000,-1.174285714286,timeout
Standard Scalping,VIRTUALUSDT,0,2026-07-21 10:29:45.304892+00,2026-07-21 10:51:02.650392+00,0.6740000,0.66774998,0.69410257,0.66774998,-1.510397624333,sl_hit
FVG - 15m,HANAUSDT,1,2026-07-14 18:39:56.516553+00,2026-07-14 19:30:44.650985+00,0.0363700,0.036539,0.0341705,0.0366600,-1.316519109156,sl_hit
FVG - 15m,PUMPUSDT,1,2026-07-15 21:17:22.975773+00,2026-07-15 21:45:54.86356+00,0.0016520,0.0016533,0.00152095,0.0016533,-0.238085956416,sl_hit
FVG - 1m,BLURUSDT,1,2026-07-18 15:50:24.765969+00,2026-07-18 21:02:15.251418+00,0.0155000,0.016014,0.015091,0.01560000,-1.103080645161,timeout
FVG - 5m,CATIUSDT,1,2026-07-15 04:57:31.853222+00,2026-07-15 05:00:27.123012+00,0.0391200,0.0393525,0.0376455,0.0393525,-1.011844325153,sl_hit
FVG - 1m,FOLKSUSDT,0,2026-07-16 20:31:20.931755+00,2026-07-16 21:07:49.921951+00,2.116000,2.0942,2.1593,2.1593,2.948242911153,tp_hit
FVG - 1m,BANKUSDT,1,2026-07-19 04:49:21.984201+00,2026-07-19 04:51:28.909042+00,0.1098100,0.1105385,0.1030705,0.1105385,-1.115525999453,sl_hit
FVG - 1m,REUSDT,1,2026-07-19 04:41:02.738762+00,2026-07-19 04:54:52.593189+00,0.4058000,0.40941,0.393895,0.40941,-1.454934943322,sl_hit
FVG - 1m,2ZUSDT,1,2026-07-15 11:55:39.207937+00,2026-07-15 12:05:01.560578+00,0.0728800,0.073303,0.071853,0.073303,-0.990957464325,sl_hit
FVG - 1m,NFLXUSDT,1,2026-07-16 20:34:07.41244+00,2026-07-16 21:03:43.549241+00,68.52000,70.0535,67.59,67.59,1.916716287216,tp_hit
FVG - 1m,EGLDUSDT,0,2026-07-18 01:24:32.888139+00,2026-07-18 01:46:53.702332+00,3.247,3.2385,3.295,3.2385,-0.512513089005,sl_hit
FVG - 1m,COOKIEUSDT,1,2026-07-14 09:32:21.127369+00,2026-07-14 13:24:25.012698+00,0.0088400,0.00903,0.00844,0.00903,-3.360118778279873303500,sl_hit
FVG - 5m,SNDKUSDT,0,2026-07-16 14:04:48.29183+00,2026-07-16 14:32:20.230714+00,1507.42000,1486.309,1554.749,1486.309,-2.219868211917,sl_hit
FVG - 1m,XPINUSDT,1,2026-07-18 06:50:30.880798+00,2026-07-18 07:06:41.183006+00,0.0015140,0.0015878,0.001451,0.0015878,-7.434681638045,sl_hit
FVG - 15m,TOWNSUSDT,0,2026-07-15 05:06:19.647762+00,2026-07-15 05:52:30.658519+00,0.002058,0.0020385,0.002194,0.0020385,-1.540714285714,sl_hit
FVG - 15m,BANKUSDT,1,2026-07-17 03:49:01.577384+00,2026-07-17 04:09:55.624301+00,0.0606400,0.061568,0.052532,0.061568,-2.416432717678,sl_hit
FVG - 1m,1000XECUSDT,0,2026-07-17 08:45:10.673635+00,2026-07-17 08:47:05.563589+00,0.0075320,0.0075053,0.0080278,0.0075053,-0.651518587361,sl_hit
FVG - 1m,SKYUSDT,0,2026-07-15 16:29:23.001178+00,2026-07-15 16:34:11.784936+00,0.0618900,0.0617895,0.0630625,0.0617895,-0.363479883664,sl_hit
FVG - 1m,AIOUSDT,1,2026-07-16 08:29:39.156589+00,2026-07-16 08:30:32.963733+00,0.1007800,0.1009935,0.098712,0.1009935,-0.437898491764,sl_hit
FVG - 5m,1000RATSUSDT,0,2026-07-14 18:52:14.945897+00,2026-07-14 20:05:30.754919+00,0.0326100,0.032267,0.0342705,0.0342705,7.514939282429,tp_hit
FVG - 15m,KATUSDT,0,2026-07-18 16:34:34.198254+00,2026-07-18 16:41:35.597976+00,0.0047090,0.0046929,0.0049142,0.0046929,-0.632642599278,sl_hit
FVG - 1m,PAXGUSDT,0,2026-07-14 13:49:01.115488+00,2026-07-14 18:53:08.104145+00,4074.0100,4019.069,4180.552,4046.59000000,-1.129166595078,timeout
FVG - 5m,GPSUSDT,0,2026-07-17 08:45:16.768488+00,2026-07-17 11:06:04.318864+00,0.0089210,0.00884345,0.00929415,0.0088620,-1.111644434481,sl_hit
FVG - 1m,SLXUSDT,0,2026-07-18 01:56:13.398315+00,2026-07-18 01:56:26.779765+00,0.1137400,0.1136905,0.1171025,0.1136905,-0.185254352031,sl_hit
FVG - 5m,ARCUSDT,1,2026-07-14 10:25:39.128771+00,2026-07-14 10:28:39.432427+00,0.07065,0.070918,0.067427,0.070918,-0.689229723991,sl_hit
FVG - 1m,LABUSDT,1,2026-07-15 12:07:46.171946+00,2026-07-15 12:16:16.300687+00,0.24,0.24192,0.234115,0.24192,-1.320480000,sl_hit
FVG - 1m,MAGMAUSDT,1,2026-07-16 20:42:50.193132+00,2026-07-16 20:51:53.747032+00,0.3018800,0.3028625,0.297028,0.3028625,-0.608385948059,sl_hit
FVG - 5m,ONDOUSDT,1,2026-07-15 16:29:27.099641+00,2026-07-15 17:46:29.730308+00,0.3315000,0.332705,0.32416,0.332705,-0.665466968326,sl_hit
FVG - 1m,BIRBUSDT,0,2026-07-18 07:03:54.168551+00,2026-07-18 08:14:01.599732+00,0.0566500,0.0564725,0.0614665,0.0564725,-0.60482436010579435143000,sl_hit
FVG - 1m,TUSDT,0,2026-07-15 05:06:23.717682+00,2026-07-15 05:15:14.81132+00,0.0041270,0.004107,0.0042155,0.004107,-0.846629512964,sl_hit
FVG - 1m,EIGENUSDT,1,2026-07-15 21:44:29.119796+00,2026-07-15 22:55:25.531033+00,0.2427000,0.24339,0.24009,0.24339,-0.546622991347,sl_hit
FVG - 1m,USELESSUSDT,0,2026-07-16 08:40:57.665636+00,2026-07-16 08:41:56.302055+00,0.0690400,0.0688795,0.0724385,0.0688795,-0.468571407879,sl_hit
FVG - 1m,KAITOUSDT,0,2026-07-16 14:18:02.027039+00,2026-07-16 14:19:47.849561+00,0.746300,0.74283,0.7656,0.74283,-0.817161731207,sl_hit
FVG - 1m,STARUSDT,0,2026-07-17 03:49:08.370823+00,2026-07-17 03:49:22.826175+00,0.1787000,0.178412,0.18337,0.178412,-0.361649244544,sl_hit
FVG - 5m,METUSDT,1,2026-07-15 12:16:55.707289+00,2026-07-16 05:24:16.517437+00,0.1633000,0.1655632,0.155955,0.155955,6.60012676056297242764000,tp_hit
Standard Scalping,ARXUSDT,0,2026-07-17 16:58:00.861741+00,2026-07-17 18:12:02.320368+00,0.1828000,0.17891644,0.19437266,0.17891644,-3.305453973742,sl_hit
FVG - 1m,DODOXUSDT,0,2026-07-16 20:58:48.793379+00,2026-07-16 21:03:52.973373+00,0.0213320,0.0211814,0.02188495,0.0211814,-1.178548846803,sl_hit
FVG - 15m,SENTUSDT,0,2026-07-15 21:57:02.314414+00,2026-07-15 22:45:14.145466+00,0.013465,0.0134255,0.0143915,0.0134300,-0.509743780171,sl_hit
Scalping Clone,SPORTFUNUSDT,0,2026-07-17 01:46:25.951834+00,2026-07-17 03:49:52.023191+00,0.0219000,0.02102316,0.0241205,0.0215100,-2.790164383561,timeout
FVG - 5m,USUSDT,1,2026-07-16 08:41:02.984335+00,2026-07-16 08:53:04.462361+00,0.0416200,0.0425052,0.03841535,0.03841535,11.434295506968,tp_hit
FVG - 5m,AGLDUSDT,0,2026-07-14 10:29:43.308731+00,2026-07-14 23:30:57.927664+00,0.1563000,0.15505,0.163175,0.163175,6.475249520154,tp_hit
FVG - 5m,CUSDT,1,2026-07-15 05:06:27.787384+00,2026-07-15 05:07:21.617009+00,0.0681,0.06896,0.065935,0.065935,4.650629955947,tp_hit
FVG - 1m,KAITOUSDT,0,2026-07-15 14:58:21.265304+00,2026-07-15 16:29:46.851339+00,0.738300,0.730345,0.77119,0.77119,6.5443262901260211532500,tp_hit
FVG - 1m,PHAROSUSDT,1,2026-07-15 12:16:51.573429+00,2026-07-15 12:25:07.889422+00,0.3921000,0.39341,0.38586,0.39341,-0.621348125479,sl_hit
FVG - 1m,SYRUPUSDT,1,2026-07-14 18:58:58.500047+00,2026-07-14 19:00:23.589234+00,0.19610000,0.196228,0.1916885,0.196228,-0.217948393677,sl_hit
FVG - 1m,SPELLUSDT,1,2026-07-16 21:07:47.374033+00,2026-07-16 21:12:58.555582+00,0.0000834,0.00008373,0.00008039,0.00008373,-0.713762589928,sl_hit
FVG - 15m,TREEUSDT,0,2026-07-19 05:10:41.111565+00,2026-07-19 05:19:05.265269+00,0.0367800,0.0365895,0.041539,0.041539,19.280882544862,tp_hit
FVG - 15m,FWDIUSDT,0,2026-07-19 18:18:01.906964+00,2026-07-19 19:47:23.882677+00,4.15900,4.12305,4.5106,4.12305,-1.416067083434,sl_hit
FVG - 1m,KORUUSDT,0,2026-07-16 08:49:54.562011+00,2026-07-16 11:05:12.910104+00,20.18000,20.1155,21.0185,20.1155,-0.599243310208,sl_hit
FVG - 1m,ZBTUSDT,0,2026-07-18 07:17:30.16059+00,2026-07-18 07:30:03.50255+00,0.0820000,0.0818115,0.0851125,0.0818115,-0.464679146342,sl_hit
FVG - 1m,HUSDT,1,2026-07-14 19:05:20.312507+00,2026-07-14 19:44:26.591676+00,0.0670400,0.067596,0.064782,0.067596,-1.364531026253,sl_hit
Scalping Clone,COWUSDT,0,2026-07-15 12:23:49.67033+00,2026-07-15 12:34:54.998889+00,0.14920000,0.14669695,0.15600896,0.14930000,-0.019504021448,
Scalping Clone,HOLOUSDT,0,2026-07-15 22:14:19.326302+00,2026-07-16 00:19:08.124805+00,0.07294,0.07096187,0.0740605,0.0728000,-0.422833836029,timeout
FVG - 1m,AIXBTUSDT,0,2026-07-15 16:33:59.62552+00,2026-07-15 21:38:34.342275+00,0.01915,0.0188461,0.0194935,0.0191,-0.511488250653,timeout
FVG - 1m,FWDIUSDT,1,2026-07-18 02:07:18.030515+00,2026-07-18 02:14:33.599045+00,4.31400,4.34205,4.18815,4.34205,-1.095703059805,sl_hit
FVG - 1m,CLOUSDT,0,2026-07-19 05:10:50.126877+00,2026-07-19 06:39:31.808353+00,0.1519100,0.15011672,0.15675,0.15675,4.657233888486,tp_hit
FVG - 1m,LINEAUSDT,1,2026-07-15 05:11:42.854844+00,2026-07-15 08:12:22.928482+00,0.0025410,0.0025557,0.0024918,0.0024918,2.785530106258,tp_hit
Scalping Clone,ZHIPUUSDT,0,2026-07-17 17:11:20.333376+00,2026-07-17 20:02:03.12962+00,148.65000,142.7628948,168.19816363,148.53000,-0.241041372352,timeout
FVG - 15m,SKHYUSDT,1,2026-07-15 12:29:26.456242+00,2026-07-15 12:30:18.369355+00,181.44000,181.8415,167.033,182.15000,-0.707205687831,sl_hit
FVG - 1m,VANRYUSDT,0,2026-07-17 08:58:59.966825+00,2026-07-17 10:27:42.851351+00,0.0054540,0.00537115,0.005569,0.005569,3.041551155115,tp_hit
FVG - 1m,NOWUSDT,0,2026-07-16 14:39:31.605884+00,2026-07-16 16:00:15.643877+00,100.12000,99.809,103.03,103.09,4.312479025169,tp_hit
FVG - 5m,LDOUSDT,1,2026-07-15 05:11:46.936741+00,2026-07-15 05:52:30.680236+00,0.330700,0.332675,0.32328,0.332675,-1.016185364378,sl_hit
FVG - 1m,COWUSDT,0,2026-07-17 17:10:56.483254+00,2026-07-17 17:12:51.054606+00,0.1335000,0.13337,0.138145,0.13337,-0.266008988764,sl_hit
FVG - 1m,CFGUSDT,1,2026-07-15 22:18:24.47945+00,2026-07-15 22:19:44.001155+00,0.1831000,0.184075,0.17999,0.184075,-0.919063353358,sl_hit
FVG - 1m,FLOCKUSDT,0,2026-07-18 02:18:38.290197+00,2026-07-18 02:21:28.3861+00,0.0321800,0.0320295,0.033109,0.0320295,-0.821242075823,sl_hit
FVG - 1m,ALLOUSDT,1,2026-07-18 07:33:07.460861+00,2026-07-18 07:35:56.061797+00,0.4076700,0.4096365,0.3943605,0.4096365,-0.843852601368,sl_hit
FVG - 1m,ROBOUSDT,1,2026-07-16 21:13:33.737413+00,2026-07-17 03:32:53.687458+00,0.0122900,0.0125875,0.01185,0.0123000,-0.256977217250,timeout
FVG - 15m,EVAAUSDT,0,2026-07-19 04:49:18.61+00,2026-07-19 05:07:21.264813+00,0.811500,0.800765,0.946535,0.800765,-2.103494639556,sl_hit
FVG - 1m,BULLAUSDT,1,2026-07-17 04:05:27.663879+00,2026-07-17 04:05:31.49562+00,0.0087230,0.00875445,0.00818515,0.00875445,-0.661027972028,sl_hit
FVG - 1m,OUSDT,1,2026-07-18 07:47:42.734869+00,2026-07-18 07:48:58.257543+00,0.5940000,0.59575,0.58281,0.59575,-0.562095959596,sl_hit
FVG - 5m,BIOUSDT,0,2026-07-17 09:12:36.665827+00,2026-07-17 12:20:56.226553+00,0.02599000,0.025864,0.0267875,0.025864,-0.846911889188,sl_hit
Standard Scalping,AXTIUSDT,0,2026-07-14 19:15:08.161123+00,2026-07-14 19:30:04.968954+00,57.84000,56.0666256,63.42612936,63.42612936,14.361055260002,tp_hit
FVG - 5m,RAVEUSDT,1,2026-07-16 08:59:42.631617+00,2026-07-16 09:44:22.271068+00,0.3066000,0.3201,0.29158,0.3201,-6.727338551859,sl_hit
FVG - 1m,APEUSDT,0,2026-07-15 05:16:50.399947+00,2026-07-15 10:19:35.280008+00,0.1478,0.14600664,0.15035,0.14755,-0.388650202977,timeout
FVG - 1m,AZTECUSDT,0,2026-07-19 23:16:58.055251+00,2026-07-20 03:31:59.145523+00,0.013938,0.0135545,0.014601,0.0135545,-4.26027765820039733152800,sl_hit
FVG - 1m,AKEUSDT,1,2026-07-15 22:44:15.547679+00,2026-07-15 22:45:39.907815+00,0.0006634,0.00066618,0.00064338,0.00066618,-0.748831474224,sl_hit
FVG - 1m,UBUSDT,1,2026-07-15 12:29:30.54955+00,2026-07-15 12:31:16.663201+00,0.08463,0.08549376,0.0815725,0.08549376,-1.651558851471,sl_hit
FVG - 1m,XANUSDT,0,2026-07-16 21:20:24.371384+00,2026-07-16 21:45:28.695679+00,0.0123780,0.01219587,0.0125396,0.0125396,1.837529810955,tp_hit
FVG - 5m,TAIKOUSDT,0,2026-07-16 14:39:36.15975+00,2026-07-16 22:27:21.540272+00,0.0791000,0.078521,0.082056,0.078521,-1.217538053097,sl_hit
FVG - 15m,MAGMAUSDT,1,2026-07-15 12:33:24.057975+00,2026-07-15 13:47:12.839765+00,0.30184,0.3119055,0.275945,0.3119055,-5.124071461701,sl_hit
FVG - 5m,WOOUSDT,0,2026-07-15 14:39:55.352134+00,2026-07-15 16:58:08.019553+00,0.01234,0.012235,0.012755,0.01224,-1.350145867099,sl_hit
FVG - 15m,GWEIUSDT,0,2026-07-15 22:50:48.72268+00,2026-07-16 00:00:43.727205+00,0.0427000,0.04214,0.05286,0.04214,-2.10146135831362060920000,sl_hit
FVG - 1m,JELLYJELLYUSDT,0,2026-07-16 14:47:35.247592+00,2026-07-16 15:56:09.596493+00,0.0543500,0.0540445,0.056265,0.0540445,-0.962809015639,sl_hit
FVG - 1m,ALPINEUSDT,1,2026-07-16 21:30:34.201901+00,2026-07-16 21:30:48.653501+00,0.327300,0.32836,0.32331,0.32836,-0.605987167736,sl_hit
FVG - 15m,STARUSDT,1,2026-07-19 05:19:41.64565+00,2026-07-19 06:24:04.071529+00,0.2058000,0.2093305,0.1880025,0.2093305,-2.694280029155,sl_hit
FVG - 5m,RESOLVUSDT,0,2026-07-15 05:16:54.452001+00,2026-07-15 09:34:02.845512+00,0.0186300,0.018485,0.019185,0.019185,4.346811594202,tp_hit
FVG - 15m,1000RATSUSDT,0,2026-07-17 04:25:36.089599+00,2026-07-17 06:04:54.374067+00,0.02880,0.028531,0.031323,0.028531,-1.520481250000,sl_hit
Standard Scalping,ORDERUSDT,0,2026-07-15 16:57:42.257571+00,2026-07-15 18:58:40.602379+00,0.03406,0.03343875,0.03584921,0.03389,-0.868379330593,timeout
FVG - 5m,AGLDUSDT,0,2026-07-18 02:29:48.564193+00,2026-07-18 03:08:20.000033+00,0.1559000,0.155455,0.16201,0.155455,-0.547987812700,sl_hit
FVG - 1m,BSBUSDT,1,2026-07-18 02:29:43.271878+00,2026-07-18 02:33:39.443651+00,0.1346200,0.1349865,0.130886,0.1349865,-0.528535061655,sl_hit
FVG - 15m,SPXUSDT,1,2026-07-14 19:34:39.897174+00,2026-07-14 19:44:26.616872+00,0.3738,0.37634,0.33895,0.37634,-1.139669341894,sl_hit
FVG - 5m,SOXLUSDT,0,2026-07-16 09:18:49.213545+00,2026-07-16 09:29:23.576766+00,157.29000,155.7405,166.468,155.7405,-1.597093457944,sl_hit
FVG - 15m,KITEUSDT,0,2026-07-15 05:54:58.855763+00,2026-07-15 06:09:33.301393+00,0.1210200,0.119865,0.13071,0.119865,-1.551008924144,sl_hit
FVG - 1m,SIRENUSDT,1,2026-07-15 22:50:53.202561+00,2026-07-15 22:58:36.333619+00,0.0274200,0.0275205,0.0269045,0.0275205,-0.670001094092,sl_hit
FVG - 5m,龙虾USDT,1,2026-07-16 09:32:47.224533+00,2026-07-16 09:52:16.44319+00,0.0159040,0.01600175,0.0151265,0.0157870,0.983937374245,sl_hit
FVG - 5m,GLWUSDT,0,2026-07-16 21:34:58.958958+00,2026-07-16 22:20:23.725372+00,158.01000,157.747,165.479,157.747,-0.369567875451,sl_hit
FVG - 1m,USELESSUSDT,0,2026-07-15 12:33:29.529947+00,2026-07-15 13:10:11.711715+00,0.0812200,0.08029476,0.0835375,0.0835375,4.158329844865,tp_hit
Scalping Clone,HYPEUSDT,0,2026-07-15 12:34:38.788767+00,2026-07-15 14:58:55.82588+00,68.47600,67.3703672,70.4366086,68.29900,-0.507571996028,timeout
Scalping Clone,IOTAUSDT,0,2026-07-15 12:34:44.870514+00,2026-07-15 14:40:44.554895+00,0.037370,0.03658523,0.03969096,0.037200,-0.802092587637,timeout
FVG - 1m,ZROUSDT,0,2026-07-15 17:04:08.314259+00,2026-07-15 17:04:38.37107+00,0.8371,0.83585,0.85455,0.83585,-0.343897981126,sl_hit
FVG - 1m,TACUSDT,1,2026-07-17 04:25:40.149198+00,2026-07-17 04:28:59.43943+00,0.0033740,0.0033982,0.0032954,0.0033982,-1.196304682869,sl_hit
Scalping Clone,SAHARAUSDT,0,2026-07-15 12:34:57.033311+00,2026-07-15 16:25:22.108749+00,0.009471,0.00930817,0.00992255,0.00946,-0.309350649351,timeout
Standard Scalping,ZHIPUUSDT,0,2026-07-17 17:11:24.807516+00,2026-07-17 20:02:07.756501+00,148.65000,145.8688168,160.3191412,148.53000,-0.241041372352,timeout
FVG - 15m,FOLKSUSDT,1,2026-07-14 19:47:27.779411+00,2026-07-14 21:37:14.028126+00,2.116000,2.13555,1.9927,2.13555,-1.506423913043,sl_hit
FVG - 1m,NBISUSDT,0,2026-07-15 22:58:08.966791+00,2026-07-16 00:00:27.725017+00,195.94000,195.0815,199.063,195.0815,-0.791994947432466304000,sl_hit
FVG - 5m,MEUSDT,1,2026-07-15 17:04:12.383251+00,2026-07-15 17:05:02.018266+00,0.0662800,0.066537,0.0651555,0.0651555,2.425903289077,tp_hit
FVG - 1m,TLMUSDT,0,2026-07-14 19:47:31.659149+00,2026-07-14 21:21:52.945878+00,0.0016940,0.00167436,0.0017501,0.00167400,-1.890247933884,sl_hit
FVG - 1m,EIGENUSDT,1,2026-07-16 21:48:21.079157+00,2026-07-16 22:12:23.285525+00,0.2508000,0.251575,0.245825,0.251575,-0.583702153110,sl_hit
Standard Scalping,QTUMUSDT,0,2026-07-18 17:02:44.69855+00,2026-07-18 18:36:09.959919+00,0.713100,0.70163685,0.75211393,0.70163685,-2.530299692891,sl_hit
FVG - 1m,RESOLVUSDT,0,2026-07-18 08:02:20.415353+00,2026-07-18 08:16:07.094483+00,0.0206000,0.020554,0.02105,0.020554,-0.454817475728,sl_hit
FVG - 5m,SXTUSDT,0,2026-07-15 05:55:04.911218+00,2026-07-15 06:42:58.935694+00,0.00859000,0.0085525,0.0093525,0.0085525,-0.774569266589,sl_hit
FVG - 1m,SNXXUSDT,0,2026-07-17 10:38:36.796429+00,2026-07-17 10:55:59.660615+00,14.54000,14.448,15.161,14.448,-1.068726272352,sl_hit
Standard Scalping,RECALLUSDT,0,2026-07-16 09:43:49.706742+00,2026-07-16 10:58:26.323117+00,0.0358000,0.0353024,0.03753344,0.0353024,-2.204082234637,sl_hit
FVG - 5m,RIFUSDT,1,2026-07-15 12:42:37.570346+00,2026-07-15 12:50:14.987661+00,0.13660000,0.137056,0.067832,0.137056,-0.620932357248,sl_hit
FVG - 1m,TRADOORUSDT,1,2026-07-18 08:15:47.057732+00,2026-07-18 08:18:28.928776+00,0.5140000,0.524525,0.487865,0.524525,-3.192726653697,sl_hit
FVG - 1m,STGUSDT,1,2026-07-16 22:09:38.43+00,2026-07-16 22:31:14.931776+00,0.1474000,0.148005,0.1454,0.148005,-0.735917910448,sl_hit
FVG - 1m,SAFEUSDT,0,2026-07-17 17:22:47.964531+00,2026-07-17 17:23:52.533501+00,0.0844000,0.084185,0.08808,0.0842000,-0.475308056872,sl_hit
FVG - 5m,INTWUSDT,0,2026-07-15 22:58:13.052337+00,2026-07-16 00:00:15.613355+00,26.62000,26.4825,29.3075,26.71000,0.371906461308,sl_hit
FVG - 1m,ALPINEUSDT,1,2026-07-14 19:54:45.120388+00,2026-07-14 21:16:00.775476+00,0.323000,0.33362,0.31576,0.31576,3.243573993808,tp_hit
FVG - 15m,PIPPINUSDT,0,2026-07-14 14:49:01.220786+00,2026-07-15 05:55:37.311108+00,0.01639,0.0161505,0.0174295,0.01633,-0.668895668090,timeout
FVG - 1m,HEIUSDT,0,2026-07-17 04:33:09.146785+00,2026-07-17 04:34:14.449098+00,0.106300,0.10607,0.109675,0.10607,-0.444423330197,sl_hit
FVG - 1m,ASTSUSDT,0,2026-07-15 23:05:41.622609+00,2026-07-16 12:17:39.865403+00,58.05000,57.8795,61.992,57.8795,-0.590679069767421965000,sl_hit
Standard Scalping,CRWDUSDT,0,2026-07-14 19:55:01.240685+00,2026-07-15 14:40:26.066054+00,209.03000,204.5839876,222.37093906,208.10000,-0.787101373009,timeout
FVG - 5m,OGNUSDT,0,2026-07-17 11:10:35.784247+00,2026-07-17 15:18:27.840985+00,0.0174600,0.017203,0.019291,0.017203,-2.327020618557,sl_hit
FVG - 1m,SYNUSDT,0,2026-07-18 03:02:31.511234+00,2026-07-18 03:03:57.377087+00,0.2265000,0.22508,0.233335,0.22508,-1.060021192053,sl_hit
FVG - 1m,UBUSDT,0,2026-07-17 17:32:22.939426+00,2026-07-17 17:54:52.874577+00,0.0896100,0.089373,0.091794,0.089373,-0.516560428524,sl_hit
Standard Scalping,BASEDUSDT,0,2026-07-16 12:42:22.256841+00,2026-07-16 15:20:29.993292+00,0.0953300,0.09352648,0.1000475,0.0949700,-0.686226791147,timeout
FVG - 5m,SKYAIUSDT,0,2026-07-16 09:51:40.091794+00,2026-07-16 10:07:04.808152+00,0.0313000,0.031076,0.032376,0.031076,-1.193053035144,sl_hit
FVG - 1m,ZKUSDT,0,2026-07-15 17:10:25.44887+00,2026-07-15 17:11:42.135056+00,0.0100900,0.0100885,0.010253,0.0100885,-0.142290386522,sl_hit
FVG - 15m,VANRYUSDT,0,2026-07-15 06:02:21.264721+00,2026-07-15 21:06:13.835373+00,0.00578200,0.00546125,0.00596555,0.00554600,-6.254987028710,timeout
FVG - 1m,BBXUSDT,0,2026-07-16 15:19:57.470618+00,2026-07-16 15:30:22.103826+00,9.706,9.647,10.066,9.647,-1.031442406759,sl_hit
FVG - 1m,GRAMUSDT,0,2026-07-15 12:55:22.076791+00,2026-07-15 16:36:37.865267+00,1.59000000,1.5837,1.6175,1.5837,-0.7291396226420565346000,sl_hit
FVG - 5m,BANKUSDT,0,2026-07-18 07:47:47.283837+00,2026-07-18 08:04:59.89231+00,0.0705700,0.0692955,0.0751155,0.0692955,-2.84295848094140257719400,sl_hit
FVG - 5m,TAIKOUSDT,0,2026-07-15 12:55:28.184603+00,2026-07-15 13:47:12.892986+00,0.07726,0.0772195,0.0808775,0.0772195,-0.198599145742,sl_hit
FVG - 1m,VELVETUSDT,1,2026-07-16 22:19:57.51868+00,2026-07-16 23:56:58.072899+00,0.52632,0.52953,0.51359,0.52953,-1.035208618332,sl_hit
FVG - 1m,SOLVUSDT,0,2026-07-19 17:42:19.186111+00,2026-07-19 18:08:16.736618+00,0.0026170,0.00258658,0.0028297,0.00258658,-1.862902101643,sl_hit
FVG - 5m,INTWUSDT,1,2026-07-14 20:06:48.598013+00,2026-07-14 23:35:21.075784+00,28.93000,29.078,27.59,29.078,-0.887676460422,sl_hit
FVG - 5m,JCTUSDT,0,2026-07-16 10:00:52.892795+00,2026-07-16 10:14:24.70909+00,0.0043410,0.00429825,0.0044696,0.00429825,-1.596603317208,sl_hit
FVG - 1m,ESPORTSUSDT,1,2026-07-17 04:41:17.375161+00,2026-07-17 04:42:35.539609+00,0.02121,0.021226,0.020496,0.021226,-0.233199434229,sl_hit
FVG - 1m,THEUSDT,0,2026-07-15 17:15:15.465885+00,2026-07-15 20:35:34.300281+00,0.05571,0.055685,0.05715,0.05715,3.755670436187,tp_hit
FVG - 1m,LABUSDT,1,2026-07-19 04:59:34.36011+00,2026-07-19 05:21:49.827464+00,0.1737000,0.176125,0.16801,0.176125,-2.214965457686,sl_hit
FVG - 5m,BILLUSDT,0,2026-07-16 10:10:35.79468+00,2026-07-16 10:13:34.679077+00,0.0294400,0.0292495,0.032759,0.0292495,-1.090229959239,sl_hit
FVG - 15m,0GUSDT,0,2026-07-17 01:57:10.504102+00,2026-07-17 04:52:45.538184+00,0.1865000,0.18505,0.19781,0.18505,-1.285753351206,sl_hit
FVG - 1m,BLUAIUSDT,0,2026-07-17 04:52:18.698275+00,2026-07-17 05:00:36.624932+00,0.0112860,0.0112257,0.01157905,0.0112257,-0.921114832536,sl_hit
FVG - 1m,LUMIAUSDT,0,2026-07-18 08:29:25.163128+00,2026-07-18 08:56:26.453099+00,0.0794600,0.0791445,0.0814865,0.0791445,-0.715344450038,sl_hit
FVG - 15m,HEIUSDT,1,2026-07-15 06:11:39.36372+00,2026-07-15 06:27:13.350506+00,0.10148,0.10203,0.09676,0.10203,-0.933293259756,sl_hit
FVG - 5m,ETHFIUSDT,1,2026-07-15 17:15:19.526759+00,2026-07-15 17:25:47.557105+00,0.4309000,0.43215,0.41255,0.43215,-0.555309816663,sl_hit
FVG - 15m,BASUSDT,0,2026-07-15 23:59:19.507688+00,2026-07-16 10:14:42.687544+00,0.0249910,0.02474195,0.02749245,0.02749245,14.87219250930346232594260,tp_hit
FVG - 1m,LUMIAUSDT,0,2026-07-19 05:25:04.731277+00,2026-07-19 05:27:25.442864+00,0.0682200,0.067985,0.06972,0.06972,3.176833773087,tp_hit
Standard Scalping,NAORISUSDT,0,2026-07-15 17:15:36.907019+00,2026-07-15 17:16:56.11233+00,0.0382500,0.03744155,0.04075512,0.03744155,-3.289124000000,sl_hit
FVG - 15m,JCTUSDT,0,2026-07-17 05:05:35.031637+00,2026-07-17 05:48:24.577227+00,0.0039980,0.0039309,0.00435615,0.0039309,-2.636501750875,sl_hit
FVG - 15m,EVAAUSDT,0,2026-07-16 10:22:24.440639+00,2026-07-17 03:32:38.484581+00,1.037400,0.993825,1.137785,1.027800,-1.538205610180,timeout
FVG - 5m,XPINUSDT,0,2026-07-16 22:30:52.645026+00,2026-07-17 08:32:49.350462+00,0.0015570,0.0015264,0.001617,0.0015510,-0.727668593449,timeout
FVG - 5m,TUSDT,0,2026-07-18 08:29:31.203986+00,2026-07-18 09:06:01.974238+00,0.0040840,0.0040604,0.0042792,0.0040604,-0.986450538688,sl_hit
FVG - 15m,AGLDUSDT,0,2026-07-15 06:28:21.12312+00,2026-07-15 09:38:07.205174+00,0.16039,0.158775,0.16815,0.1587000,-1.715106303385,sl_hit
FVG - 15m,TLMUSDT,0,2026-07-16 15:39:58.438939+00,2026-07-16 15:51:21.445238+00,0.0015719,0.00155365,0.001663,0.00155365,-1.860826388447,sl_hit
FVG - 1m,RESOLVUSDT,0,2026-07-17 07:51:40.555597+00,2026-07-17 12:07:57.510217+00,0.0214900,0.02127,0.02231,0.02127,-1.67002559329916007401000,sl_hit
FVG - 1m,1000XECUSDT,0,2026-07-18 03:18:58.405055+00,2026-07-18 03:20:29.128602+00,0.007795,0.00776725,0.0080273,0.00776725,-0.653782552918,sl_hit
Standard Scalping,GUSDT,0,2026-07-18 08:29:51.031844+00,2026-07-18 08:32:55.067991+00,0.0038470,0.00373759,0.00419164,0.00373759,-4.384345048090,sl_hit
FVG - 15m,BEUSDT,1,2026-07-16 00:11:53.248022+00,2026-07-16 02:50:01.976313+00,236.20000,237.1125,219.781,237.1125,-0.699719517358,sl_hit
FVG - 1m,WLDUSDT,0,2026-07-15 17:24:51.665853+00,2026-07-15 17:27:00.718695+00,0.4044,0.404125,0.410145,0.404125,-0.221962166172,sl_hit
Scalping Clone,USUALUSDT,0,2026-07-15 06:49:39.205208+00,2026-07-15 06:51:43.121592+00,0.0088400,0.00869617,0.00918624,0.00869617,-2.559578076924,sl_hit
FVG - 5m,EGLDUSDT,0,2026-07-15 06:49:09.431494+00,2026-07-15 12:39:59.138058+00,3.26000000,3.2485,3.4355,3.2485,-0.648929447852,sl_hit
FVG - 5m,TUSDT,0,2026-07-16 10:22:28.050299+00,2026-07-16 11:06:39.151609+00,0.0039720,0.003928,0.0041235,0.003928,-1.780966767372,sl_hit
FVG - 1m,MOVEUSDT,1,2026-07-16 22:41:36.70269+00,2026-07-17 03:49:38.689991+00,0.0107000,0.010815,0.01052,0.0107700,-1.116602803738,timeout
FVG - 1m,CFGUSDT,1,2026-07-16 15:40:04.506084+00,2026-07-16 15:46:43.285319+00,0.1919000,0.192545,0.187115,0.192545,-0.624370505471,sl_hit
Scalping Clone,GUSDT,0,2026-07-18 08:29:47.522023+00,2026-07-18 08:33:11.496451+00,0.0038500,0.00364422,0.00444901,0.00364422,-8.134195636364,sl_hit
FVG - 1m,MYXUSDT,1,2026-07-17 05:05:39.776906+00,2026-07-17 05:07:49.838858+00,0.0847300,0.0853955,0.0824955,0.0853955,-1.298625398324,sl_hit
FVG - 1m,SKHYUSDT,1,2026-07-17 10:59:25.609182+00,2026-07-17 12:08:00.807501+00,156.48,156.6695,151.9435,151.9435,4.230378259201,tp_hit
FVG - 1m,CCUSDT,0,2026-07-15 13:11:29.880363+00,2026-07-15 13:15:12.917941+00,0.14215,0.1416405,0.149107,0.1416405,-0.657421245163,sl_hit
Scalping Clone,KLACUSDT,0,2026-07-15 06:49:31.766887+00,2026-07-15 08:22:27.161872+00,238.92000,236.5092544,247.2409121,236.5092544,-1.632921460172,sl_hit
FVG - 5m,RIFUSDT,0,2026-07-16 22:41:44.796901+00,2026-07-16 23:03:30.438421+00,0.13580000,0.13498,0.13932,0.13498,-1.025381443299,sl_hit
FVG - 5m,EGLDUSDT,0,2026-07-16 10:35:17.646176+00,2026-07-16 11:16:07.485384+00,3.091,3.08325,3.19745,3.08325,-0.495941442899,sl_hit
FVG - 5m,SOXLUSDT,0,2026-07-16 00:11:58.427318+00,2026-07-16 00:18:03.061233+00,164.7,163.5445,175.797,163.5445,-1.171946994535,sl_hit
FVG - 1m,ZESTUSDT,1,2026-07-17 12:14:31.833327+00,2026-07-17 12:17:19.437955+00,0.22154,0.2224235,0.211572,0.2224235,-0.718438250428,sl_hit
FVG - 1m,ARMUSDT,0,2026-07-16 15:50:32.500711+00,2026-07-16 16:05:31.239097+00,257.20000,256.174,262.6655,256.174,-0.718127682737,sl_hit
FVG - 15m,BELUSDT,1,2026-07-15 17:35:30.790207+00,2026-07-15 23:58:41.857276+00,0.11030000,0.111005,0.105025,0.111005,-1.094107887579530373860,sl_hit
Standard Scalping,PHAUSDT,0,2026-07-18 17:23:58.106298+00,2026-07-18 17:41:50.531543+00,0.0234500,0.0230349,0.0237435,0.02390000,2.757313432835,tp_hit
FVG - 1m,BULLAUSDT,0,2026-07-16 00:18:16.643767+00,2026-07-16 04:24:04.536385+00,0.0069600,0.0067702,0.0071889,0.0071889,4.811216379310,tp_hit
FVG - 1m,CRDOUSDT,0,2026-07-16 15:59:39.646307+00,2026-07-16 16:00:35.48946+00,208.86,208.4805,215.4485,208.4805,-0.392441970699,sl_hit
FVG - 1m,BILLUSDT,0,2026-07-19 05:29:05.766127+00,2026-07-19 06:04:14.275299+00,0.0248300,0.0245715,0.0262525,0.0245715,-1.680994361659,sl_hit
Scalping Clone,ASMLUSDT,0,2026-07-15 06:57:28.856632+00,2026-07-15 08:17:28.918822+00,1878.60000,1853.6466828,1967.09984456,1853.6466828,-2.111642915456,sl_hit
FVG - 15m,KSTRUSDT,0,2026-07-16 22:49:39.669546+00,2026-07-16 23:40:09.116072+00,26.46,26.2805,27.87,26.2805,-1.137166666667,sl_hit
FVG - 1m,FFUSDT,1,2026-07-15 13:18:01.486822+00,2026-07-15 13:18:51.391279+00,0.06901,0.069061,0.067712,0.069061,-0.230897840893,sl_hit
Standard Scalping,FRAXUSDT,0,2026-07-18 03:19:18.645718+00,2026-07-18 03:32:15.544257+00,0.2845000,0.27932352,0.30122092,0.27932352,-2.848159617575,sl_hit
FVG - 1m,LUMIAUSDT,0,2026-07-17 12:23:56.590391+00,2026-07-17 12:40:34.760802+00,0.09216,0.091325,0.095545,0.091325,-1.478505859375,sl_hit
FVG - 1m,龙虾USDT,0,2026-07-18 08:43:01.535138+00,2026-07-18 08:57:08.658572+00,0.0160840,0.01604285,0.01646525,0.01604285,-0.503612969411,sl_hit
FVG - 1m,BILLUSDT,0,2026-07-15 13:24:03.498293+00,2026-07-15 13:24:57.526363+00,0.03364,0.0335365,0.0346975,0.03352,-0.654863258026,sl_hit
FVG - 5m,FRAXUSDT,1,2026-07-16 00:23:30.368021+00,2026-07-16 02:38:25.777275+00,0.26440000,0.265805,0.256945,0.265805,-0.917406580938,sl_hit
FVG - 5m,ALLOUSDT,1,2026-07-17 12:24:02.107131+00,2026-07-17 20:52:17.163472+00,0.39845,0.4044,0.38909,0.4044,-2.37586673359277626359000,sl_hit
FVG - 1m,AKEUSDT,0,2026-07-17 05:18:49.012841+00,2026-07-17 05:34:03.139005+00,0.0008752,0.00087022,0.00090477,0.00087022,-0.973177787934,sl_hit
Standard Scalping,BIRBUSDT,0,2026-07-19 05:43:08.25781+00,2026-07-19 06:39:53.450354+00,0.05893,0.05814003,0.06150141,0.05814003,-2.129979667402,sl_hit
Standard Scalping,SKLUSDT,0,2026-07-19 23:18:49.618916+00,2026-07-20 01:48:12.869156+00,0.0040840,0.00402349,0.00429443,0.0040930,0.210426052890,timeout
FVG - 5m,GWEIUSDT,0,2026-07-19 17:42:24.569685+00,2026-07-19 19:25:22.297315+00,0.0293000,0.02897,0.03037,0.02897,-1.808744027304,sl_hit
FVG - 5m,1000XECUSDT,0,2026-07-21 10:58:49.763476+00,2026-07-21 11:32:34.247732+00,0.0070140,0.00696695,0.00740885,0.00696695,-1.14075235243737638981920,sl_hit
FVG - 15m,MMTUSDT,1,2026-07-16 16:09:56.64021+00,2026-07-16 22:27:21.617562+00,0.1738,0.175465,0.166775,0.175465,-1.557571346375,sl_hit
FVG - 1m,TREEUSDT,0,2026-07-17 12:28:13.031248+00,2026-07-17 12:29:48.485756+00,0.0397000,0.039685,0.04178,0.04178,7.735798488665,sl_hit
FVG - 1m,AVAAIUSDT,1,2026-07-19 18:18:08.011316+00,2026-07-19 18:21:02.437798+00,0.0105390,0.0106593,0.00985945,0.0106593,-1.832896669513,sl_hit
FVG - 1m,AGLDUSDT,0,2026-07-16 16:10:00.736301+00,2026-07-16 16:46:37.925455+00,0.17115,0.1690962,0.17624,0.1690962,-1.919280000000,sl_hit
FVG - 5m,TRUTHUSDT,1,2026-07-16 22:55:38.501358+00,2026-07-17 02:15:14.197278+00,0.012339,0.01236655,0.0118997,0.0118997,5.20778896182824677908140,tp_hit
FVG - 15m,MYXUSDT,0,2026-07-18 06:35:50.001262+00,2026-07-19 01:00:23.611247+00,0.0746300,0.0740705,0.0805705,0.0805705,11.76900401983079807253200,tp_hit
FVG - 1m,XPINUSDT,1,2026-07-15 13:29:08.241172+00,2026-07-15 13:48:02.579294+00,0.0015449,0.00155345,0.00151715,0.0015563,-1.227310505534,sl_hit
FVG - 15m,TRIAUSDT,0,2026-07-16 11:03:56.778428+00,2026-07-16 15:39:52.860531+00,0.0083900,0.008311,0.008992,0.008992,10.638507747318,tp_hit
FVG - 5m,TRIAUSDT,0,2026-07-17 16:14:46.52797+00,2026-07-17 18:06:44.78946+00,0.008389,0.008344,0.0087365,0.0087365,6.091008463464,tp_hit
FVG - 15m,YBUSDT,0,2026-07-21 11:10:33.647328+00,2026-07-21 11:43:11.209088+00,0.0792100,0.078694,0.0879525,0.078694,-1.11173576568651559260200,sl_hit
FVG - 1m,ESPORTSUSDT,1,2026-07-18 08:57:18.641611+00,2026-07-18 09:08:20.599458+00,0.0279700,0.0283385,0.027382,0.027382,3.034639971398,tp_hit
FVG - 5m,PIEVERSEUSDT,0,2026-07-15 13:46:56.615214+00,2026-07-15 13:48:03.585392+00,0.67910,0.677805,0.71188,0.677805,-0.405925931380,sl_hit
FVG - 1m,AERGOUSDT,0,2026-07-17 05:33:17.912284+00,2026-07-17 06:20:21.698361+00,0.0215500,0.021487,0.022572,0.021487,-0.558339675174,sl_hit
FVG - 1m,HOMEUSDT,0,2026-07-17 12:32:32.453921+00,2026-07-17 12:45:32.084568+00,0.008047,0.0079595,0.0082425,0.0079595,-1.750390207531,sl_hit
FVG - 1m,MUBARAKUSDT,1,2026-07-16 16:13:45.011715+00,2026-07-16 16:20:46.8098+00,0.01305000,0.013113,0.0126445,0.01307000,-0.349977011494,sl_hit
FVG - 15m,SPELLUSDT,0,2026-07-18 00:09:09.628381+00,2026-07-18 16:31:02.274186+00,0.0000856,0.00008276,0.00009134,0.0000848,-1.551063084112,timeout
FVG - 1m,MVLLUSDT,1,2026-07-17 17:57:26.655998+00,2026-07-17 19:12:00.072253+00,22.21000,22.3935,21.4215,21.4215,5.207434038722,tp_hit
Standard Scalping,RAVEUSDT,0,2026-07-16 11:04:01.969151+00,2026-07-16 13:06:30.67567+00,0.3101000,0.29907069,0.34233,0.29907069,-5.452907905192,timeout
FVG - 5m,SKLUSDT,0,2026-07-19 19:04:50.02062+00,2026-07-20 05:05:09.078058+00,0.0040380,0.0039861,0.00421405,0.0040420,0.013287518574,timeout
FVG - 15m,BILLUSDT,1,2026-07-17 12:47:19.748652+00,2026-07-18 02:02:27.046903+00,0.0255500,0.0269755,0.022664,0.022664,16.80232133072452642088300,tp_hit
FVG - 1m,DEXEUSDT,1,2026-07-19 19:04:44.763937+00,2026-07-19 19:05:29.72484+00,34.370000,34.406,33.334,34.360000,-0.076339831248,sl_hit
Standard Scalping,SPORTFUNUSDT,0,2026-07-17 05:33:26.116641+00,2026-07-17 08:05:38.179233+00,0.0214100,0.0210092,0.02281278,0.0214000,-0.204997664642,timeout
FVG - 1m,QUSDT,0,2026-07-18 09:11:46.187375+00,2026-07-18 10:08:57.902735+00,0.0199130,0.01976955,0.02028505,0.0197960,-1.000981268518,sl_hit
FVG - 1m,SYNUSDT,1,2026-07-20 00:03:46.921015+00,2026-07-20 00:20:05.526546+00,0.2139000,0.2154895,0.211334,0.2154895,-1.235102244040,sl_hit
FVG - 1m,SYRUPUSDT,1,2026-07-18 02:40:35.290183+00,2026-07-18 04:52:09.027136+00,0.1819100,0.18352,0.1799,0.18352,-1.448110604145,sl_hit
Standard Scalping,ETHFIUSDT,0,2026-07-16 02:34:15.795716+00,2026-07-16 05:17:00.749681+00,0.44000000,0.43432248,0.45790326,0.4343000,-2.062404545455,sl_hit
FVG - 15m,MUBARAKUSDT,0,2026-07-15 13:54:52.689197+00,2026-07-15 15:13:41.065448+00,0.01245000,0.012321,0.0131235,0.012321,-1.673595180723,sl_hit
FVG - 5m,SOXSUSDT,0,2026-07-18 03:19:04.499878+00,2026-07-18 03:25:08.65902+00,54.88000,54.585,57.796,54.585,-0.925982142857,sl_hit
FVG - 5m,QUSDT,0,2026-07-18 09:11:48.933997+00,2026-07-18 09:17:37.009685+00,0.0199130,0.0198924,0.0206094,0.0198924,-0.275112941294,sl_hit
FVG - 1m,SYNUSDT,0,2026-07-17 12:47:25.840175+00,2026-07-17 13:17:07.957516+00,0.2095000,0.208392,0.216898,0.208392,-0.913000095465,sl_hit
FVG - 5m,GRAMUSDT,1,2026-07-17 05:48:06.158707+00,2026-07-17 09:06:18.644912+00,1.407000,1.4909,1.3628,1.4909,-9.0838230277188549495000,sl_hit
FVG - 1m,ESPORTSUSDT,0,2026-07-19 19:19:04.486769+00,2026-07-19 19:22:22.070142+00,0.0239400,0.022875,0.02489,0.022875,-6.790263157895,sl_hit
Standard Scalping,KORUUSDT,0,2026-07-20 00:10:00.83443+00,2026-07-20 01:33:18.823817+00,19.27000,19.0214932,20.4097738,19.0214932,-2.053633087286,sl_hit
FVG - 1m,ALLOUSDT,0,2026-07-16 16:18:45.888799+00,2026-07-16 16:33:32.139134+00,0.3852300,0.38316,0.394,0.38316,-0.925689588038,sl_hit
FVG - 1m,AUSDT,1,2026-07-19 06:04:53.57533+00,2026-07-19 06:46:27.155249+00,0.06723,0.0676815,0.065932,0.0676815,-1.127765729585,sl_hit
FVG - 1m,AXTIUSDT,1,2026-07-15 13:54:56.772363+00,2026-07-15 14:24:41.292416+00,56.57000,57.178,54.805,54.82000,4.522124801130,tp_hit
FVG - 5m,DOODUSDT,0,2026-07-18 02:18:44.464225+00,2026-07-18 03:33:23.857766+00,0.0014610,0.00144595,0.0015242,0.0015242,6.366110882957,tp_hit
FVG - 5m,VVVUSDT,1,2026-07-18 09:27:13.86519+00,2026-07-18 09:34:59.91609+00,11.544000,11.6056,11.04475,11.6056,-0.920735966736,sl_hit
FVG - 1m,ENAUSDT,1,2026-07-16 16:23:49.061842+00,2026-07-16 16:26:26.730486+00,0.0852200,0.085515,0.083915,0.085515,-0.639452006572,sl_hit
FVG - 1m,MUUUSDT,0,2026-07-17 12:55:36.791765+00,2026-07-17 13:01:36.498468+00,25.949,25.9155,26.922,25.9155,-0.313571621257,sl_hit
FVG - 15m,RKLBUSDT,0,2026-07-17 16:43:09.322556+00,2026-07-17 18:37:44.261083+00,69.46000,68.4195,73.5735,68.4195,-2.366077886553,sl_hit
FVG - 5m,EVAAUSDT,1,2026-07-15 13:55:02.873789+00,2026-07-15 13:56:56.364322+00,1.092700,1.106655,1.017835,1.106655,-2.036433879381,sl_hit
FVG - 15m,SKYAIUSDT,1,2026-07-17 06:02:07.082992+00,2026-07-17 06:37:23.056315+00,0.0348200,0.035279,0.032194,0.032194,11.196989086731,tp_hit
FVG - 1m,PARTIUSDT,1,2026-07-19 19:33:37.371961+00,2026-07-19 19:39:17.288518+00,0.0296500,0.02983,0.028565,0.02983,-1.030988195615,sl_hit
FVG - 1m,VELVETUSDT,1,2026-07-17 13:00:57.621722+00,2026-07-17 13:21:22.061689+00,0.56377,0.570815,0.551745,0.551745,3.080722812494,tp_hit
FVG - 5m,BOTUSDT,1,2026-07-15 14:00:43.860661+00,2026-07-15 14:24:44.201943+00,35.09000,35.6605,33.896,33.38000,7.192698774580,tp_hit
FVG - 1m,VANRYUSDT,1,2026-07-19 06:56:34.646939+00,2026-07-19 07:09:25.031343+00,0.00530000,0.0053172,0.0051685,0.0053172,-0.606987169811,sl_hit
FVG - 5m,ARXUSDT,0,2026-07-18 09:41:07.946567+00,2026-07-18 09:41:52.950351+00,0.1515000,0.15117,0.16841,0.15117,-0.446601980198,sl_hit
FVG - 15m,ONDOUSDT,1,2026-07-17 06:15:58.958315+00,2026-07-17 06:34:26.783578+00,0.3642000,0.36618,0.343155,0.36618,-0.935812191104,sl_hit
FVG - 1m,ORCLUSDT,0,2026-07-16 16:28:46.165142+00,2026-07-16 17:43:32.392273+00,126.35000,126.1435,129.438,126.1435,-0.365054293629,sl_hit
FVG - 15m,ERAUSDT,0,2026-07-18 18:22:48.355825+00,2026-07-18 21:51:46.781631+00,0.06730000,0.0666805,0.0715235,0.0666600,-1.545878157504,sl_hit
FVG - 5m,DODOXUSDT,1,2026-07-18 03:02:36.494808+00,2026-07-18 07:40:24.849397+00,0.0232530,0.0236489,0.02156305,0.02156305,10.785857179718,tp_hit
FVG - 5m,LITEUSDT,0,2026-07-16 02:46:23.471334+00,2026-07-16 04:22:15.416425+00,749.42,747.68,781.139,747.68,-0.468130020549,sl_hit
FVG - 5m,SOXLUSDT,1,2026-07-17 18:13:43.034691+00,2026-07-17 18:30:17.961602+00,137.50000,137.727,127.975,137.727,-0.367735418181,sl_hit
Standard Scalping,MUUUSDT,0,2026-07-19 23:01:51.66421+00,2026-07-20 00:05:59.537589+00,27.92000,27.6904976,28.65440768,28.65440768,3.824021760000,tp_hit
FVG - 5m,JSTUSDT,0,2026-07-15 14:08:31.373562+00,2026-07-15 14:10:53.576135+00,0.0984800,0.0982135,0.101265,0.0982135,-0.525757615759,sl_hit
FVG - 1m,GALAUSDT,0,2026-07-18 09:41:01.85208+00,2026-07-18 09:41:37.746049+00,0.0020830,0.00207955,0.00213385,0.00207955,-0.368340374460,sl_hit
FVG - 15m,ALABUSDT,0,2026-07-18 02:07:13.143203+00,2026-07-18 05:00:36.385597+00,306.09000,305.0235,327.1465,305.39000,-0.462899147309,sl_hit
FVG - 5m,ZBTUSDT,0,2026-07-19 19:33:42.35166+00,2026-07-19 19:51:41.739426+00,0.0977500,0.097194,0.101799,0.097194,-0.972855652174,sl_hit
FVG - 1m,SENTUSDT,1,2026-07-16 16:44:49.240812+00,2026-07-16 17:54:33.687523+00,0.0137800,0.0138445,0.013513,0.013513,2.787548621190,tp_hit
FVG - 5m,USUSDT,0,2026-07-17 18:33:58.856998+00,2026-07-17 21:36:27.47331+00,0.0461780,0.04563445,0.048671,0.048671,7.974772835550,tp_hit
FVG - 15m,ZECUSDT,1,2026-07-16 02:51:16.303605+00,2026-07-16 02:56:08.306925+00,566.67,569.5515,535.525,569.5515,-0.883050611468,sl_hit
FVG - 1m,KAITOUSDT,1,2026-07-17 13:12:34.094249+00,2026-07-17 13:16:53.807201+00,0.8932,0.89605,0.88275,0.89605,-0.598807657860,sl_hit
FVG - 1m,INTCUSDT,0,2026-07-20 14:24:50.170176+00,2026-07-20 14:48:44.043258+00,98.52000,98.0065,100.734,98.0065,-0.901508221681,sl_hit
FVG - 5m,OUSDT,0,2026-07-17 02:19:48.252121+00,2026-07-17 23:10:50.115693+00,0.5795000,0.55901,0.64676,0.5772000,-0.745563416739,timeout
FVG - 15m,TACUSDT,0,2026-07-16 02:57:23.257108+00,2026-07-16 05:42:22.601681+00,0.003008,0.0029698,0.00318065,0.0029770,-1.665259308510,sl_hit
FVG - 1m,TRUMPUSDT,0,2026-07-20 00:14:45.580178+00,2026-07-20 00:23:21.182078+00,1.573,1.5697,1.59765,1.5697,-0.434559440559,sl_hit
Standard Scalping,MEWUSDT,0,2026-07-18 03:43:34.699106+00,2026-07-18 04:22:57.78597+00,0.0003813,0.00037681,0.00040996,0.00037681,-1.885619197482,sl_hit
FVG - 1m,ZESTUSDT,0,2026-07-18 09:54:15.002275+00,2026-07-18 10:00:20.373278+00,0.2281300,0.223629,0.234627,0.223629,-3.078312979442,sl_hit
Standard Scalping,BSBUSDT,0,2026-07-18 19:14:15.589555+00,2026-07-18 23:56:50.170262+00,0.1364800,0.13370746,0.14501612,0.1332700,-3.646578253224,sl_hit
FVG - 1m,UBUSDT,1,2026-07-20 14:34:05.126044+00,2026-07-20 15:01:00.351593+00,0.0974000,0.0978005,0.095321,0.0978005,-0.737033162218,sl_hit
FVG - 15m,MANTRAUSDT,0,2026-07-17 18:42:07.892876+00,2026-07-17 19:21:07.300844+00,0.0065640,0.0065359,0.0074052,0.0065359,-0.761882084095,sl_hit
FVG - 1m,RPLUSDT,0,2026-07-17 13:20:40.189343+00,2026-07-17 13:55:24.826034+00,1.79000000,1.7785,1.8125,1.8160000,2.057899441341,tp_hit
FVG - 1m,HIMSUSDT,0,2026-07-16 16:52:52.961629+00,2026-07-16 17:57:27.629968+00,34.67000,34.4325,35.7635,34.4325,-1.147134410153,sl_hit
FVG - 1m,RAVEUSDT,0,2026-07-17 03:32:03.417973+00,2026-07-17 06:41:11.882759+00,0.3036000,0.29777,0.314615,0.29777,-2.999282608696,sl_hit
FVG - 5m,HEIUSDT,0,2026-07-18 04:02:30.411162+00,2026-07-18 04:12:55.407827+00,0.111620,0.111025,0.11709,0.111025,-0.919268052320,sl_hit
FVG - 5m,UBUSDT,0,2026-07-18 09:54:20.979574+00,2026-07-18 10:44:53.532122+00,0.0880500,0.0865715,0.090982,0.090982,4.872891311755,tp_hit
FVG - 1m,PUMPUSDT,1,2026-07-19 19:47:27.684417+00,2026-07-19 19:52:26.650169+00,0.0017720,0.00177745,0.0017227,0.00177745,-0.581527652370,sl_hit
FVG - 1m,AXTIUSDT,0,2026-07-16 17:49:53.983753+00,2026-07-16 17:51:31.310505+00,45.84000,45.705,46.9135,45.705,-0.561577225131,sl_hit
FVG - 15m,INTWUSDT,0,2026-07-17 19:10:39.160576+00,2026-07-17 22:00:34.930822+00,22.51000,22.0805,24.7055,22.0805,-2.980916481564,sl_hit
FVG - 1m,USUSDT,0,2026-07-18 04:02:26.11542+00,2026-07-18 05:31:41.12141+00,0.0446730,0.0440427,0.0466109,0.0466109,6.384347726815,tp_hit
FVG - 1m,INTWUSDT,1,2026-07-24 14:32:43.760987+00,2026-07-24 14:47:52.620561+00,22.96000,23.2985,22.45,22.45,3.213214285714,tp_hit
Scalping Clone,PTBUSDT,0,2026-07-17 13:28:04.615555+00,2026-07-17 14:18:09.082421+00,0.0006026,0.00057301,0.00062182,0.00062182,4.662354463989,tp_hit
FVG - 1m,TAGUSDT,1,2026-07-17 19:14:29.311862+00,2026-07-17 20:41:37.052591+00,0.0010090,0.00101545,0.0009841,0.00101545,-1.079253716551,sl_hit
FVG - 1m,RIFUSDT,1,2026-07-17 13:27:42.165821+00,2026-07-17 13:55:34.973033+00,0.1304500,0.130945,0.116125,0.130945,-0.689411268685,sl_hit
FVG - 1m,HEMIUSDT,0,2026-07-19 20:00:18.12553+00,2026-07-19 20:04:05.324698+00,0.0045070,0.00448565,0.00462605,0.00448565,-0.830277124473,sl_hit
Standard Scalping,TLMUSDT,0,2026-07-18 19:48:46.720342+00,2026-07-18 22:30:18.07691+00,0.00138500,0.00133371,0.00145832,0.00145832,7.817617906137,tp_hit
FVG - 1m,KITEUSDT,0,2026-07-18 10:08:22.720827+00,2026-07-18 15:02:58.730523+00,0.1096200,0.1087935,0.114955,0.1101400,0.591264367816,sl_hit
FVG - 1m,ASTSUSDT,0,2026-07-16 17:57:33.034241+00,2026-07-16 20:02:47.658285+00,53.95,53.5815,55.312,55.312,3.665324930491,tp_hit
Standard Scalping,AIGENSYNUSDT,0,2026-07-16 03:48:04.981814+00,2026-07-16 04:07:18.593107+00,0.0246200,0.02426595,0.02569375,0.02426595,-2.276224898457,sl_hit
FVG - 5m,BIRBUSDT,0,2026-07-15 14:11:51.019863+00,2026-07-15 14:39:44.101939+00,0.0649800,0.064612,0.0675445,0.064612,-0.969152354570,sl_hit
FVG - 1m,BILLUSDT,0,2026-07-18 04:15:57.333866+00,2026-07-18 04:36:09.564611+00,0.0226000,0.0222595,0.023339,0.0222595,-2.379051769911,sl_hit
FVG - 15m,ASTSUSDT,0,2026-07-17 19:36:43.733033+00,2026-07-18 10:47:50.615151+00,58.23000,57.6805,62.452,58.06000,-0.587771767131,timeout
FVG - 1m,GWEIUSDT,0,2026-07-16 18:03:40.36632+00,2026-07-16 18:06:49.469352+00,0.0358000,0.03458,0.036715,0.036715,3.712265363129,tp_hit
FVG - 1m,BSBUSDT,0,2026-07-18 10:22:17.080608+00,2026-07-18 10:28:29.181+00,0.1345900,0.134185,0.1387915,0.134185,-0.571190281596,sl_hit
FVG - 5m,BUSDT,1,2026-07-16 23:32:45.750624+00,2026-07-16 23:41:33.908497+00,0.1141000,0.114515,0.11098,0.114515,-0.665792287467,sl_hit
FVG - 5m,BILLUSDT,0,2026-07-18 04:16:01.409004+00,2026-07-18 04:36:09.585559+00,0.0225900,0.022252,0.0251035,0.022252,-2.363458167331,sl_hit
FVG - 1m,BRUSDT,1,2026-07-19 05:19:46.586833+00,2026-07-19 07:10:34.960665+00,0.1554700,0.156824,0.1517055,0.1517055,3.513504020068,tp_hit
FVG - 1m,CBRSUSDT,1,2026-07-20 14:58:14.479978+00,2026-07-20 15:07:12.917023+00,169.54000,170.0445,164.982,170.0445,-0.566533384452,sl_hit
Standard Scalping,PTBUSDT,0,2026-07-17 13:28:08.711079+00,2026-07-17 14:18:09.121404+00,0.0006039,0.0005897,0.00062198,0.00062198,4.369013412816,tp_hit
FVG - 1m,HEIUSDT,1,2026-07-16 04:29:56.785816+00,2026-07-16 04:39:56.138995+00,0.11284,0.11419,0.110215,0.11419,-1.915294221908,sl_hit
FVG - 5m,VIRTUALUSDT,0,2026-07-18 20:09:16.925811+00,2026-07-19 06:08:19.582062+00,0.6083,0.60709,0.62328,0.60709,-0.43347509452576541843000,sl_hit
FVG - 1m,DEXEUSDT,1,2026-07-17 06:31:36.474257+00,2026-07-17 06:31:50.475848+00,35.730000,35.7703,34.93,35.7703,-0.289253232577,sl_hit
FVG - 15m,PUMPUSDT,1,2026-07-16 23:43:16.222628+00,2026-07-16 23:51:23.969922+00,0.0016890,0.0016982,0.00157785,0.0016982,-0.937378330373,sl_hit
FVG - 15m,AGTUSDT,0,2026-07-21 06:49:53.275584+00,2026-07-21 06:50:56.3435+00,0.0114950,0.01142265,0.014463,0.01142265,-1.063728490648,sl_hit
FVG - 15m,SNXXUSDT,0,2026-07-19 20:13:16.393742+00,2026-07-20 00:06:43.558179+00,13.15000,13.008,13.955,13.955,9.058836501902,tp_hit
FVG - 15m,ONDOUSDT,0,2026-07-20 00:25:59.245075+00,2026-07-20 00:52:31.853989+00,0.3477000,0.34524,0.366225,0.34524,-1.180835202761,sl_hit
FVG - 15m,MANTRAUSDT,0,2026-07-16 18:16:20.509571+00,2026-07-16 18:17:36.883436+00,0.0072290,0.00715125,0.0083281,0.00715125,-1.732648360769,sl_hit
FVG - 1m,ETHFIUSDT,1,2026-07-18 10:34:50.892162+00,2026-07-18 11:09:28.288363+00,0.4500000,0.451875,0.44203,0.451875,-0.745250000000,sl_hit
FVG - 1m,ARCUSDT,0,2026-07-20 15:05:20.292599+00,2026-07-20 20:10:06.437599+00,0.0714000,0.0710355,0.075152,0.0713600,-0.219025210084,timeout
Scalping Clone,USUSDT,0,2026-07-21 06:50:11.645939+00,2026-07-21 07:20:45.575112+00,0.0404090,0.03901603,0.04368008,0.04368008,12.017537063526,tp_hit
FVG - 5m,FFUSDT,0,2026-07-16 04:30:00.844861+00,2026-07-16 06:27:14.440559+00,0.06674,0.066433,0.0703075,0.066433,-0.809715013485,sl_hit
FVG - 1m,NOMUSDT,0,2026-07-17 13:32:51.146853+00,2026-07-18 02:51:31.395116+00,0.00150000,0.0014885,0.001527,0.0014980,-0.35018000000,timeout
FVG - 1m,BUSDT,1,2026-07-19 20:13:23.05556+00,2026-07-19 20:27:23.458038+00,0.2437000,0.24741,0.232165,0.2471,-2.213574066475,sl_hit
Standard Scalping,LYNUSDT,0,2026-07-18 20:19:37.632852+00,2026-07-18 20:37:07.83347+00,0.03991,0.0386752,0.04417312,0.0386752,-4.759085742921,sl_hit
FVG - 1m,MUUSDT,1,2026-07-20 00:29:14.900784+00,2026-07-20 00:38:12.847049+00,869.79,872.444,851.345,872.444,-0.577879764081,sl_hit
FVG - 5m,MANTRAUSDT,0,2026-07-19 20:13:31.587651+00,2026-07-20 06:13:53.53943+00,0.0062990,0.006287,0.0066295,0.0066295,7.73190823940264010176000,timeout
Standard Scalping,USUSDT,0,2026-07-21 06:50:14.912443+00,2026-07-21 07:13:07.560983+00,0.0405960,0.03980547,0.0429542,0.0429542,8.589934673366,tp_hit
FVG - 5m,GWEIUSDT,0,2026-07-18 04:45:49.072879+00,2026-07-18 04:53:19.350188+00,0.0295000,0.029255,0.03149,0.029255,-1.365264406779,sl_hit
FVG - 1m,CATIUSDT,1,2026-07-18 20:33:36.772401+00,2026-07-18 20:34:26.096077+00,0.0399900,0.0403155,0.039517,0.039517,1.654903225806,tp_hit
FVG - 15m,USUSDT,0,2026-07-19 20:26:35.512516+00,2026-07-20 02:16:01.909394+00,0.0449150,0.04395695,0.0508017,0.04395695,-3.318263764889,sl_hit
FVG - 1m,RESOLVUSDT,1,2026-07-16 18:16:25.029005+00,2026-07-16 20:27:08.702456+00,0.0210400,0.02131272,0.020499,0.02131272,-2.065074296578,sl_hit
FVG - 15m,USARUSDT,0,2026-07-17 06:45:38.277554+00,2026-07-17 06:57:08.40678+00,15.80000,15.7555,16.9735,15.7555,-0.542299367088,sl_hit
FVG - 1m,MORPHOUSDT,1,2026-07-16 04:42:21.218194+00,2026-07-16 04:48:00.185851+00,2.1173,2.1223,2.0849,2.1223,-0.474366410050,sl_hit
FVG - 1m,PHAUSDT,1,2026-07-18 10:47:21.963011+00,2026-07-18 11:10:42.104485+00,0.0228900,0.023115,0.022505,0.023115,-1.595032765399,sl_hit
FVG - 15m,SPCXUSDT,1,2026-07-16 23:53:47.373094+00,2026-07-17 19:06:22.520653+00,126.73000,132.789,117.165,128.39000,-2.130130198058,timeout
FVG - 1m,AGTUSDT,0,2026-07-18 04:45:43.84077+00,2026-07-18 04:59:04.849209+00,0.0138990,0.0136735,0.0144116,0.0136735,-2.552654867257,sl_hit
FVG - 1m,SOXLUSDT,1,2026-07-20 00:34:04.469555+00,2026-07-20 00:35:53.983323+00,138.60000,139.5235,134.87,139.5235,-1.119858658009,sl_hit
FVG - 5m,DOODUSDT,0,2026-07-18 10:47:27.495052+00,2026-07-18 14:10:10.50489+00,0.0014420,0.0014295,0.0015013,0.0014295,-1.419757281553,sl_hit
FVG - 1m,XPLUSDT,0,2026-07-16 04:49:39.648834+00,2026-07-16 05:53:37.960782+00,0.0868100,0.086575,0.0893585,0.086575,-0.525896786084,sl_hit
FVG - 1m,VELVETUSDT,1,2026-07-19 20:48:34.788742+00,2026-07-19 21:17:12.026289+00,0.5100000,0.512405,0.49288,0.512405,-0.827635882352,sl_hit
Scalping Clone,SKHYNIXUSDT,0,2026-07-20 00:15:01.209451+00,2026-07-20 01:47:59.28525+00,1259.19000,1209.734136,1387.2040135,1209.734136,-6.009033623341,sl_hit
FVG - 1m,IRYSUSDT,1,2026-07-18 20:41:59.674757+00,2026-07-18 23:08:13.736847+00,0.0130700,0.0131245,0.012883,0.012883,2.026994644224,tp_hit
Standard Scalping,AWEUSDT,0,2026-07-18 20:42:27.287778+00,2026-07-18 20:44:17.963863+00,0.06094000,0.05967433,0.06359887,0.05967433,-3.234121427634,sl_hit
FVG - 1m,STXXUSDT,1,2026-07-20 00:45:16.237086+00,2026-07-20 11:06:08.770678+00,808.20000,813.415,779.051,813.415,-1.102973830732159950000,sl_hit
FVG - 1m,FORMUSDT,0,2026-07-20 15:14:53.968591+00,2026-07-20 15:16:15.987743+00,0.192000,0.191555,0.19739,0.191555,-0.467517187500,sl_hit
FVG - 1m,AVAAIUSDT,1,2026-07-18 05:00:01.770486+00,2026-07-18 05:03:42.285768+00,0.0076000,0.0076336,0.0073459,0.0076336,-0.783423157895,sl_hit
FVG - 1m,BLESSUSDT,0,2026-07-17 06:45:43.080461+00,2026-07-17 08:29:52.45743+00,0.0079630,0.0078111,0.0082774,0.0082774,5.78474331282202046985670,tp_hit
FVG - 1m,SXTUSDT,0,2026-07-17 14:01:41.475774+00,2026-07-17 14:22:35.318374+00,0.0075720,0.00755105,0.00776715,0.00755105,-0.534849841522,sl_hit
FVG - 5m,NOMUSDT,0,2026-07-17 00:04:29.928987+00,2026-07-17 05:40:48.438347+00,0.0015090,0.0014985,0.001537,0.0014985,-1.163320079523,sl_hit
FVG - 5m,ACEUSDT,0,2026-07-18 15:50:29.147107+00,2026-07-18 20:47:31.130574+00,0.07570000,0.066285,0.08397,0.066285,-18.7827642007922536359940,sl_hit
FVG - 1m,BOTUSDT,0,2026-07-20 15:10:49.593593+00,2026-07-20 15:11:11.382041+00,27.06000,26.991,28.239,26.991,-0.502330376940,sl_hit
Standard Scalping,EDGEUSDT,0,2026-07-16 05:06:25.627221+00,2026-07-16 07:33:32.963292+00,0.4276,0.41900218,0.45042171,0.4266000,-0.470654817587,timeout
FVG - 15m,TREEUSDT,0,2026-07-18 10:59:56.384966+00,2026-07-18 11:13:25.533727+00,0.03749,0.037404,0.041968,0.041968,17.789611096292,tp_hit
FVG - 15m,1000XECUSDT,1,2026-07-16 18:28:06.007894+00,2026-07-17 00:08:37.374263+00,0.0062880,0.00635855,0.00597175,0.00635855,-1.81858349236660305362160,sl_hit
FVG - 15m,HOTUSDT,0,2026-07-17 06:59:40.3043+00,2026-07-17 12:42:04.92147+00,0.0003495,0.00034766,0.00037299,0.00034766,-0.92442231759644206008704,sl_hit
FVG - 5m,TOSHIUSDT,0,2026-07-18 05:00:07.585628+00,2026-07-18 11:09:55.272309+00,0.0001260,0.00011491,0.00013817,0.00011491,-13.33152857142857142856912,sl_hit
FVG - 15m,LDOUSDT,1,2026-07-17 00:11:50.38028+00,2026-07-17 00:15:59.891347+00,0.36650000,0.36815,0.34819,0.36815,-0.795577080491,sl_hit
FVG - 1m,CFGUSDT,0,2026-07-17 19:45:30.769749+00,2026-07-17 20:02:48.742795+00,0.1725000,0.17207,0.175315,0.17207,-0.493763478261,sl_hit
FVG - 15m,KORUUSDT,0,2026-07-18 05:13:59.29762+00,2026-07-18 06:30:31.620639+00,18.84,18.5855,20.317,18.5855,-2.145463375796,sl_hit
FVG - 1m,CLOUSDT,0,2026-07-18 05:14:05.395544+00,2026-07-18 05:47:48.608973+00,0.1753500,0.172007,0.1776675,0.1776675,1.861670658682,tp_hit
FVG - 5m,FWDIUSDT,0,2026-07-18 20:55:31.585623+00,2026-07-18 21:14:13.183947+00,4.27800,4.237,4.5777,4.22700,-1.907503506311,sl_hit
FVG - 1m,SOXSUSDT,1,2026-07-17 06:59:45.375687+00,2026-07-17 06:59:57.09985+00,56.92000,57.094,55.335,57.094,-0.578721714688,sl_hit
FVG - 1m,POWRUSDT,0,2026-07-18 11:13:29.026445+00,2026-07-18 11:23:28.491955+00,0.0430600,0.042985,0.044495,0.042985,-0.381158848119,sl_hit
FVG - 1m,ONEUSDT,0,2026-07-17 14:08:32.923654+00,2026-07-17 15:18:28.01055+00,0.0011540,0.00114855,0.00122715,0.00114855,-0.828122183709,sl_hit
FVG - 1m,2ZUSDT,1,2026-07-17 00:11:54.425366+00,2026-07-17 00:15:03.289596+00,0.066,0.0667835,0.065658,0.0667835,-1.901394090909,sl_hit
FVG - 1m,VANAUSDT,0,2026-07-19 06:46:19.661955+00,2026-07-20 00:10:17.045929+00,1.148000,1.1267,1.206,1.149000,0.010609756098,timeout
FVG - 5m,1000XECUSDT,0,2026-07-19 06:09:58.330708+00,2026-07-19 07:24:42.140381+00,0.0086090,0.0085562,0.00934765,0.0085562,-1.039599488907,sl_hit
FVG - 5m,POWRUSDT,0,2026-07-18 11:13:31.736818+00,2026-07-18 11:23:57.431311+00,0.0430600,0.042921,0.045699,0.042921,-0.604014398513,sl_hit
FVG - 1m,TACUSDT,1,2026-07-21 17:50:24.438796+00,2026-07-21 17:57:00.794933+00,0.0030130,0.00305465,0.00293845,0.00305465,-2.194344175241,sl_hit
FVG - 15m,AKEUSDT,1,2026-07-19 19:04:39.279702+00,2026-07-19 21:06:10.232456+00,0.0018998,0.00190999,0.00158873,0.00190999,-0.924880197916,sl_hit
FVG - 1m,PLUMEUSDT,0,2026-07-17 00:15:54.284045+00,2026-07-17 00:16:52.922095+00,0.0103500,0.0103485,0.010522,0.0103485,-0.141730434783,sl_hit
FVG - 1m,VVVUSDT,1,2026-07-17 20:08:46.368464+00,2026-07-17 20:09:00.792048+00,11.117000,11.11955,10.78185,11.11955,-0.154420527121,sl_hit
FVG - 1m,STARUSDT,1,2026-07-18 05:31:43.917153+00,2026-07-18 07:48:13.717281+00,0.2030400,0.2233665,0.192859,0.2233665,-15.142628989362,sl_hit
FVG - 1m,ROBOUSDT,0,2026-07-18 21:11:03.740949+00,2026-07-18 21:47:44.707919+00,0.01076000,0.0107155,0.0109345,0.0109345,2.311647769517,tp_hit
Standard Scalping,BILLUSDT,0,2026-07-19 07:08:57.345922+00,2026-07-19 17:29:07.552402+00,0.0259500,0.02506594,0.028821,0.0259000,-0.408901734104,timeout
FVG - 1m,MAGMAUSDT,1,2026-07-17 14:24:37.197437+00,2026-07-17 14:24:47.563073+00,0.2718500,0.272024,0.261884,0.272024,-0.216047231929,sl_hit
FVG - 1m,BOTUSDT,1,2026-07-17 20:12:26.890529+00,2026-07-17 20:25:29.618916+00,29.17000,29.2345,28.516,29.23000,-0.428659581762,sl_hit
FVG - 1m,TACUSDT,0,2026-07-18 05:52:50.622544+00,2026-07-18 05:59:07.429828+00,0.0031850,0.0031551,0.00325565,0.0031551,-1.527600000000,sl_hit
FVG - 1m,BEUSDT,0,2026-07-20 15:19:59.302797+00,2026-07-20 19:59:45.534692+00,197.87000,197.34,207.5825,197.34,-0.536822155961825040000,sl_hit
FVG - 15m,ORDIUSDT,0,2026-07-20 01:11:28.533022+00,2026-07-20 01:43:19.353968+00,3.567,3.524196,3.6964,3.524196,-1.919280000000,sl_hit
FVG - 1m,EVAAUSDT,1,2026-07-17 07:12:40.835409+00,2026-07-17 07:17:19.308138+00,0.860700,0.86951,0.82495,0.86951,-1.655992331823,sl_hit
FVG - 15m,MAGMAUSDT,0,2026-07-18 11:29:25.756912+00,2026-07-18 11:56:38.683873+00,0.2850900,0.2842055,0.3030055,0.2842055,-0.585193202146,sl_hit
FVG - 5m,1000BONKUSDT,0,2026-07-18 21:27:55.360932+00,2026-07-18 22:01:53.781429+00,0.0028130,0.0027981,0.0029157,0.0027981,-0.914207607537,sl_hit
FVG - 15m,MUBARAKUSDT,0,2026-07-18 21:57:14.167189+00,2026-07-18 22:31:39.142437+00,0.0117200,0.0116525,0.0126955,0.0116525,-0.983562286689,sl_hit
FVG - 15m,SKLUSDT,0,2026-07-17 00:21:55.293572+00,2026-07-17 01:37:43.365513+00,0.0042760,0.00422271,0.0048625,0.00422271,-1.988639522919,sl_hit
FVG - 15m,TRIAUSDT,0,2026-07-20 01:17:14.332044+00,2026-07-20 01:53:41.442028+00,0.0084500,0.0083625,0.008897,0.0083625,-1.672633136095,sl_hit
FVG - 5m,HOMEUSDT,0,2026-07-19 07:08:49.262264+00,2026-07-19 16:22:12.788489+00,0.007987,0.007743,0.008247,0.007743,-4.700613496933,sl_hit
FVG - 1m,FORMUSDT,1,2026-07-17 14:29:30.319595+00,2026-07-17 19:37:10.885011+00,0.182600,0.18913,0.17714,0.184500,-1.696601861994,timeout
FVG - 1m,BTWUSDT,1,2026-07-18 11:29:30.62779+00,2026-07-18 11:30:14.254211+00,0.0667300,0.0668225,0.064859,0.0668225,-0.328010639893,sl_hit
FVG - 1m,EDGEUSDT,1,2026-07-18 06:06:17.589807+00,2026-07-18 06:07:56.901941+00,0.4442000,0.44512,0.43466,0.44512,-0.430795137326,sl_hit
FVG - 15m,PLUMEUSDT,0,2026-07-19 21:18:25.148556+00,2026-07-19 21:18:46.790831+00,0.0103200,0.0103185,0.010906,0.0103185,-0.141793604651,sl_hit
FVG - 15m,ACEUSDT,0,2026-07-19 06:28:27.086309+00,2026-07-19 20:23:49.169724+00,0.063550,0.063435,0.0727075,0.0727075,21.486224232888,tp_hit
FVG - 1m,METUSDT,1,2026-07-18 06:20:53.149292+00,2026-07-18 06:27:11.866454+00,0.1340000,0.134645,0.13115,0.134645,-0.842303731343,sl_hit
FVG - 1m,METUSDT,1,2026-07-20 00:53:58.769193+00,2026-07-20 01:34:42.770571+00,0.14990000,0.15177976,0.144165,0.15190000,-2.122134756504,sl_hit
FVG - 1m,BTWUSDT,1,2026-07-21 18:06:15.201737+00,2026-07-21 18:06:34.779603+00,0.0748400,0.075117,0.07112,0.075117,-0.675406467130,sl_hit
FVG - 15m,REUSDT,0,2026-07-18 22:02:39.392745+00,2026-07-18 22:12:48.047076+00,0.39830000,0.39591,0.44826,0.39591,-1.019715289982,sl_hit
FVG - 1m,METUSDT,0,2026-07-17 00:21:59.400067+00,2026-07-17 00:23:34.053537+00,0.1434000,0.14327,0.14809,0.14327,-0.255928870293,sl_hit
FVG - 1m,THEUSDT,1,2026-07-19 21:18:34.661888+00,2026-07-19 21:19:26.554356+00,0.0529200,0.053115,0.052145,0.053115,-0.672942176870,sl_hit
FVG - 1m,TLMUSDT,1,2026-07-18 11:54:20.769067+00,2026-07-18 13:22:38.312941+00,0.0013500,0.0013629,0.0013164,0.0013629,-1.553906666666,sl_hit
FVG - 1m,EVAAUSDT,0,2026-07-18 22:02:43.477361+00,2026-07-18 22:06:16.707763+00,0.7968,0.79368,0.80729,0.80729,1.853984186747,tp_hit
FVG - 15m,TRADOORUSDT,1,2026-07-19 04:40:57.313721+00,2026-07-19 16:14:26.640576+00,0.5349000,0.54818,0.47162,0.47162,17.632471116097,tp_hit
FVG - 1m,QNTXUSDT,0,2026-07-17 20:28:00.468218+00,2026-07-17 20:37:26.501082+00,56.12000,56.0405,57.3195,56.0405,-0.332406094084,sl_hit
FVG - 5m,INTWUSDT,1,2026-07-18 04:30:53.609708+00,2026-07-19 15:46:34.607657+00,21.97000,22.062,21.0115,22.062,-0.793100591716584150000,sl_hit
FVG - 15m,币安人生USDT,1,2026-07-20 07:03:59.62605+00,2026-07-20 07:05:03.094947+00,0.6471000,0.64807,0.61729,0.64807,-0.344939267501,sl_hit
FVG - 1m,MINIMAXUSDT,0,2026-07-21 18:11:49.122423+00,2026-07-21 18:33:34.577724+00,28.39000,28.3325,29.263,28.3325,-0.423682634730,sl_hit
FVG - 1m,COOKIEUSDT,1,2026-07-17 00:26:49.78784+00,2026-07-17 01:00:11.65635+00,0.0086500,0.008715,0.00842,0.008715,-1.247618497110,sl_hit
FVG - 5m,SOXSUSDT,0,2026-07-21 11:34:18.231749+00,2026-07-21 11:35:56.294483+00,47.71000,47.499,51.044,47.499,-0.783117585412,sl_hit
FVG - 15m,USUALUSDT,0,2026-07-19 21:22:04.830703+00,2026-07-19 21:30:44.187861+00,0.0086500,0.008644,0.0090545,0.008644,-0.224004624278,sl_hit
FVG - 1m,JUPUSDT,1,2026-07-20 01:47:23.407753+00,2026-07-20 03:01:01.846744+00,0.1986000,0.199805,0.196255,0.199805,-1.04551510573936253560000,sl_hit
FVG - 5m,FFUSDT,0,2026-07-18 11:54:25.563679+00,2026-07-18 12:22:29.742311+00,0.0608600,0.060655,0.063245,0.060655,-0.625055865921,sl_hit
FVG - 5m,MINIMAXUSDT,0,2026-07-22 09:29:55.181565+00,2026-07-22 13:06:02.782974+00,25.36000,25.093,27.37,25.093,-1.713650630914994420000,sl_hit
FVG - 1m,ONEUSDT,1,2026-07-19 21:22:08.093111+00,2026-07-19 21:23:52.005641+00,0.001121,0.0011315,0.001102,0.0011315,-1.525557537913,sl_hit
FVG - 15m,USELESSUSDT,0,2026-07-20 01:55:18.292989+00,2026-07-20 02:20:26.408825+00,0.05754,0.05684952,0.060829,0.05684952,-1.919280000000,sl_hit
FVG - 15m,ARXUSDT,0,2026-07-19 07:13:26.851556+00,2026-07-19 07:29:09.710331+00,0.1510000,0.15011,0.16916,0.15011,-1.003752317881,sl_hit
FVG - 1m,SHAZUSDT,0,2026-07-22 09:29:50.56324+00,2026-07-22 11:26:48.420363+00,71.03000,68.917,73.655,68.917,-4.595133323948807680000,sl_hit
FVG - 15m,SAFEUSDT,0,2026-07-18 12:07:37.34463+00,2026-07-18 18:14:34.777124+00,0.0827000,0.081855,0.0903,0.0818000,-1.766735187425,sl_hit
FVG - 15m,SOXLUSDT,1,2026-07-18 16:42:43.469913+00,2026-07-18 22:00:29.50367+00,131.99000,133.2925,125.1755,133.2925,-1.600817864990,sl_hit
FVG - 1m,HFTUSDT,1,2026-07-19 07:13:32.931751+00,2026-07-19 15:46:34.639996+00,0.0087200,0.008815,0.00852,0.008815,-1.754827981652,sl_hit
FVG - 1m,HMSTRUSDT,1,2026-07-21 18:21:12.829479+00,2026-07-21 18:23:27.294757+00,0.0001878,0.00018833,0.00018117,0.00018833,-0.543492012779,sl_hit
FVG - 5m,NIGHTUSDT,0,2026-07-21 11:44:30.306222+00,2026-07-21 11:46:24.515301+00,0.0196100,0.019518,0.020924,0.019518,-0.823441101479,sl_hit
FVG - 1m,AXTIUSDT,0,2026-07-17 20:42:43.24401+00,2026-07-17 21:30:49.51661+00,45.66000,45.5865,46.851,45.5865,-0.361362023653,sl_hit
FVG - 1m,BUSDT,1,2026-07-18 12:07:42.759395+00,2026-07-18 12:16:11.631663+00,0.1728000,0.17677,0.14788,0.17677,-3.567559027778,sl_hit
FVG - 1m,BTRUSDT,1,2026-07-18 22:09:03.133762+00,2026-07-19 00:52:19.383032+00,0.0176600,0.0177205,0.0172395,0.0172500,3.349017553793,tp_hit
FVG - 1m,ROBOUSDT,0,2026-07-17 07:25:25.278869+00,2026-07-17 07:34:25.645395+00,0.0117700,0.011724,0.012067,0.011724,-0.706001699236,sl_hit
FVG - 1m,ARIAUSDT,0,2026-07-19 07:17:33.715972+00,2026-07-19 07:19:43.193852+00,0.0269000,0.0266835,0.0280435,0.0266100,-1.736453531598,sl_hit
FVG - 15m,WETUSDT,1,2026-07-20 02:01:14.383781+00,2026-07-20 06:51:51.034008+00,0.06986,0.070237,0.0665555,0.0665555,6.96310005725700000096000,tp_hit
FVG - 15m,LABUSDT,1,2026-07-20 06:49:27.05807+00,2026-07-20 09:57:11.976841+00,0.1484,0.14989,0.14209,0.14209,6.260583557951,tp_hit
FVG - 1m,KORUUSDT,0,2026-07-17 15:26:03.239307+00,2026-07-17 15:34:18.258663+00,18.44000,18.2925,19.088,19.088,5.149041214751,tp_hit
FVG - 1m,BLURUSDT,0,2026-07-17 20:50:57.034575+00,2026-07-17 20:53:06.919739+00,0.0162300,0.016145,0.016908,0.016145,-0.905268022181,sl_hit
Standard Scalping,NBISUSDT,0,2026-07-20 16:09:10.466465+00,2026-07-20 16:26:19.161694+00,186.36000,183.742672,196.0155832,183.742672,-2.225828291048,sl_hit
FVG - 5m,METUSDT,0,2026-07-17 15:26:07.303933+00,2026-07-17 15:27:03.288494+00,0.1325000,0.132425,0.140875,0.140875,9.357339622642,sl_hit
FVG - 1m,TACUSDT,1,2026-07-19 07:24:46.032482+00,2026-07-19 15:46:34.65703+00,0.0035100,0.0035196,0.0034349,0.0034349,3.090685470086,tp_hit
FVG - 5m,HAEDALUSDT,0,2026-07-21 07:24:17.44694+00,2026-07-21 08:02:27.475584+00,0.0163700,0.016211,0.017351,0.016211,-1.576350641417,sl_hit
FVG - 1m,PROMUSDT,1,2026-07-19 21:27:05.669419+00,2026-07-19 22:26:15.961979+00,1.71300000,1.72925,1.6166,1.72925,-1.543511383538,sl_hit
FVG - 5m,YGGUSDT,0,2026-07-19 16:30:52.640732+00,2026-07-19 16:41:28.35994+00,0.0190400,0.0185565,0.0200605,0.0200605,7.916437500000,tp_hit
FVG - 15m,KGENUSDT,1,2026-07-20 02:20:56.298041+00,2026-07-20 02:24:37.161475+00,0.17656,0.179875,0.17025,0.17025,5.242928183054,tp_hit
Scalping Clone,CTRUSDT,0,2026-07-18 22:09:13.261951+00,2026-07-19 00:11:19.708234+00,0.0084200,0.00798635,0.00924041,0.0083200,-1.915635391924,timeout
FVG - 1m,GWEIUSDT,1,2026-07-17 20:59:53.632483+00,2026-07-17 21:15:44.613371+00,0.0290000,0.029245,0.028,0.029245,-1.387748275862,sl_hit
FVG - 5m,MUBARAKUSDT,0,2026-07-17 20:59:58.180766+00,2026-07-17 21:04:09.870261+00,0.0121300,0.012097,0.012921,0.012097,-0.527915910965,sl_hit
Standard Scalping,CRWVUSDT,0,2026-07-20 16:09:14.956746+00,2026-07-20 16:43:01.158997+00,75.46000,74.465027,78.88466495,74.80000,-1.431428571429,
FVG - 5m,REUSDT,0,2026-07-17 15:31:49.937434+00,2026-07-17 15:33:42.065876+00,0.44750000,0.445445,0.46837,0.445445,-0.808551284916,sl_hit
FVG - 15m,BLESSUSDT,1,2026-07-19 16:30:44.497397+00,2026-07-19 17:21:53.936954+00,0.0093650,0.0097908,0.0086651,0.0086651,11.094841857982,tp_hit
FVG - 15m,DOODUSDT,0,2026-07-20 02:27:08.236425+00,2026-07-20 03:20:38.586853+00,0.001428,0.00140515,0.0014936,0.0014280,-0.135063025210,
Standard Scalping,CTRUSDT,0,2026-07-18 22:09:17.309819+00,2026-07-18 23:48:43.585751+00,0.0084200,0.00820468,0.00905177,0.0083300,-1.722684085511,
FVG - 5m,MAGMAUSDT,1,2026-07-19 07:24:50.499787+00,2026-07-19 18:18:41.638282+00,0.3044300,0.309549,0.294653,0.3047000,-0.253088723188,timeout
FVG - 15m,SNXUSDT,1,2026-07-20 07:11:30.275505+00,2026-07-20 07:13:07.579839+00,0.2272,0.23015,0.2182,0.23015,-2.068402288733,sl_hit
FVG - 5m,STXXUSDT,1,2026-07-17 21:10:54.536893+00,2026-07-18 00:23:45.89037+00,784.55000,787.471,746.5025,787.471,-0.693711312218495037000,sl_hit
Standard Scalping,SHELLUSDT,0,2026-07-19 07:25:02.343187+00,2026-07-19 15:46:34.681551+00,0.0206300,0.02028465,0.02171784,0.02028465,-2.630023218614,sl_hit
Scalping Clone,SAGAUSDT,0,2026-07-21 07:34:30.451713+00,2026-07-21 09:36:33.19919+00,0.0128800,0.0125087,0.0132937,0.0128300,-0.702065217391,timeout
FVG - 5m,USARUSDT,0,2026-07-20 16:14:05.286715+00,2026-07-20 17:18:44.295335+00,15.09000,15.0425,16.144,15.0425,-0.591978131213,sl_hit
FVG - 1m,CBRSUSDT,1,2026-07-21 18:27:30.440134+00,2026-07-21 18:36:11.819715+00,204.53000,205.221,199.65,205.221,-0.626974331394,sl_hit
FVG - 5m,BEATUSDT,0,2026-07-21 11:51:06.717969+00,2026-07-21 17:00:19.268611+00,2.2890000,2.2596,2.38735,2.38735,6.322376146789,tp_hit
FVG - 5m,CLOUSDT,1,2026-07-23 08:08:27.386181+00,2026-07-23 08:09:46.78265+00,0.1191000,0.119585,0.110636,0.119585,-0.731075566751,sl_hit
FVG - 15m,HOLOUSDT,0,2026-07-19 21:34:38.913896+00,2026-07-19 21:41:21.173679+00,0.0622800,0.06227,0.065065,0.0621000,-0.553352601156,sl_hit
Scalping Clone,TRIAUSDT,0,2026-07-18 12:17:38.992164+00,2026-07-18 13:20:14.242145+00,0.009004,0.00856702,0.0096387,0.00856702,-7.396852643269,sl_hit
FVG - 5m,GUAUSDT,0,2026-07-18 22:12:46.273798+00,2026-07-18 22:15:25.868525+00,0.0555000,0.0553045,0.05757,0.0553045,-0.648167027027,sl_hit
FVG - 5m,DEXEUSDT,1,2026-07-20 07:11:38.388783+00,2026-07-20 07:17:16.651148+00,34.890000,35.0449,33.691,35.0449,-0.786216509029,sl_hit
FVG - 1m,ONUSDT,1,2026-07-22 09:25:08.251292+00,2026-07-22 09:31:46.970605+00,0.1198600,0.1202595,0.1156895,0.1177200,2.559195728349,sl_hit
FVG - 1m,REZUSDT,0,2026-07-19 16:30:48.571404+00,2026-07-19 16:32:02.509304+00,0.0024220,0.00239788,0.002565,0.00239788,-1.613209248554,sl_hit
FVG - 1m,TOWNSUSDT,0,2026-07-17 15:36:04.339554+00,2026-07-17 15:41:09.523782+00,0.002237,0.002207,0.002275,0.002207,-2.130818059901,sl_hit
FVG - 1m,MOVEUSDT,0,2026-07-17 21:32:26.303894+00,2026-07-17 21:44:21.147347+00,0.0108100,0.010685,0.01098,0.01098,2.237983348751,tp_hit
FVG - 5m,SKHYNIXUSDT,1,2026-07-22 22:38:42.678813+00,2026-07-23 00:00:59.461925+00,1288.13000,1303.681,1233.136,1303.681,-1.931605241708,sl_hit
FVG - 15m,EDGEUSDT,0,2026-07-20 02:31:21.884192+00,2026-07-20 16:27:08.112905+00,0.4081000,0.40688,0.43399,0.40688,-0.59879882381742242584000,sl_hit
FVG - 1m,AEROUSDT,0,2026-07-17 07:37:58.885397+00,2026-07-17 12:41:10.519171+00,0.4977,0.46939,0.53339,0.4893000,-2.665458107293,timeout
FVG - 1m,SIRENUSDT,1,2026-07-20 03:09:03.987735+00,2026-07-20 03:34:40.995963+00,0.0304200,0.03082552,0.028255,0.03082552,-2.120405364891,sl_hit
FVG - 15m,ALLOUSDT,1,2026-07-19 21:46:40.452883+00,2026-07-20 00:48:10.96764+00,0.45810000,0.4604795,0.421679,0.4604795,-0.899453765553,sl_hit
FVG - 15m,AEROUSDT,0,2026-07-18 22:17:56.702262+00,2026-07-19 01:16:29.97717+00,0.45000000,0.44871,0.48882,0.44871,-0.56486133333333331830000,sl_hit
FVG - 5m,AVAAIUSDT,0,2026-07-17 15:36:08.413701+00,2026-07-17 15:50:47.961587+00,0.0072130,0.0071398,0.0076306,0.0071280,-1.886934701234,sl_hit
FVG - 5m,ONDOUSDT,0,2026-07-18 22:23:05.59988+00,2026-07-18 22:32:49.152749+00,0.3487000,0.347225,0.359275,0.347225,-0.754245770003,sl_hit
Standard Scalping,BUSDT,0,2026-07-20 16:14:24.710619+00,2026-07-20 18:15:31.706767+00,0.2531000,0.2388974,0.2977552,0.2447000,-5.096278150929,timeout
Standard Scalping,TRIAUSDT,0,2026-07-18 12:17:43.103665+00,2026-07-18 12:32:26.424508+00,0.0090000,0.00878284,0.00963155,0.00878284,-3.737885600000,sl_hit
FVG - 1m,MOVEUSDT,1,2026-07-21 18:56:27.202204+00,2026-07-21 19:26:24.639038+00,0.0108300,0.0108415,0.01056,0.0108415,-0.29432963988848753466800,sl_hit
FVG - 5m,STABLEUSDT,0,2026-07-17 21:36:41.894274+00,2026-07-18 01:10:31.986197+00,0.0352400,0.035184,0.037219,0.035184,-0.37349148694606015820000,sl_hit
FVG - 15m,JELLYJELLYUSDT,0,2026-07-20 07:14:31.226002+00,2026-07-20 08:49:00.18413+00,0.0571000,0.056652,0.059864,0.056652,-1.296411908931,sl_hit
FVG - 1m,MUUSDT,0,2026-07-17 21:36:36.586079+00,2026-07-17 21:45:27.693352+00,845.52000,844.0,861.3955,844.0,-0.389548680102,sl_hit
Scalping Clone,POLYXUSDT,0,2026-07-21 05:36:45.461246+00,2026-07-21 07:44:55.781502+00,0.0387600,0.03735664,0.04264186,0.0385300,-1.009736842105,timeout
FVG - 1m,NBISUSDT,1,2026-07-17 15:43:33.102246+00,2026-07-17 15:53:29.159218+00,177.26,178.183,171.6155,178.183,-0.901368498251,sl_hit
FVG - 5m,PTBUSDT,0,2026-07-18 12:31:34.588151+00,2026-07-18 13:41:04.252488+00,0.0005681,0.00055799,0.00058399,0.00055799,-2.788356627354,sl_hit
FVG - 15m,USELESSUSDT,0,2026-07-17 22:13:38.884496+00,2026-07-17 23:51:18.278284+00,0.0620500,0.0608775,0.0712345,0.0608775,-2.953273972603,sl_hit
FVG - 15m,SLXUSDT,0,2026-07-18 22:36:08.909607+00,2026-07-19 00:11:08.091379+00,0.1093500,0.1081985,0.117806,0.1081985,-1.71403484224966117723600,sl_hit
FVG - 15m,USUSDT,1,2026-07-20 03:20:41.64417+00,2026-07-20 05:33:27.414197+00,0.0452410,0.0454823,0.04159465,0.0454823,-0.920368647907,sl_hit
FVG - 15m,BLUAIUSDT,0,2026-07-20 16:30:12.436756+00,2026-07-20 17:10:20.279441+00,0.0123070,0.0119141,0.0139031,0.0127410,5.167556675063,
FVG - 1m,HYPERUSDT,0,2026-07-19 21:59:10.622152+00,2026-07-19 22:02:33.787871+00,0.06390000,0.06347,0.065725,0.065725,4.162323943662,tp_hit
FVG - 15m,MUSDT,0,2026-07-21 12:11:57.686122+00,2026-07-21 13:06:02.82239+00,1.1924000,1.180675,1.257345,1.180675,-1.594376467628,sl_hit
FVG - 1m,HEMIUSDT,1,2026-07-18 12:31:28.497944+00,2026-07-18 14:05:15.653253+00,0.0044950,0.0045226,0.0044028,0.0044028,2.957982647386,tp_hit
Standard Scalping,LABUSDT,0,2026-07-21 19:03:34.1016+00,2026-07-21 19:43:04.114982+00,0.1395000,0.13545219,0.15203299,0.15203299,13.33550193978494623764000,tp_hit
FVG - 15m,TLMUSDT,0,2026-07-17 07:12:36.085618+00,2026-07-17 16:38:57.840781+00,0.0015300,0.00150995,0.00162285,0.00150995,-2.11485098039215686280500,sl_hit
FVG - 5m,ARIAUSDT,1,2026-07-18 22:36:14.970558+00,2026-07-18 22:40:29.899771+00,0.0267800,0.026892,0.0247795,0.026892,-0.747584764749,sl_hit
FVG - 1m,HANAUSDT,0,2026-07-21 07:51:18.704894+00,2026-07-21 08:06:14.305382+00,0.0404700,0.039994,0.042107,0.039994,-1.883564121571,sl_hit
FVG - 1m,BTWUSDT,1,2026-07-19 22:05:37.579859+00,2026-07-19 23:49:51.744016+00,0.06769,0.067932,0.066238,0.0681100,-1.051085832472,sl_hit
FVG - 15m,TUSDT,0,2026-07-19 16:36:50.579587+00,2026-07-19 18:04:28.202212+00,0.004023,0.003971,0.004346,0.003971,-2.058076062640,sl_hit
FVG - 1m,GUAUSDT,0,2026-07-19 16:36:56.644079+00,2026-07-19 16:57:10.301746+00,0.0568100,0.0565825,0.0768925,0.0565825,-0.720446224256,sl_hit
FVG - 1m,CLOUSDT,0,2026-07-17 22:13:44.549381+00,2026-07-17 22:23:32.65606+00,0.1904900,0.190125,0.194988,0.190125,-0.407301695627,sl_hit
Standard Scalping,STXXUSDT,0,2026-07-20 16:42:55.653768+00,2026-07-20 19:06:04.709421+00,804.34000,789.86568,848.523108,804.94000,-0.008151776612,timeout
FVG - 5m,PHAUSDT,0,2026-07-19 16:37:00.720593+00,2026-07-19 16:45:51.127344+00,0.0238300,0.023785,0.02534,0.023785,-0.403143096936,sl_hit
FVG - 1m,BANUSDT,1,2026-07-18 13:35:47.713726+00,2026-07-18 13:47:30.005942+00,0.0730500,0.073172,0.0719865,0.073172,-0.370613552362,sl_hit
FVG - 1m,AIAUSDT,0,2026-07-17 22:24:44.498374+00,2026-07-17 23:10:26.759578+00,0.0555800,0.0554265,0.0562725,0.0554265,-0.534102015113,sl_hit
Standard Scalping,SNXXUSDT,0,2026-07-20 16:43:03.526005+00,2026-07-20 18:33:40.557941+00,14.76000,14.3517136,16.1065,14.3517136,-4.267592331707,sl_hit
FVG - 1m,TLMUSDT,0,2026-07-21 19:11:13.860932+00,2026-07-21 19:11:39.588985+00,0.0019140,0.0018855,0.0019348,0.0018855,-2.352648902821,sl_hit
Standard Scalping,ACHUSDT,0,2026-07-29 09:18:08.543842+00,2026-07-29 09:43:18.54571+00,0.0045830,0.00449795,0.00486776,0.00486776,9.196367968579,tp_hit
FVG - 1m,JASMYUSDT,0,2026-07-18 22:57:42.72671+00,2026-07-18 23:19:26.161112+00,0.004726,0.0047185,0.004811,0.0047185,-0.357949640288,sl_hit
FVG - 1m,VANRYUSDT,0,2026-07-22 09:46:01.374393+00,2026-07-22 10:05:16.341493+00,0.0046440,0.00463165,0.00473695,0.00473695,2.881060077519,tp_hit
Scalping Clone,DUSKUSDT,0,2026-07-21 12:33:27.756944+00,2026-07-21 13:52:40.14172+00,0.07251,0.07025108,0.07820342,0.07025108,-4.791113843608,sl_hit
FVG - 15m,CLOUSDT,0,2026-07-20 17:16:39.785289+00,2026-07-20 17:17:26.905062+00,0.1405100,0.1382465,0.1515335,0.1405100,-0.120000000000,
FVG - 1m,XNYUSDT,1,2026-07-22 23:50:56.571826+00,2026-07-23 00:00:22.869736+00,0.0067280,0.0067748,0.00662105,0.0067748,-1.163818073721,sl_hit
FVG - 1m,SNDKUSDT,0,2026-07-17 22:47:55.709435+00,2026-07-17 22:50:08.469768+00,1345.36000,1343.54,1376.296,1343.54,-0.322838496760,sl_hit
FVG - 1m,NOMUSDT,0,2026-07-18 15:59:10.052119+00,2026-07-18 22:50:19.88795+00,0.00146000,0.001437,0.001496,0.001496,3.56218150684880821921800,tp_hit
FVG - 5m,KITEUSDT,0,2026-07-23 08:36:13.468844+00,2026-07-23 08:38:33.126642+00,0.1159800,0.11432148,0.1216195,0.11432148,-2.264149756855,sl_hit
FVG - 1m,BULLAUSDT,1,2026-07-20 03:33:43.608137+00,2026-07-20 04:02:39.424604+00,0.0090330,0.0091309,0.0085798,0.0091309,-1.746356027897,sl_hit
FVG - 1m,CLOUSDT,0,2026-07-22 09:53:26.373302+00,2026-07-22 09:56:52.122818+00,0.1084800,0.1077995,0.112412,0.1077995,-1.060580475664,sl_hit
FVG - 1m,YBUSDT,1,2026-07-19 16:43:07.071827+00,2026-07-19 16:49:36.638741+00,0.0907600,0.0910805,0.087359,0.0910805,-0.649905575143,sl_hit
FVG - 5m,CRCLUSDT,1,2026-07-20 23:48:53.348086+00,2026-07-21 00:21:47.779884+00,66.61000,66.8025,63.723,66.8025,-0.553666866837,sl_hit
FVG - 1m,UBUSDT,1,2026-07-22 10:00:19.907135+00,2026-07-22 10:04:59.499869+00,0.1158800,0.116749,0.1119275,0.116749,-1.245320503969,sl_hit
FVG - 15m,ZHIPUUSDT,0,2026-07-20 17:22:06.240905+00,2026-07-20 17:23:54.586164+00,116.19000,115.3525,130.1575,116.28000,-0.003857474825,
FVG - 1m,1000BONKUSDT,0,2026-07-17 22:59:24.269781+00,2026-07-17 23:11:20.052435+00,0.0030710,0.0030595,0.00313355,0.0030595,-0.681481602084,sl_hit
Standard Scalping,CROSSUSDT,0,2026-07-21 13:04:22.033004+00,2026-07-21 14:24:59.57025+00,0.0765300,0.07442715,0.08196542,0.07442715,-4.239970325363,sl_hit
FVG - 1m,VANRYUSDT,0,2026-07-18 14:13:54.192373+00,2026-07-18 14:55:42.176226+00,0.00491000,0.0048553,0.0049741,0.0049741,1.837465173116,tp_hit
Standard Scalping,BTRUSDT,0,2026-07-18 23:05:01.900068+00,2026-07-19 01:12:27.874598+00,0.0175000,0.01710907,0.01868994,0.0172200,-2.533997142857,timeout
FVG - 5m,PUMPUSDT,1,2026-07-20 03:33:48.436579+00,2026-07-20 07:51:05.036413+00,0.0019970,0.00201565,0.00184055,0.00201565,-1.521411617426,sl_hit
FVG - 15m,TUSDT,0,2026-07-21 00:09:37.466517+00,2026-07-21 00:57:23.056062+00,0.0037420,0.0037231,0.00391855,0.0037231,-0.877313201497,sl_hit
FVG - 5m,YBUSDT,0,2026-07-19 16:43:10.217257+00,2026-07-19 17:39:27.228988+00,0.09084,0.0883855,0.095304,0.095304,7.248253632761,tp_hit
FVG - 1m,ANTHROPICUSDT,0,2026-07-22 02:49:34.23331+00,2026-07-22 03:54:31.109669+00,1573.43000,1510.7125,1688.45,1510.7125,-6.096663690156,sl_hit
FVG - 1m,MERLUSDT,1,2026-07-19 22:28:49.800052+00,2026-07-19 22:49:39.527808+00,0.01765,0.0177245,0.0173255,0.0177245,-0.753397733711,sl_hit
FVG - 5m,TRUTHUSDT,0,2026-07-22 02:49:38.375332+00,2026-07-22 03:55:53.410222+00,0.0131600,0.01308775,0.01371705,0.01308775,-0.943188829787,sl_hit
FVG - 1m,COLLECTUSDT,1,2026-07-18 23:10:45.565107+00,2026-07-18 23:18:26.608489+00,0.0474800,0.047812,0.046127,0.047812,-1.169282224095,sl_hit
FVG - 5m,FLOCKUSDT,0,2026-07-18 14:13:58.275958+00,2026-07-18 14:30:04.214555+00,0.0314,0.031344,0.0328255,0.031344,-0.387408917198,sl_hit
FVG - 5m,ZHIPUUSDT,0,2026-07-20 17:22:17.287117+00,2026-07-20 17:29:12.652968+00,116.19000,115.7205,130.1575,115.7205,-0.725876839659,sl_hit
FVG - 5m,SCRTUSDT,0,2026-07-19 16:49:28.513341+00,2026-07-19 16:58:17.935856+00,0.04260000,0.042485,0.04413,0.042485,-0.524767605634,sl_hit
FVG - 1m,EDGEUSDT,1,2026-07-21 19:31:45.918896+00,2026-07-21 20:02:26.198821+00,0.4103000,0.411635,0.400925,0.411635,-0.608252741897,sl_hit
FVG - 1m,UNIUSDT,0,2026-07-17 23:10:34.894404+00,2026-07-17 23:35:05.057199+00,3.5630,3.52185,3.6428,3.6428,3.238184675835,tp_hit
FVG - 15m,HOMEUSDT,0,2026-07-22 10:11:44.69441+00,2026-07-22 11:19:37.490744+00,0.0065360,0.00640755,0.00726215,0.00640755,-3.08165820073443574035160,sl_hit
FVG - 5m,SOXLUSDT,0,2026-07-21 00:25:30.182907+00,2026-07-21 02:06:38.07999+00,137.19000,135.7735,142.184,142.184,5.338126394052,tp_hit
FVG - 1m,MINIMAXUSDT,0,2026-07-20 03:42:43.622909+00,2026-07-20 05:16:59.203413+00,25.76000,25.454,27.449,25.454,-1.901119565218,sl_hit
FVG - 5m,币安人生USDT,1,2026-07-23 23:33:43.032976+00,2026-07-23 23:50:24.078815+00,0.6865000,0.688335,0.659715,0.688335,-0.521107210488,sl_hit
FVG - 1m,CRWVUSDT,1,2026-07-22 21:50:29.288401+00,2026-07-22 23:48:07.29471+00,84.81000,85.0595,83.191,85.0595,-0.561457021578,sl_hit
FVG - 1m,HOMEUSDT,1,2026-07-22 10:11:52.881799+00,2026-07-22 14:17:42.917002+00,0.0065500,0.0066458,0.0063275,0.0066458,-2.32967221374055725193820,sl_hit
FVG - 1m,KAITOUSDT,0,2026-07-19 16:56:50.629208+00,2026-07-19 17:24:46.669747+00,0.9692,0.955295,0.98731,0.955295,-2.271171791168,sl_hit
Standard Scalping,MUUUSDT,0,2026-07-21 19:32:36.491896+00,2026-07-22 03:14:00.6298+00,34.86000,33.9766648,37.55950588,34.65000,-1.023253012048,timeout
FVG - 15m,CUSDT,0,2026-07-21 13:13:52.013017+00,2026-07-21 14:09:04.38098+00,0.0660800,0.0656115,0.06952,0.0656115,-1.183058262712,sl_hit
Scalping Clone,ASTSUSDT,0,2026-07-22 02:49:46.814815+00,2026-07-22 04:56:50.319583+00,64.28000,63.1723456,67.9606491,64.50000,0.393173615432,timeout
FVG - 1m,YFIUSDT,0,2026-07-18 23:29:59.776465+00,2026-07-19 04:41:57.196359+00,2114.00000000,2084.68,2140.2,2107.0,-0.631461684014,timeout
FVG - 1m,KORUUSDT,0,2026-07-20 04:02:49.072873+00,2026-07-20 04:05:47.248397+00,18.30000,18.191,19.0475,18.191,-1.013085245902,sl_hit
FVG - 1m,TRUTHUSDT,1,2026-07-19 22:55:40.499173+00,2026-07-19 23:16:27.961276+00,0.0129820,0.0129944,0.0127771,0.0129944,-0.263332614389,sl_hit
FVG - 1m,COAIUSDT,0,2026-07-18 14:29:00.229182+00,2026-07-18 14:38:37.837634+00,0.3037,0.303025,0.31089,0.303025,-0.453254856766,sl_hit
FVG - 5m,SOXLUSDT,1,2026-07-22 21:50:36.678222+00,2026-07-22 23:49:19.562036+00,162.12000,163.0435,153.5965,163.0435,-0.974801443375,sl_hit
Standard Scalping,MUUSDT,0,2026-07-21 19:47:22.196136+00,2026-07-22 02:39:36.214158+00,973.45000,960.0700558,1014.10282423,972.47000,-0.270948893112,timeout
FVG - 5m,XAIUSDT,0,2026-07-18 23:30:03.87623+00,2026-07-19 07:04:24.389052+00,0.00700000,0.0069555,0.0072195,0.0069555,-1.08819642857142857172870,sl_hit
FVG - 1m,AKEUSDT,0,2026-07-22 10:23:25.244376+00,2026-07-22 11:32:09.69043+00,0.0016089,0.00158554,0.00174711,0.00174711,12.74510777549910050348363,tp_hit
FVG - 1m,UAIUSDT,0,2026-07-18 14:55:15.289124+00,2026-07-18 15:00:11.910009+00,0.3502000,0.34831,0.36592,0.34831,-0.929213592233,sl_hit
Scalping Clone,NBISUSDT,0,2026-07-22 02:49:56.069632+00,2026-07-22 03:18:17.138631+00,217.46000,212.7031712,231.65942406,214.74000,-1.995456635704,
Standard Scalping,MMTUSDT,0,2026-07-21 13:25:42.373141+00,2026-07-21 14:03:47.631186+00,0.1843000,0.18146068,0.1861295,0.1861295,1.368416874661,tp_hit
FVG - 5m,LAUSDT,1,2026-07-21 08:07:50.563743+00,2026-07-21 08:49:16.130906+00,0.056160,0.057676,0.053167,0.057676,-4.170764957265,sl_hit
FVG - 1m,AKEUSDT,0,2026-07-20 04:13:35.857899+00,2026-07-20 04:14:33.054272+00,0.0017447,0.00169854,0.00197548,0.00169854,-4.087003152405,sl_hit
FVG - 1m,EDENUSDT,1,2026-07-19 17:03:38.352076+00,2026-07-19 21:57:54.406865+00,0.04384000,0.044124,0.042581,0.042581,4.189432937957,tp_hit
FVG - 15m,YGGUSDT,0,2026-07-20 17:33:28.314408+00,2026-07-20 22:02:05.908928+00,0.0185700,0.0183855,0.0197115,0.0183855,-1.62483198707539741571200,sl_hit
FVG - 5m,USUALUSDT,0,2026-07-18 14:55:21.36076+00,2026-07-18 20:05:36.209554+00,0.0087600,0.008704,0.009083,0.008704,-1.09350342465732876737500,sl_hit
FVG - 1m,MYXUSDT,1,2026-07-21 19:55:26.390724+00,2026-07-21 20:02:26.255712+00,0.0841000,0.0847965,0.080714,0.0847965,-1.362768014268,sl_hit
FVG - 1m,EDGEUSDT,1,2026-07-17 23:23:56.344097+00,2026-07-17 23:26:19.964352+00,0.4504000,0.453275,0.439965,0.453275,-1.077865230906,sl_hit
FVG - 5m,ANTHROPICUSDT,0,2026-07-20 17:33:34.733787+00,2026-07-20 17:47:13.044034+00,1400.99000,1395.3735,1470.7385,1395.3735,-0.721102084955,sl_hit
Standard Scalping,AWEUSDT,0,2026-07-18 23:48:45.659114+00,2026-07-20 01:01:19.161079+00,0.05857000,0.05743438,0.060793,0.05858000,-0.109302543964,timeout
FVG - 1m,ACEUSDT,0,2026-07-22 03:07:03.67071+00,2026-07-22 03:09:57.696714+00,0.087600,0.0874105,0.0907105,0.0874105,-0.444356506849,sl_hit
FVG - 5m,HUMAUSDT,1,2026-07-19 17:03:44.491127+00,2026-07-19 17:12:12.922372+00,0.02298000,0.0230475,0.0223285,0.0230475,-0.560776762402,sl_hit
FVG - 1m,HOMEUSDT,0,2026-07-20 04:17:54.505258+00,2026-07-20 04:21:39.628988+00,0.00764,0.0076185,0.007828,0.0076185,-0.541951570680,sl_hit
FVG - 5m,ONGUSDT,0,2026-07-19 17:12:22.466017+00,2026-07-19 17:26:41.831158+00,0.0476900,0.04755,0.0499625,0.04755,-0.560167750052,sl_hit
FVG - 5m,TRADOORUSDT,0,2026-07-17 23:24:01.579074+00,2026-07-17 23:27:19.981818+00,0.4348000,0.43109,0.51127,0.43109,-1.399386844526,sl_hit
FVG - 5m,KORUUSDT,0,2026-07-22 10:52:04.803433+00,2026-07-22 11:07:24.316407+00,20.14000,20.071,21.508,20.071,-0.633697120159,sl_hit
FVG - 1m,ONEUSDT,1,2026-07-18 23:56:17.848197+00,2026-07-19 00:11:08.166994+00,0.00112000,0.0011315,0.001102,0.0011315,-1.67586160714371428576250,sl_hit
FVG - 5m,TLMUSDT,0,2026-07-22 03:07:08.817159+00,2026-07-22 04:02:06.200311+00,0.0017150,0.0017021,0.0018125,0.0017021,-1.247828571429,sl_hit
FVG - 5m,PARTIUSDT,0,2026-07-20 07:19:29.361197+00,2026-07-20 08:38:53.01891+00,0.0287200,0.028455,0.02997,0.02850000,-1.268565459610,sl_hit
FVG - 5m,VICUSDT,1,2026-07-20 17:57:29.19229+00,2026-07-21 20:10:18.547293+00,0.0395000,0.0399415,0.0320155,0.0399415,-1.85543012658187342160000,sl_hit
FVG - 1m,LABUSDT,1,2026-07-18 15:02:53.687124+00,2026-07-18 15:27:32.230936+00,0.1901000,0.19106,0.16722,0.19106,-0.877799053130,sl_hit
FVG - 1m,OPNUSDT,0,2026-07-21 20:03:08.148804+00,2026-07-21 20:05:30.96628+00,0.0662700,0.066168,0.0687665,0.066168,-0.350781349027,sl_hit
FVG - 1m,EVAAUSDT,1,2026-07-20 04:24:19.625644+00,2026-07-20 04:53:31.119916+00,0.811400,0.822015,0.795645,0.795645,2.793723564210,tp_hit
FVG - 15m,KORUUSDT,0,2026-07-29 09:33:21.126888+00,2026-07-29 12:17:19.566856+00,13.04000,12.721,16.08,12.721,-3.788010736196,sl_hit
FVG - 1m,COLLECTUSDT,1,2026-07-17 23:46:09.025878+00,2026-07-18 02:56:44.585037+00,0.0430500,0.04354636,0.04213,0.04354636,-1.86519353310090243816800,sl_hit
FVG - 1m,PLAYUSDT,1,2026-07-21 20:10:53.970308+00,2026-07-21 20:12:04.039737+00,0.0375600,0.0376785,0.0359255,0.0376785,-0.593432108627,sl_hit
FVG - 1m,AKEUSDT,1,2026-07-18 15:20:27.166924+00,2026-07-18 15:32:28.249365+00,0.0015832,0.00159578,0.00152849,0.00152849,5.065562531581,tp_hit
FVG - 5m,WOOUSDT,0,2026-07-20 07:53:16.724962+00,2026-07-20 16:09:28.124717+00,0.01234000,0.0122725,0.0128115,0.0128115,5.594044570501855753228,tp_hit
Standard Scalping,GUSDT,0,2026-07-20 04:24:41.49196+00,2026-07-20 06:42:12.538326+00,0.0033230,0.00322849,0.00365377,0.0033620,1.639753235029,timeout
FVG - 1m,BANKUSDT,0,2026-07-22 03:13:04.769913+00,2026-07-22 03:26:47.808083+00,0.1711100,0.168417,0.186383,0.186383,13.263400268833,tp_hit
FVG - 5m,MMTUSDT,1,2026-07-18 15:20:33.270784+00,2026-07-18 15:42:18.166398+00,0.1777000,0.178645,0.172585,0.178645,-0.918011817670,sl_hit
FVG - 15m,HEIUSDT,0,2026-07-19 17:23:35.122299+00,2026-07-19 18:50:00.0641+00,0.108750,0.108295,0.115715,0.108295,-0.747335172414,sl_hit
FVG - 1m,JASMYUSDT,0,2026-07-17 23:57:14.847467+00,2026-07-18 00:20:33.299983+00,0.004502,0.0044854,0.0045935,0.0044854,-0.6878662816519999998650,sl_hit
FVG - 5m,SMCIUSDT,1,2026-07-22 11:18:47.077517+00,2026-07-22 11:20:57.047593+00,29.55000,29.692,27.0845,29.692,-0.841100507614,sl_hit
FVG - 1m,ZBTUSDT,1,2026-07-21 13:50:45.621534+00,2026-07-21 14:03:24.667622+00,0.0985800,0.0995885,0.0964895,0.0995885,-1.655154290931,sl_hit
FVG - 1m,ZHIPUUSDT,0,2026-07-22 03:17:25.102294+00,2026-07-22 05:15:13.554528+00,148.16000,147.3045,156.4885,147.3045,-0.985778010259,sl_hit
FVG - 5m,BOTUSDT,0,2026-07-21 20:10:57.769963+00,2026-07-22 02:50:19.71322+00,30.89000,28.222,35.066,28.222,-13.070466817739,sl_hit
Standard Scalping,XANUSDT,0,2026-07-20 04:25:02.62998+00,2026-07-20 04:33:23.995677+00,0.0126440,0.01243765,0.012743,0.012743,1.054000316355,tp_hit
FVG - 1m,PARTIUSDT,0,2026-07-19 00:14:44.900325+00,2026-07-19 01:15:34.397535+00,0.0286100,0.02847,0.02906,0.02847,-0.853715484097,sl_hit
FVG - 1m,EPICUSDT,0,2026-07-21 00:09:45.310074+00,2026-07-21 03:35:03.202974+00,0.447900,0.444295,0.45464,0.45464,2.1213342263900401923600,tp_hit
FVG - 15m,SENTUSDT,0,2026-07-19 00:14:39.48121+00,2026-07-19 00:26:31.075644+00,0.0136400,0.013607,0.014449,0.01364000,-0.120000000000,sl_hit
FVG - 5m,HUSDT,1,2026-07-20 19:10:07.295956+00,2026-07-20 19:21:15.42081+00,0.0582300,0.0585865,0.048717,0.0585865,-1.05377794951143431130000,sl_hit
Standard Scalping,PIXELUSDT,0,2026-07-20 08:23:21.246883+00,2026-07-20 08:39:07.198758+00,0.0047340,0.00469205,0.00491181,0.004676,-1.957034220533,sl_hit
FVG - 1m,WLDUSDT,1,2026-07-18 15:29:31.160862+00,2026-07-18 20:30:22.325058+00,0.3705000,0.3763,0.36522,0.3708000,-0.256502024292,timeout
FVG - 15m,TIAUSDT,0,2026-07-19 00:30:52.05763+00,2026-07-19 03:46:19.326029+00,0.3617000,0.359235,0.38255,0.359235,-1.141847110866,sl_hit
FVG - 1m,BLUAIUSDT,1,2026-07-19 17:26:50.085536+00,2026-07-19 17:30:45.736395+00,0.011727,0.01186175,0.01136395,0.01186175,-1.844276029675,sl_hit
Standard Scalping,MYXUSDT,0,2026-07-21 00:20:02.605925+00,2026-07-21 02:56:54.588679+00,0.0813500,0.07966024,0.08414,0.0810800,-0.617649661954,timeout
FVG - 1m,CRCLUSDT,0,2026-07-21 14:06:27.924742+00,2026-07-21 15:04:44.422178+00,70.11000,69.2094,72.371,69.2094,-2.046058536585,sl_hit
FVG - 15m,TREEUSDT,0,2026-07-22 11:25:21.800517+00,2026-07-22 11:41:07.992127+00,0.0384100,0.0381,0.0420965,0.0381,-1.330137984899,sl_hit
FVG - 15m,ARIAUSDT,0,2026-07-21 17:50:15.987575+00,2026-07-22 05:16:13.058708+00,0.0250900,0.024785,0.0268575,0.0268575,10.42757672379449222707500,tp_hit
FVG - 1m,ZAMAUSDT,1,2026-07-20 08:36:29.481796+00,2026-07-20 08:44:46.766098+00,0.0373100,0.037418,0.0365915,0.037418,-0.554373626374,sl_hit
FVG - 5m,TAGUSDT,1,2026-07-19 17:26:58.20179+00,2026-07-20 03:29:36.10931+00,0.0012060,0.0012215,0.0011182,0.0012090,-0.508333333333,timeout
FVG - 1m,COAIUSDT,1,2026-07-21 00:25:23.325441+00,2026-07-21 00:29:40.965246+00,0.3315000,0.332245,0.325915,0.332245,-0.457238914027,sl_hit
FVG - 1m,AERGOUSDT,0,2026-07-20 04:55:43.812514+00,2026-07-20 05:01:56.824378+00,0.0216400,0.0216025,0.022884,0.0216025,-0.379831330869,sl_hit
FVG - 5m,SAGAUSDT,1,2026-07-20 19:31:30.562749+00,2026-07-21 01:23:29.628303+00,0.0129500,0.013016,0.0124705,0.013016,-0.884784555985,sl_hit
FVG - 1m,PUMPBTCUSDT,1,2026-07-19 00:59:49.44243+00,2026-07-19 01:06:06.764518+00,0.009528,0.0095945,0.0093755,0.0095945,-1.167333123426,sl_hit
FVG - 1m,NOWUSDT,0,2026-07-23 15:36:29.048332+00,2026-07-23 15:38:13.501764+00,94.39000,94.3745,97.774,94.3745,-0.144621993855,sl_hit
FVG - 1m,ICNTUSDT,0,2026-07-22 03:32:50.76721+00,2026-07-22 03:33:20.327244+00,0.1778000,0.17727,0.186725,0.17727,-0.566952755906,sl_hit
FVG - 15m,RAVEUSDT,0,2026-07-21 14:11:46.400516+00,2026-07-21 14:23:26.891395+00,0.2783000,0.277455,0.29148,0.277455,-0.575261588214,sl_hit
FVG - 5m,BOTUSDT,0,2026-07-22 11:25:30.769011+00,2026-07-22 12:23:18.821707+00,28.19000,28.0165,29.8255,28.0165,-1.042830436325,sl_hit
FVG - 1m,STXXUSDT,0,2026-07-24 23:58:56.161543+00,2026-07-25 00:23:08.5811+00,838.29000,835.723,851.727,835.723,-0.579144186380,sl_hit
FVG - 15m,VANRYUSDT,0,2026-07-21 00:34:39.081833+00,2026-07-21 01:21:34.486813+00,0.0049990,0.0049856,0.00543195,0.0049856,-0.521919583917,sl_hit
FVG - 1m,EDGEUSDT,0,2026-07-23 00:09:10.17196+00,2026-07-23 00:10:13.769761+00,0.3966000,0.395595,0.40279,0.3954000,-0.573676248109,sl_hit
Scalping Clone,DOODUSDT,0,2026-07-20 19:45:04.833519+00,2026-07-20 21:42:16.113031+00,0.0015960,0.00154037,0.00170101,0.00154037,-5.346292105264,sl_hit
FVG - 1m,SMCIUSDT,0,2026-07-21 20:37:04.971105+00,2026-07-21 20:37:30.924592+00,29.65000,29.532,30.858,29.532,-0.716725801012,sl_hit
FVG - 15m,SNXXUSDT,0,2026-07-19 01:11:40.713001+00,2026-07-19 03:55:08.033855+00,12.77000,12.7555,14.3335,12.7555,-0.290252936570,sl_hit
Standard Scalping,IRENUSDT,0,2026-07-23 09:04:01.844045+00,2026-07-23 11:08:59.331643+00,42.74000,42.3989348,43.81435538,42.72000,-0.205076041179,timeout
FVG - 1m,PLAYUSDT,1,2026-07-22 11:34:40.895348+00,2026-07-22 14:46:04.839754+00,0.0365700,0.036759,0.0357045,0.036759,-0.895535684988,sl_hit
FVG - 1m,IDOLUSDT,0,2026-07-18 15:34:35.912291+00,2026-07-18 15:35:49.666847+00,0.0169000,0.0167895,0.0201915,0.0167895,-1.100376923077,sl_hit
Standard Scalping,PTBUSDT,0,2026-07-21 00:49:12.103678+00,2026-07-21 00:49:21.709752+00,0.0006409,0.0006272,0.00069942,0.0006396,-0.424137931034,
FVG - 15m,KAITOUSDT,0,2026-07-19 01:27:55.840266+00,2026-07-19 04:43:11.440203+00,0.8298,0.81081,0.88201,0.88201,9.314041214750,tp_hit
FVG - 1m,MUSDT,0,2026-07-20 05:04:50.271721+00,2026-07-20 05:09:13.613219+00,1.2269000,1.22483,1.256735,1.22483,-0.372975629636,sl_hit
FVG - 5m,BILLUSDT,0,2026-07-20 08:45:33.983324+00,2026-07-20 08:47:34.674727+00,0.02448,0.0244155,0.0255615,0.0244155,-0.515062500000,sl_hit
FVG - 15m,SXTUSDT,0,2026-07-20 19:52:42.063617+00,2026-07-20 20:03:12.36703+00,0.0071610,0.0071501,0.00758495,0.0071501,-0.348228739003,sl_hit
FVG - 1m,HPEUSDT,1,2026-07-21 20:45:42.395216+00,2026-07-21 20:58:12.403323+00,48.80000,49.0785,46.349,49.0785,-0.976387500000,sl_hit
FVG - 1m,B2USDT,1,2026-07-25 07:07:26.205122+00,2026-07-25 07:17:04.242099+00,0.4759000,0.483685,0.45602,0.483685,-2.574753309518,sl_hit
FVG - 1m,XANUSDT,0,2026-07-22 03:41:33.961545+00,2026-07-22 03:44:42.417929+00,0.0104160,0.010359,0.01085235,0.010359,-0.940524193548,sl_hit
FVG - 1m,TAIKOUSDT,1,2026-07-19 01:28:05.957634+00,2026-07-19 04:32:07.547025+00,0.0788900,0.0798605,0.077592,0.0778300,1.896270756750,tp_hit
FVG - 1m,BLESSUSDT,1,2026-07-20 05:12:22.752604+00,2026-07-20 05:19:02.084594+00,0.0093340,0.0093854,0.0090772,0.0093854,-0.946342832655,sl_hit
FVG - 1m,MUUUSDT,0,2026-07-20 20:01:36.312928+00,2026-07-20 21:42:16.13309+00,28.30000,28.264,29.138,29.138,4.319919434629,tp_hit
FVG - 15m,1000XECUSDT,0,2026-07-20 08:52:54.997777+00,2026-07-20 09:20:45.876051+00,0.0081000,0.007997,0.00912165,0.007997,-2.026644444444,sl_hit
Standard Scalping,ERAUSDT,0,2026-07-21 00:49:22.183899+00,2026-07-21 01:10:50.696585+00,0.0763600,0.07468235,0.08204524,0.08204524,11.043500335254,tp_hit
FVG - 1m,GEVUSDT,0,2026-07-22 11:44:35.547168+00,2026-07-22 11:50:16.443257+00,1021.86000,1015.859,1076.063,1015.859,-1.000541307028,sl_hit
FVG - 5m,ZESTUSDT,0,2026-07-21 20:45:46.270972+00,2026-07-21 23:10:19.017125+00,0.2260600,0.22266,0.2458975,0.22266,-2.375135804654,sl_hit
FVG - 15m,QNTXUSDT,1,2026-07-21 14:27:55.342368+00,2026-07-21 14:30:22.519659+00,57.81000,58.472,55.471,58.472,-1.838382978723,sl_hit
FVG - 15m,YGGUSDT,0,2026-07-21 08:12:49.806495+00,2026-07-21 08:13:56.831733+00,0.0194300,0.0193565,0.021368,0.0193565,-0.687194544519,sl_hit
FVG - 15m,AGTUSDT,1,2026-07-23 00:08:56.749852+00,2026-07-23 00:14:45.060049+00,0.0127750,0.01291485,0.01201185,0.01291485,-1.762731193738,sl_hit
FVG - 1m,TRUTHUSDT,1,2026-07-19 01:32:37.784494+00,2026-07-19 02:02:29.43035+00,0.0128700,0.01311025,0.012626,0.012626,2.724960372961,tp_hit
FVG - 1m,ZKCUSDT,0,2026-07-23 00:21:40.783833+00,2026-07-23 00:59:36.52318+00,0.0437600,0.0432845,0.044385,0.0432845,-1.749261197441,sl_hit
Standard Scalping,AIOUSDT,0,2026-07-23 09:03:55.462768+00,2026-07-23 11:08:50.793715+00,0.1198600,0.11786908,0.1259239,0.1197300,-0.297664775571,timeout
FVG - 1m,EVAAUSDT,1,2026-07-23 16:04:25.317259+00,2026-07-23 18:01:43.329112+00,0.889500,0.908,0.85441,0.908,-3.2561838111291787204800,sl_hit
FVG - 1m,REUSDT,1,2026-07-22 03:51:19.958704+00,2026-07-22 05:05:25.933227+00,0.4297000,0.43516,0.415195,0.43516,-2.026743309286,sl_hit
FVG - 1m,ESPORTSUSDT,0,2026-07-25 06:42:31.588467+00,2026-07-25 06:47:46.223644+00,0.0419300,0.0417135,0.044261,0.0417135,-0.894195325543,sl_hit
Standard Scalping,CLUSDT,0,2026-07-22 11:44:39.970075+00,2026-07-22 12:13:51.769338+00,87.75000,87.103064,89.3728484,87.103064,-1.225431154872,sl_hit
Scalping Clone,MINAUSDT,0,2026-07-21 01:03:20.884488+00,2026-07-21 01:26:00.158494+00,0.0462100,0.04466244,0.046623,0.0465200,0.885873187622,tp_hit
Standard Scalping,AIGENSYNUSDT,0,2026-07-21 20:54:30.785146+00,2026-07-21 21:09:03.708959+00,0.0261800,0.02578573,0.0273155,0.0261800,-0.120000000000,
FVG - 5m,ICNTUSDT,1,2026-07-20 05:12:27.657338+00,2026-07-20 09:54:34.022651+00,0.1745000,0.177995,0.166825,0.166825,6.480060171919,tp_hit
FVG - 1m,ONGUSDT,0,2026-07-19 02:04:00.455493+00,2026-07-19 02:51:14.578684+00,0.0490200,0.0487185,0.0506115,0.0487185,-1.042213586291,sl_hit
FVG - 1m,HYUNDAIUSDT,0,2026-07-21 01:12:51.305094+00,2026-07-21 01:19:11.022667+00,265.69000,265.3125,269.1595,265.3125,-0.333039068087,sl_hit
FVG - 5m,ZEREBROUSDT,0,2026-07-20 08:59:57.92987+00,2026-07-20 19:05:46.009369+00,0.0368480,0.03615895,0.04276685,0.0365540,-1.331545131351,timeout
FVG - 15m,VELVETUSDT,0,2026-07-21 14:32:31.307686+00,2026-07-21 14:36:02.25351+00,0.5457000,0.541825,0.576645,0.541825,-1.184719626168,sl_hit
FVG - 5m,STBLUSDT,1,2026-07-23 00:21:46.448596+00,2026-07-23 03:50:22.76328+00,0.0245400,0.024722,0.023478,0.023478,6.35943643031744743213200,tp_hit
FVG - 1m,CIENUSDT,1,2026-07-20 14:09:03.578251+00,2026-07-20 20:02:30.232678+00,389.75000,391.7215,377.919,380.01000,3.615450288646,tp_hit
FVG - 5m,ALICEUSDT,0,2026-07-21 01:25:10.739789+00,2026-07-21 01:26:59.21933+00,0.125000,0.124585,0.132845,0.124585,-0.6178008000,sl_hit
FVG - 1m,TLMUSDT,1,2026-07-20 05:20:01.445118+00,2026-07-20 05:23:36.92097+00,0.0022720,0.00228465,0.00218335,0.00228465,-0.955501320422,sl_hit
FVG - 1m,BUSDT,1,2026-07-20 08:45:29.926498+00,2026-07-20 09:39:27.004238+00,0.2252,0.22916,0.21731,0.21731,5.137430728242,tp_hit
FVG - 15m,GWEIUSDT,0,2026-07-21 21:59:17.608679+00,2026-07-22 05:21:31.583141+00,0.0257000,0.025255,0.02749,0.025255,-2.716237354085,sl_hit
FVG - 15m,APRUSDT,1,2026-07-25 07:36:13.985617+00,2026-07-25 16:36:04.441247+00,0.1893000,0.19003,0.170855,0.19003,-0.698678288431,sl_hit
FVG - 1m,ATHUSDT,1,2026-07-23 00:34:57.528267+00,2026-07-23 00:51:33.188623+00,0.0047530,0.00476075,0.0046713,0.00476075,-0.364680201978,sl_hit
FVG - 1m,FWDIUSDT,0,2026-07-22 04:02:00.751182+00,2026-07-22 04:04:56.892616+00,4.22400,4.21275,4.392,4.21275,-0.519343039773,sl_hit
FVG - 5m,NIGHTUSDT,1,2026-07-22 04:02:04.691905+00,2026-07-22 10:47:46.671936+00,0.0233900,0.0239525,0.021597,0.021597,11.36911628901314835459700,tp_hit
FVG - 1m,AUSDT,1,2026-07-19 02:55:11.165639+00,2026-07-19 03:06:04.249009+00,0.06573,0.06699,0.06477,0.06477,2.071656777727,tp_hit
FVG - 1m,ALLOUSDT,0,2026-07-20 20:09:19.412306+00,2026-07-20 20:12:23.252385+00,0.4707500,0.4698865,0.483515,0.4698865,-0.395035985131,sl_hit
Standard Scalping,VVVUSDT,0,2026-07-21 08:13:05.629561+00,2026-07-21 15:54:38.01308+00,12.599000,12.337668,13.4263458,12.563000,-0.563634018573,timeout
FVG - 1m,ZILUSDT,0,2026-07-22 11:53:18.486994+00,2026-07-22 12:07:19.582315+00,0.0024510,0.00237615,0.0025048,0.00237615,-4.698951040392,sl_hit
FVG - 1m,RKLBUSDT,1,2026-07-21 21:59:27.006327+00,2026-07-21 22:04:32.208656+00,73.16000,73.441,70.859,73.441,-0.696364953527,sl_hit
FVG - 15m,JTOUSDT,1,2026-07-21 01:34:22.147341+00,2026-07-21 12:03:22.960782+00,0.613500,0.61729,0.578705,0.61729,-1.0765026894866869849600,sl_hit
FVG - 15m,DODOXUSDT,0,2026-07-21 14:49:19.435785+00,2026-07-21 14:55:43.494658+00,0.0169130,0.0166096,0.0259352,0.0166096,-2.809753207592,sl_hit
FVG - 15m,SHELLUSDT,0,2026-07-23 00:59:07.655534+00,2026-07-23 02:00:55.399292+00,0.0211700,0.021018,0.023198,0.021018,-1.21146575342514596035600,sl_hit
FVG - 1m,TRIAUSDT,0,2026-07-23 09:33:15.029519+00,2026-07-23 11:40:29.230189+00,0.0089950,0.0089213,0.0092462,0.0089213,-1.36372295719876653664480,sl_hit
FVG - 1m,SNXXUSDT,0,2026-07-24 14:51:26.541712+00,2026-07-24 15:34:35.109726+00,15.23000,15.0365,16.382,15.0365,-2.025015758371,sl_hit
FVG - 1m,SAPIENUSDT,1,2026-07-20 20:13:46.17692+00,2026-07-20 20:42:43.240695+00,0.0802800,0.080542,0.078146,0.078146,3.868889387145,tp_hit
FVG - 1m,STABLEUSDT,1,2026-07-23 09:03:39.930576+00,2026-07-23 09:26:47.436275+00,0.0400300,0.040169,0.0388985,0.040169,-0.641067699225,sl_hit
FVG - 15m,TUTUSDT,1,2026-07-21 14:57:53.710381+00,2026-07-21 15:01:58.841737+00,0.0150300,0.0151365,0.0140245,0.0151365,-1.183299401198,sl_hit
Standard Scalping,COLLECTUSDT,0,2026-07-27 22:24:10.955008+00,2026-07-27 23:32:52.424985+00,0.0530200,0.05187501,0.05666823,0.05187501,-3.358019626556,sl_hit
FVG - 5m,BEATUSDT,0,2026-07-24 14:51:32.973224+00,2026-07-24 15:16:19.433332+00,3.2330000,3.1791,3.4786,3.1791,-2.619772966285,sl_hit
FVG - 5m,RIFUSDT,0,2026-07-21 01:34:34.556975+00,2026-07-21 01:55:02.056848+00,0.1209900,0.120595,0.153935,0.120595,-0.609514009423,sl_hit
FVG - 1m,BROCCOLIF3BUSDT,1,2026-07-23 00:59:17.699927+00,2026-07-23 01:03:16.523242+00,0.0072460,0.00736035,0.0069825,0.0069825,5.336915539608,tp_hit
FVG - 1m,KAITOUSDT,1,2026-07-22 12:09:02.857689+00,2026-07-22 12:18:45.580673+00,0.966700,0.97163,0.94097,0.97163,-0.885279611048,sl_hit
FVG - 15m,ESPORTSUSDT,1,2026-07-22 12:16:46.812293+00,2026-07-22 13:07:28.064305+00,0.0287000,0.029612,0.024128,0.029612,-4.888457142857,sl_hit
FVG - 1m,ROBOUSDT,0,2026-07-19 03:10:55.125941+00,2026-07-19 05:04:06.758336+00,0.01074000,0.010658,0.010894,0.010894,2.029977653631,tp_hit
FVG - 15m,SYNUSDT,0,2026-07-23 01:11:12.50208+00,2026-07-23 01:26:47.641558+00,0.1859000,0.183355,0.20431,0.183355,-2.172701990317,sl_hit
FVG - 1m,NBISUSDT,1,2026-07-21 22:08:19.472894+00,2026-07-21 22:09:02.663725+00,219.03000,219.3965,214.8145,219.23000,-0.257022325709,sl_hit
FVG - 15m,SKLUSDT,0,2026-07-21 01:42:15.231668+00,2026-07-21 02:18:57.847319+00,0.0039620,0.00395225,0.0041695,0.00395225,-0.488984098940,sl_hit
FVG - 1m,PROMUSDT,1,2026-07-20 20:19:18.687014+00,2026-07-20 20:23:11.052592+00,2.0930000,2.13035,2.05425,2.05425,2.658225035834,tp_hit
FVG - 1m,ESPORTSUSDT,0,2026-07-20 05:27:37.516611+00,2026-07-20 06:00:26.050581+00,0.0216300,0.021234,0.023864,0.021234,-2.865087378641,sl_hit
FVG - 5m,MELANIAUSDT,0,2026-07-23 09:59:26.28596+00,2026-07-23 12:46:31.084314+00,0.083700,0.0829435,0.086099,0.0829435,-1.475192473118,sl_hit
FVG - 15m,HUSDT,1,2026-07-21 15:04:46.826026+00,2026-07-21 15:09:02.782905+00,0.0585100,0.058897,0.0537265,0.058897,-1.112534951290,sl_hit
FVG - 15m,GUAUSDT,0,2026-07-20 09:30:47.021968+00,2026-07-20 09:50:54.642129+00,0.0546200,0.054245,0.058662,0.054245,-1.149430611498,sl_hit
FVG - 1m,SKRUSDT,1,2026-07-20 20:26:00.086535+00,2026-07-20 20:52:11.465821+00,0.0081750,0.0081991,0.0080453,0.0081970,-0.523831192661,sl_hit
FVG - 1m,OPNUSDT,0,2026-07-23 10:13:09.513896+00,2026-07-23 10:55:02.724667+00,0.0712200,0.070465,0.0730105,0.070465,-1.709507160910,sl_hit
FVG - 15m,BUSDT,1,2026-07-21 08:17:17.113122+00,2026-07-21 11:06:35.056584+00,0.2490000,0.25416,0.21724,0.25416,-3.229677108434,sl_hit
FVG - 1m,AVAAIUSDT,1,2026-07-22 04:12:21.90113+00,2026-07-22 06:09:44.608054+00,0.0083240,0.0085286,0.0080425,0.0080425,4.954710475733,tp_hit
FVG - 1m,ONEUSDT,1,2026-07-21 15:04:57.030675+00,2026-07-21 15:08:41.390237+00,0.0015470,0.001569,0.0013633,0.001569,-2.254014221073,sl_hit
FVG - 1m,IRYSUSDT,1,2026-07-21 01:56:19.59253+00,2026-07-21 02:05:01.88996+00,0.0130900,0.013219,0.012826,0.013219,-1.598818945760,sl_hit
FVG - 15m,KAITOUSDT,1,2026-07-20 05:34:08.442403+00,2026-07-20 06:14:09.134159+00,0.941500,0.94993,0.87921,0.94993,-1.463606797663,sl_hit
FVG - 1m,SYNUSDT,0,2026-07-21 22:34:31.343697+00,2026-07-21 23:20:21.637762+00,0.2036000,0.19987,0.31919,0.19987,-2.866936149313,sl_hit
FVG - 15m,TLMUSDT,0,2026-07-19 03:55:58.718815+00,2026-07-19 04:35:16.491273+00,0.00153700,0.00152595,0.001759,0.00152595,-1.197968119714,sl_hit
FVG - 1m,AERGOUSDT,1,2026-07-21 15:11:15.339677+00,2026-07-21 15:15:28.280719+00,0.0205800,0.0220445,0.0192165,0.0220445,-10.798467930029,sl_hit
FVG - 5m,KOMAUSDT,1,2026-07-21 02:02:39.549572+00,2026-07-22 02:39:14.5508+00,0.0079960,0.00822065,0.00409005,0.0080240,-0.690729739870,timeout
Standard Scalping,UBUSDT,0,2026-07-21 05:54:18.244524+00,2026-07-21 08:18:40.959464+00,0.1019100,0.09849904,0.11181118,0.1014300,-0.826223138063,timeout
FVG - 1m,WLFIUSDT,0,2026-07-23 01:25:41.828707+00,2026-07-23 01:26:40.243063+00,0.0526100,0.052561,0.054394,0.052561,-0.259651397073,sl_hit
FVG - 1m,BIOUSDT,1,2026-07-21 22:42:56.676499+00,2026-07-21 23:01:38.713707+00,0.0276700,0.0278975,0.026994,0.026994,3.546084568124,tp_hit
FVG - 1m,BILLUSDT,0,2026-07-22 12:23:29.383628+00,2026-07-22 12:28:45.689862+00,0.0253200,0.025244,0.0260505,0.025244,-0.570056872038,sl_hit
FVG - 5m,DODOXUSDT,1,2026-07-22 04:12:26.751968+00,2026-07-22 04:27:08.229881+00,0.0169020,0.0171594,0.0157552,0.0171594,-2.405258785942,sl_hit
FVG - 1m,VELVETUSDT,1,2026-07-20 05:34:18.560663+00,2026-07-20 05:58:40.021852+00,0.5798000,0.58715228,0.545195,0.58715228,-2.022868466367,sl_hit
FVG - 15m,AEROUSDT,0,2026-07-19 04:10:23.145691+00,2026-07-19 07:10:11.179252+00,0.4569000,0.45216,0.492615,0.45216,-1.675516743269,sl_hit
Standard Scalping,LISTAUSDT,0,2026-07-03 07:39:28.884912+00,2026-07-03 09:37:50.751431+00,0.051000000000,0.050329860000,0.053345490000,0.050240000000,-2.354400000000,
FVG - 15m,GWEIUSDT,0,2026-07-20 20:59:56.069344+00,2026-07-20 21:44:59.114345+00,0.0283000,0.028185,0.029875,0.028185,-0.729296819788,sl_hit
FVG - 1m,ZESTUSDT,1,2026-07-23 16:32:31.237413+00,2026-07-23 18:19:27.09764+00,0.2480400,0.2487255,0.2410215,0.2487255,-0.54958164005808709187400,sl_hit
FVG - 1m,MAGMAUSDT,1,2026-07-23 08:08:22.258824+00,2026-07-23 10:12:11.887385+00,0.3069400,0.309155,0.299928,0.309155,-1.21788672053155176737200,sl_hit
FVG - 1m,SKHYNIXUSDT,1,2026-07-21 02:08:56.940011+00,2026-07-21 02:35:55.828091+00,1233.55000,1238.701,1211.194,1238.701,-0.746613481417,sl_hit
FVG - 1m,HUMAUSDT,0,2026-07-20 09:50:43.439515+00,2026-07-20 12:33:09.256972+00,0.0212320,0.02097425,0.0218564,0.0218564,4.27440683873398116143180,tp_hit
FVG - 15m,XVGUSDT,0,2026-07-21 15:20:10.875975+00,2026-07-21 16:42:58.672664+00,0.0021660,0.0021456,0.00229225,0.0021456,-1.532177285318,sl_hit
FVG - 1m,ARXUSDT,1,2026-07-20 06:02:40.090135+00,2026-07-20 06:05:07.134076+00,0.1533000,0.15393,0.14749,0.15393,-0.736684931506,sl_hit
FVG - 5m,BNCUSDT,0,2026-07-22 12:23:35.248588+00,2026-07-22 12:24:24.846958+00,3.02800,3.0158,3.23515,3.0158,-0.724117569353,sl_hit
FVG - 1m,TACUSDT,0,2026-07-20 21:00:05.266855+00,2026-07-20 23:15:37.768681+00,0.0032030,0.00315765,0.00331855,0.0031600,-2.132931626600,sl_hit
FVG - 5m,INTWUSDT,0,2026-07-23 16:32:37.122884+00,2026-07-23 16:45:46.112226+00,25.56000,25.4325,27.218,25.4325,-0.867940140845,sl_hit
FVG - 1m,XPINUSDT,0,2026-07-21 22:58:26.422302+00,2026-07-21 23:00:54.259329+00,0.0015110,0.0015097,0.0015507,0.0015097,-0.249001985440,sl_hit
FVG - 1m,KSTRUSDT,0,2026-07-20 06:12:13.358633+00,2026-07-20 06:18:33.405835+00,24.12000,23.8075,24.831,23.8075,-2.062630597015,sl_hit
Scalping Clone,CAPUSDT,0,2026-07-20 21:13:40.396279+00,2026-07-21 00:43:25.537705+00,0.0205400,0.01942815,0.02244907,0.0204200,-0.995988315482,timeout
FVG - 15m,HEMIUSDT,0,2026-07-20 10:01:38.295249+00,2026-07-20 13:20:48.551132+00,0.0049820,0.0049593,0.0054165,0.0054165,12.94161882777934163006610,tp_hit
FVG - 5m,USUSDT,1,2026-07-22 12:27:49.673765+00,2026-07-22 12:35:05.278669+00,0.0452510,0.0456482,0.0430752,0.0456482,-1.437182647897,sl_hit
FVG - 1m,GRAMUSDT,0,2026-07-21 15:30:30.691851+00,2026-07-21 15:41:16.699126+00,1.527000,1.52055,1.5555,1.52055,-0.753341846758,sl_hit
FVG - 1m,QNTXUSDT,1,2026-07-25 01:16:51.947094+00,2026-07-25 01:26:35.421862+00,54.01000,54.181,53.165,54.181,-0.595102018144,sl_hit
FVG - 5m,FHEUSDT,0,2026-07-23 10:13:15.590536+00,2026-07-23 10:54:38.294898+00,0.0208400,0.0206935,0.021423,0.021423,4.074578694818,tp_hit
FVG - 5m,SUSDT,1,2026-07-21 02:25:28.999557+00,2026-07-21 02:30:39.863402+00,0.0250800,0.0251845,0.024331,0.0251845,-0.745250000000,sl_hit
Standard Scalping,KITEUSDT,0,2026-07-05 23:21:12.01974+00,2026-07-06 02:16:00.784136+00,0.119670000000,0.118222300000,0.124781960000,0.118110000000,-2.074595136626,
FVG - 1m,COLLECTUSDT,1,2026-07-21 02:29:28.024193+00,2026-07-21 13:45:57.39319+00,0.0481700,0.048379,0.036983,0.048379,-0.80052916753179095311900,sl_hit
FVG - 5m,RONINUSDT,0,2026-07-20 10:01:45.775746+00,2026-07-20 10:28:41.155476+00,0.056700,0.056511,0.058452,0.056511,-0.619800000000,sl_hit
Standard Scalping,BRETTUSDT,0,2026-07-06 21:12:55.529909+00,2026-07-06 21:38:08.153892+00,0.005803000000,0.005727790000,0.006043660000,0.005727000000,-2.083715319662,
Standard Scalping,MOVRUSDT,0,2026-07-06 13:54:38.278187+00,2026-07-06 21:58:39.978958+00,1.422000000000,1.384373880000,1.553691420000,1.554000000000,13.783322784810,
Standard Scalping,PYTHUSDT,0,2026-07-07 10:29:03.128767+00,2026-07-07 13:35:26.805854+00,0.045810000000,0.045073380000,0.048388190000,0.045070000000,-2.542082514735,
Standard Scalping,VICUSDT,0,2026-07-07 05:05:29.141417+00,2026-07-07 05:28:18.516243+00,0.041850000000,0.041304180000,0.043985360000,0.041290000000,-2.126365591398,
Scalping Clone,VICUSDT,0,2026-07-07 05:05:33.003147+00,2026-07-07 06:47:06.105628+00,0.041850000000,0.040659790000,0.044557740000,0.044560000000,9.573648745520,
FVG - 15m,LYNUSDT,0,2026-07-20 06:17:59.49787+00,2026-07-20 06:39:02.867979+00,0.03903,0.038669,0.0413095,0.038669,-1.506839354343,sl_hit
FVG - 1m,ONDSUSDT,1,2026-07-21 15:45:25.97472+00,2026-07-21 16:05:16.81686+00,7.76000,7.836,7.4075,7.836,-1.589659793814,sl_hit
FVG - 5m,ERAUSDT,0,2026-07-22 04:27:50.582811+00,2026-07-22 05:40:26.646061+00,0.0881200,0.087633,0.097039,0.087633,-0.948651611439,sl_hit
FVG - 1m,ROBOUSDT,1,2026-07-22 12:49:50.327648+00,2026-07-22 13:35:00.738976+00,0.0123000,0.012498,0.012117,0.012117,2.112600000000,tp_hit
Standard Scalping,CRWVUSDT,0,2026-07-21 21:09:05.615844+00,2026-07-21 23:11:34.537331+00,82.08000,80.8241022,85.66257807,81.54000,-1.106447368421,timeout
FVG - 15m,ZILUSDT,0,2026-07-20 10:11:31.900206+00,2026-07-20 10:18:59.400424+00,0.0025620,0.0024732,0.00271035,0.0024732,-5.316983606557,sl_hit
FVG - 1m,MUBARAKUSDT,0,2026-07-20 06:18:07.586705+00,2026-07-20 08:33:48.115828+00,0.0111400,0.0111055,0.0114055,0.0114000,3.379497307002,tp_hit
FVG - 1m,MONUSDT,1,2026-07-20 21:29:51.172737+00,2026-07-20 21:48:28.430974+00,0.0231600,0.023256,0.0224,0.023256,-0.742010362694,sl_hit
Standard Scalping,FWDIUSDT,0,2026-07-21 15:54:21.330479+00,2026-07-21 16:42:48.852607+00,4.41500,4.29868682,4.75325,4.38500,-1.138844847112,
FVG - 1m,JCTUSDT,1,2026-07-24 02:22:24.395556+00,2026-07-24 02:31:53.824785+00,0.0043520,0.00435865,0.00423035,0.00435865,-0.349296645220,sl_hit
Standard Scalping,ONDSUSDT,0,2026-07-22 12:50:01.887384+00,2026-07-22 13:15:55.276743+00,7.73000,7.6664594,7.7975,7.7975,1.189307891332,tp_hit
Scalping Clone,GUSDT,0,2026-07-19 04:26:07.169024+00,2026-07-19 15:51:58.042313+00,0.0035670,0.00346031,0.00422449,0.00346031,-4.604748696384,sl_hit
FVG - 5m,STARUSDT,0,2026-07-21 02:34:11.719034+00,2026-07-21 03:09:15.760039+00,0.1734500,0.171193,0.230141,0.171193,-2.071078581724,sl_hit
FVG - 5m,ARIAUSDT,0,2026-07-20 06:18:11.646671+00,2026-07-20 06:25:10.851077+00,0.0252200,0.0250045,0.029187,0.0250045,-1.401208168120,sl_hit
Standard Scalping,HAEDALUSDT,0,2026-07-21 02:48:15.842481+00,2026-07-21 04:03:37.096836+00,0.0163000,0.01578957,0.01786635,0.0161000,-1.974745398773,
FVG - 15m,4USDT,1,2026-07-20 10:29:19.717062+00,2026-07-20 11:15:26.805525+00,0.0081890,0.00834645,0.0077459,0.00834645,-3.005205397485,sl_hit
FVG - 1m,ASTSUSDT,1,2026-07-21 16:09:13.127641+00,2026-07-21 16:23:33.130565+00,63.68000,64.2965,61.474,64.2965,-1.572763662061,sl_hit
FVG - 15m,ALICEUSDT,0,2026-07-22 05:03:51.459398+00,2026-07-22 05:56:39.728913+00,0.122500,0.122085,0.133765,0.122085,-0.627960000000,sl_hit
Standard Scalping,SKRUSDT,0,2026-07-21 02:56:28.872055+00,2026-07-21 03:11:37.306043+00,0.0085310,0.00844673,0.00880015,0.00844673,-1.601121064353,sl_hit
FVG - 1m,ERAUSDT,0,2026-07-20 06:23:46.691416+00,2026-07-20 06:24:36.718124+00,0.0616800,0.061588,0.062868,0.0615700,-0.387402723735,sl_hit
FVG - 5m,BROCCOLIF3BUSDT,1,2026-07-24 14:32:54.351085+00,2026-07-24 14:36:24.652505+00,0.0058270,0.00584855,0.00562245,0.00584855,-0.674967049940,sl_hit
FVG - 15m,YGGUSDT,0,2026-07-22 13:09:39.044558+00,2026-07-22 13:28:02.75704+00,0.0187200,0.018627,0.0199685,0.018627,-0.864894230769,sl_hit
FVG - 15m,AVAAIUSDT,0,2026-07-23 10:40:58.585566+00,2026-07-23 10:57:56.021512+00,0.0081310,0.00805075,0.00914945,0.00805075,-1.599853031607,sl_hit
FVG - 1m,TUSDT,1,2026-07-23 02:27:52.503998+00,2026-07-23 04:19:47.374249+00,0.0036420,0.0036945,0.003606,0.0036945,-2.283138385502,sl_hit
FVG - 5m,KNCUSDT,0,2026-07-20 21:49:33.95157+00,2026-07-20 21:57:54.633209+00,0.10910,0.108985,0.114905,0.108985,-0.278048579285,sl_hit
FVG - 5m,SPACEUSDT,0,2026-07-20 10:29:30.53489+00,2026-07-20 21:43:14.758641+00,0.0059050,0.0058655,0.0060966,0.0058950,-0.404116003387,timeout
Scalping Clone,IOUSDT,0,2026-07-21 08:28:22.068732+00,2026-07-21 10:50:45.823529+00,0.1537000,0.15120753,0.16073711,0.1535000,-0.315107351985,timeout
FVG - 1m,POLYXUSDT,0,2026-07-22 05:12:28.523023+00,2026-07-22 05:30:00.21852+00,0.0377400,0.037704,0.0387175,0.037704,-0.263027027027,sl_hit
FVG - 1m,ICNTUSDT,0,2026-07-21 23:36:16.229777+00,2026-07-22 00:00:26.386629+00,0.1863000,0.18491,0.18938,0.18938,2.358879227053,tp_hit
Standard Scalping,WDCUSDT,0,2026-07-21 16:19:40.507514+00,2026-07-21 18:22:33.180121+00,549.08000,537.04278,586.665243,549.79000,0.073883222845,timeout
FVG - 1m,NIGHTUSDT,0,2026-07-20 21:58:14.881367+00,2026-07-20 22:27:33.722445+00,0.0181000,0.01766,0.01911,0.01766,-3.764950276243,sl_hit
Standard Scalping,VELVETUSDT,0,2026-07-20 06:23:58.277134+00,2026-07-20 06:25:52.808887+00,0.59129,0.57335614,0.63923265,0.57335614,-4.667688897833,sl_hit
FVG - 1m,SLXUSDT,1,2026-07-25 01:38:42.691524+00,2026-07-25 01:41:38.924609+00,0.1287000,0.129726,0.124531,0.129726,-1.316282517482,sl_hit
FVG - 15m,GUSDT,0,2026-07-21 03:04:43.124135+00,2026-07-21 03:47:21.152868+00,0.0032730,0.00326155,0.0039778,0.00326155,-0.65959303391404857921400,sl_hit
FVG - 5m,STABLEUSDT,0,2026-07-24 03:09:57.427212+00,2026-07-24 03:10:39.755999+00,0.0382300,0.038164,0.039812,0.038164,-0.378855349202,sl_hit
FVG - 1m,AVAAIUSDT,0,2026-07-25 07:36:28.932171+00,2026-07-25 07:39:29.425686+00,0.0079610,0.00794765,0.0084116,0.00794765,-0.371438135912,sl_hit
FVG - 1m,PTBUSDT,1,2026-07-20 11:10:20.492611+00,2026-07-20 13:04:48.109386+00,0.0005834,0.00059533,0.00055795,0.00059533,-3.20354953719536064450202,sl_hit
Standard Scalping,ZHIPUUSDT,0,2026-07-21 03:05:07.192407+00,2026-07-21 06:02:24.768376+00,135.18000,129.8933966,154.7181119,154.7181119,21.536088166045080360000,tp_hit
FVG - 1m,AVAAIUSDT,1,2026-07-20 06:27:30.704256+00,2026-07-20 11:30:32.700282+00,0.0097360,0.01083845,0.0093942,0.010500,-11.912012119967,timeout
FVG - 5m,TUTUSDT,1,2026-07-20 21:58:18.882558+00,2026-07-20 22:06:43.861294+00,0.0143000,0.0143775,0.013645,0.0143500,-0.644685314686,sl_hit
FVG - 1m,SHAZUSDT,1,2026-07-21 16:24:32.356996+00,2026-07-21 17:04:04.404989+00,69.27000,69.6165,66.664,69.6165,-0.870624945864,sl_hit
FVG - 5m,DEXEUSDT,0,2026-07-22 13:20:47.182633+00,2026-07-22 13:21:44.778592+00,4.328000,4.2901,6.0885,4.2901,-1.433014325324,sl_hit
FVG - 15m,HANAUSDT,0,2026-07-22 05:19:56.36303+00,2026-07-22 06:24:17.303258+00,0.0365900,0.036307,0.044345,0.036307,-1.279688986062,sl_hit
FVG - 1m,LABUSDT,1,2026-07-21 03:04:51.225946+00,2026-07-21 03:05:45.51384+00,0.1317000,0.132045,0.12306,0.132045,-0.513095671982,sl_hit
FVG - 1m,SIRENUSDT,1,2026-07-21 03:12:16.158603+00,2026-07-21 17:43:47.430879+00,0.0295500,0.031193,0.026414,0.0296700,-0.758710659898,timeout
Standard Scalping,XANUSDT,0,2026-07-21 03:12:34.697842+00,2026-07-21 03:19:56.096282+00,0.0145520,0.01419094,0.01560739,0.01419094,-3.840267757009,sl_hit
FVG - 5m,MUUUSDT,0,2026-07-22 13:29:30.377803+00,2026-07-22 13:45:20.988376+00,32.92000,32.511,34.7225,34.7225,8.089807108140,tp_hit
Scalping Clone,XANUSDT,0,2026-07-21 03:12:30.883789+00,2026-07-21 03:28:12.22+00,0.0145540,0.01380877,0.01590311,0.01380877,-7.81222867940131097914360,sl_hit
Standard Scalping,TOWNSUSDT,0,2026-07-20 21:58:42.004146+00,2026-07-20 22:14:43.168541+00,0.0024440,0.00238079,0.0026763,0.00238079,-3.997949018004,sl_hit
FVG - 5m,TOWNSUSDT,0,2026-07-20 06:27:38.805078+00,2026-07-20 07:09:04.155662+00,0.0022550,0.0022385,0.002358,0.0022385,-1.217121951220,sl_hit
FVG - 5m,KORUUSDT,1,2026-07-23 03:12:48.255627+00,2026-07-23 03:14:47.942771+00,21.68000,21.8895,20.6015,21.8895,-1.570072416974,sl_hit
FVG - 5m,ALICEUSDT,0,2026-07-21 03:12:22.215949+00,2026-07-21 04:13:05.14147+00,0.124700,0.12407,0.132625,0.12407,-0.8926238973535765850400,sl_hit
Standard Scalping,TRIAUSDT,0,2026-07-22 00:01:21.882629+00,2026-07-22 00:01:30.617281+00,0.0084000,0.00826301,0.00886147,0.0084100,0.058500000000,
Standard Scalping,MANTRAUSDT,0,2026-07-20 06:34:05.290477+00,2026-07-20 06:42:13.4982+00,0.0067180,0.00663394,0.0070572,0.00663394,-1.996147127121,sl_hit
FVG - 5m,FLNCUSDT,0,2026-07-23 00:09:17.034392+00,2026-07-23 03:01:55.690589+00,14.75000,14.664,15.4435,14.664,-1.009348474576305488000,sl_hit
FVG - 5m,BASUSDT,0,2026-07-23 17:01:11.049406+00,2026-07-24 02:39:38.785305+00,0.0278780,0.02723645,0.02943995,0.02943995,8.25060004304428990444670,tp_hit
FVG - 15m,ZEREBROUSDT,0,2026-07-21 06:59:15.368404+00,2026-07-22 05:02:30.409188+00,0.0370230,0.03676285,0.04285485,0.03676285,-1.20447427274971347276000,sl_hit
FVG - 1m,INXUSDT,1,2026-07-22 13:35:12.877653+00,2026-07-22 13:42:34.619488+00,0.0074510,0.00748775,0.0073078,0.00748775,-0.860129512817,sl_hit
FVG - 15m,GOATUSDT,1,2026-07-20 11:24:44.455617+00,2026-07-21 06:42:37.043823+00,0.013555,0.013814,0.012874,0.0135600,-0.205164146072,timeout
FVG - 1m,HIMSUSDT,0,2026-07-24 15:09:48.907622+00,2026-07-24 15:16:52.046674+00,29.79000,29.6825,31.9315,29.6825,-0.661072507553,sl_hit
FVG - 1m,BRUSDT,0,2026-07-22 05:20:09.374507+00,2026-07-22 06:08:05.368378+00,0.1586800,0.1576875,0.163589,0.1576875,-1.057833690446,sl_hit
Standard Scalping,DELLUSDT,0,2026-07-22 00:01:31.336387+00,2026-07-22 00:50:16.389739+00,427.75000,421.5649886,446.15378591,422.59000,-1.928744360022,sl_hit
FVG - 15m,XVGUSDT,0,2026-07-20 06:41:39.241344+00,2026-07-20 06:47:12.371766+00,0.00222500,0.0022011,0.0024407,0.0022011,-1.730591460674,sl_hit
FVG - 15m,ONUSDT,1,2026-07-23 03:32:17.869232+00,2026-07-23 03:47:57.391202+00,0.1559000,0.1613125,0.136738,0.1613125,-5.329748236049,sl_hit
FVG - 1m,LAUSDT,1,2026-07-21 08:07:46.683507+00,2026-07-21 08:47:02.996904+00,0.056130,0.0573625,0.054312,0.0573625,-3.415010689471,sl_hit
FVG - 5m,MVLLUSDT,0,2026-07-22 13:35:18.861555+00,2026-07-22 13:38:25.411804+00,25.59000,25.385,26.4765,25.385,-1.321160609613,sl_hit
FVG - 1m,TRUTHUSDT,1,2026-07-23 11:07:52.539311+00,2026-07-23 11:15:38.428996+00,0.0122390,0.0124618,0.0120423,0.0124618,-2.851707492443,sl_hit
FVG - 1m,BEUSDT,1,2026-07-21 16:34:30.290388+00,2026-07-21 16:39:09.123634+00,225.19000,225.7945,217.515,225.7945,-0.522821040011,sl_hit
FVG - 1m,TACUSDT,1,2026-07-22 05:30:16.723829+00,2026-07-22 05:33:12.835607+00,0.0034600,0.00347035,0.0033799,0.00347035,-0.568878901734,sl_hit
Standard Scalping,RONINUSDT,0,2026-07-20 11:24:59.600902+00,2026-07-20 13:19:58.095439+00,0.056690,0.05580757,0.05963565,0.055700,-2.738461809843,
FVG - 15m,PTBUSDT,0,2026-07-22 05:30:07.85679+00,2026-07-22 05:37:25.558599+00,0.0005930,0.00058917,0.00063889,0.00058917,-1.088415177066,sl_hit
FVG - 1m,BNCUSDT,0,2026-07-22 00:10:00.61409+00,2026-07-22 02:01:56.205531+00,3.08500,3.08065,3.27145,3.08065,-0.331422690438,sl_hit
FVG - 1m,BANKUSDT,1,2026-07-20 11:33:49.995996+00,2026-07-20 11:35:58.09436+00,0.27828,0.2826395,0.254602,0.2826395,-2.470821366969,sl_hit
FVG - 1m,ONDOUSDT,1,2026-07-21 08:49:51.200547+00,2026-07-21 08:52:33.394528+00,0.3885000,0.389875,0.377285,0.389875,-0.651100386100,sl_hit
Standard Scalping,SNXXUSDT,0,2026-07-21 03:33:29.138729+00,2026-07-21 05:37:15.55308+00,15.49000,15.128,16.57136,15.40000,-0.991181407359,timeout
FVG - 1m,1000XECUSDT,1,2026-07-22 05:35:59.151768+00,2026-07-22 05:36:23.409147+00,0.0081920,0.0081927,0.0078939,0.0081927,-0.132822509765,sl_hit
FVG - 5m,TURTLEUSDT,0,2026-07-21 08:49:55.486353+00,2026-07-21 09:27:55.739685+00,0.0360200,0.035834,0.037869,0.035834,-0.894259855636,sl_hit
FVG - 1m,TOWNSUSDT,0,2026-07-21 03:42:04.463513+00,2026-07-21 03:58:17.677564+00,0.0022810,0.0022751,0.00241475,0.0022751,-0.507832529592,sl_hit
Standard Scalping,TERUSDT,0,2026-07-21 16:42:49.646165+00,2026-07-21 19:11:46.67412+00,375.97000,369.9311476,396.73538506,376.48000,0.083392291938,timeout
FVG - 1m,AWEUSDT,0,2026-07-20 11:42:17.887747+00,2026-07-20 11:59:19.303344+00,0.05669000,0.0565295,0.057825,0.057825,2.881973893103,tp_hit
FVG - 1m,BROCCOLIF3BUSDT,1,2026-07-23 03:32:27.340997+00,2026-07-23 04:41:33.183147+00,0.0052980,0.00597845,0.0047625,0.00597845,-19.392994903737,sl_hit
FVG - 5m,AIOUSDT,0,2026-07-22 00:14:27.787545+00,2026-07-22 19:56:19.115419+00,0.1089500,0.1085375,0.1162435,0.1162435,9.90183744837102708025200,tp_hit
FVG - 5m,SOPHUSDT,0,2026-07-22 13:44:45.909795+00,2026-07-22 14:29:35.767352+00,0.0046510,0.00463435,0.00483465,0.00463435,-0.656766501827,sl_hit
FVG - 15m,SQDUSDT,0,2026-07-22 13:44:26.46123+00,2026-07-22 19:28:08.129599+00,0.0317000,0.0315165,0.033222,0.033222,7.079011987381,tp_hit
FVG - 5m,UAIUSDT,1,2026-07-23 16:04:30.572554+00,2026-07-23 17:46:59.408675+00,0.3523000,0.355785,0.33857,0.355785,-1.61943542435442521248000,sl_hit
FVG - 5m,BANKUSDT,0,2026-07-23 03:32:33.950357+00,2026-07-23 03:45:10.866311+00,0.2435000,0.240825,0.257606,0.240825,-1.767184804928,sl_hit
FVG - 5m,YBUSDT,0,2026-07-20 22:27:23.999189+00,2026-07-20 23:01:26.137676+00,0.0814100,0.081185,0.08499,0.081185,-0.534402407567,sl_hit
FVG - 15m,KERNELUSDT,0,2026-07-21 16:49:13.08563+00,2026-07-21 17:46:23.634071+00,0.0350800,0.034885,0.043064,0.034885,-0.953474914481,sl_hit
FVG - 15m,ESPORTSUSDT,0,2026-07-21 03:51:09.105962+00,2026-07-21 08:10:28.445463+00,0.0213300,0.020357,0.0353175,0.020357,-6.959738396624,sl_hit
FVG - 1m,AAOIUSDT,0,2026-07-22 00:26:08.119328+00,2026-07-22 00:46:11.711959+00,125.19000,123.526,127.168,123.526,-2.112971962617,sl_hit
FVG - 1m,USELESSUSDT,1,2026-07-20 12:04:57.186348+00,2026-07-20 12:17:41.227232+00,0.0616300,0.061967,0.059586,0.061967,-0.940545513549,sl_hit
FVG - 15m,AZTECUSDT,1,2026-07-22 05:43:38.841815+00,2026-07-22 10:00:34.683165+00,0.0139100,0.014006,0.012502,0.014006,-1.155640546369,sl_hit
FVG - 1m,STARUSDT,0,2026-07-21 08:58:17.253882+00,2026-07-21 09:00:02.124118+00,0.1640300,0.1635395,0.2531015,0.1635395,-0.568366579284,sl_hit
FVG - 1m,DEXEUSDT,1,2026-07-23 03:12:42.426099+00,2026-07-23 03:22:19.339606+00,3.665000,3.71485,3.3932,3.3932,11.008596998636,tp_hit
FVG - 1m,EPICUSDT,1,2026-07-22 05:43:50.10924+00,2026-07-22 05:44:45.823957+00,0.555800,0.55748,0.541295,0.55748,-0.573581863980,sl_hit
FVG - 1m,MIRAUSDT,0,2026-07-22 00:31:41.508456+00,2026-07-22 00:32:00.926894+00,0.0466000,0.045038,0.046917,0.046917,0.899978111588,tp_hit
FVG - 1m,HEIUSDT,0,2026-07-20 22:36:08.259169+00,2026-07-20 22:46:09.177413+00,0.100130,0.099311,0.101964,0.099311,-1.346414261460,sl_hit
FVG - 1m,1000RATSUSDT,0,2026-07-22 13:44:39.404219+00,2026-07-22 13:50:19.256964+00,0.0254400,0.0254165,0.0260555,0.0254165,-0.258505896227,sl_hit
FVG - 5m,ONEUSDT,1,2026-07-22 05:43:54.90746+00,2026-07-22 09:25:52.382812+00,0.0013230,0.00133005,0.001241,0.00133005,-0.919639455782,sl_hit
FVG - 1m,PHAROSUSDT,0,2026-07-24 03:31:22.59345+00,2026-07-24 03:53:44.631732+00,0.3633000,0.362625,0.374675,0.362625,-0.398583815029,sl_hit
FVG - 1m,CAPUSDT,1,2026-07-20 12:27:56.377921+00,2026-07-20 12:29:29.792821+00,0.0204200,0.020546,0.0199195,0.020546,-1.045933398628,sl_hit
FVG - 15m,XANUSDT,0,2026-07-23 03:48:55.689353+00,2026-07-23 10:10:47.335479+00,0.0111250,0.01098215,0.0128766,0.01098215,-2.06033204494377528052300,sl_hit
Scalping Clone,MVLLUSDT,0,2026-07-22 00:49:23.699762+00,2026-07-22 02:39:51.399803+00,26.93000,26.0574456,29.28913917,26.0574456,-4.978180718010,sl_hit
FVG - 15m,KERNELUSDT,0,2026-07-22 13:53:29.912431+00,2026-07-23 17:46:56.677197+00,0.0343900,0.0341785,0.038713,0.0343900,-0.165911602210,timeout
FVG - 1m,BLUAIUSDT,0,2026-07-23 11:23:46.722366+00,2026-07-23 12:05:11.88348+00,0.0121650,0.01201902,0.0124208,0.01201902,-1.919280000000,sl_hit
FVG - 1m,AKEUSDT,0,2026-07-21 04:03:08.793067+00,2026-07-21 05:09:20.843357+00,0.0017590,0.00173315,0.00188148,0.00173315,-2.323495736214,sl_hit
FVG - 5m,BARDUSDT,1,2026-07-23 11:23:51.449579+00,2026-07-23 12:10:00.699935+00,0.1348000,0.13573,0.13055,0.13055,4.611120178042,tp_hit
Standard Scalping,MONUSDT,0,2026-07-20 22:37:42.450875+00,2026-07-21 02:26:11.02779+00,0.0229100,0.02255043,0.02402189,0.0227500,-1.167158446093,timeout
FVG - 5m,JTOUSDT,0,2026-07-23 03:49:07.875446+00,2026-07-23 03:49:24.459789+00,0.607200,0.607035,0.63566,0.607035,-0.160744565217,sl_hit
FVG - 1m,DKNGUSDT,1,2026-07-22 13:53:37.757868+00,2026-07-22 13:53:42.12738+00,22.92000,22.9375,22.358,22.9375,-0.234574607330,sl_hit
FVG - 1m,AIOUSDT,0,2026-07-20 12:40:32.179116+00,2026-07-20 12:45:11.402028+00,0.12313,0.121981,0.125656,0.121981,-1.519180216032,sl_hit
FVG - 1m,BSBUSDT,1,2026-07-20 22:58:35.381845+00,2026-07-21 00:19:54.708381+00,0.1297600,0.130439,0.126171,0.130439,-0.905224568434,sl_hit
Standard Scalping,INTWUSDT,0,2026-07-21 04:03:39.476584+00,2026-07-21 04:15:09.09396+00,25.34000,24.9705428,26.50379018,25.26000,-0.593370165746,
FVG - 5m,SAGAUSDT,1,2026-07-25 01:55:33.560884+00,2026-07-25 03:32:39.138564+00,0.0139500,0.0140445,0.013254,0.0140445,-1.136535483871,sl_hit
Scalping Clone,BLUAIUSDT,0,2026-07-21 16:49:28.805776+00,2026-07-21 22:00:12.169745+00,0.0118220,0.0113727,0.01274423,0.0115880,-3.103071392319,timeout
FVG - 1m,GENIUSUSDT,1,2026-07-22 01:06:29.104005+00,2026-07-22 01:14:28.335388+00,0.3654000,0.36791,0.357345,0.357345,3.187972906404,tp_hit
FVG - 1m,AVAXUSDT,1,2026-07-25 17:00:25.027939+00,2026-07-25 17:01:45.139497+00,6.6700,6.67535,6.5219,6.67535,-0.240362968516,sl_hit
FVG - 1m,CHZUSDT,1,2026-07-20 12:48:57.914433+00,2026-07-20 13:11:40.063016+00,0.01532000,0.0153845,0.015107,0.0153845,-0.751780026110,sl_hit
Standard Scalping,GRIFFAINUSDT,0,2026-07-22 13:53:47.59748+00,2026-07-22 14:44:55.953884+00,0.0090150,0.00891926,0.00931658,0.00891926,-1.712374442596,sl_hit
FVG - 1m,COLLECTUSDT,1,2026-07-21 17:04:13.672437+00,2026-07-21 21:51:46.611515+00,0.0507800,0.0508655,0.0295235,0.0508655,-0.38735978731769909625600,sl_hit
FVG - 5m,HAEDALUSDT,1,2026-07-20 23:04:49.77539+00,2026-07-20 23:47:04.880435+00,0.0164700,0.016725,0.015741,0.016725,-2.443333333334,sl_hit
FVG - 1m,REUSDT,1,2026-07-22 01:13:10.701988+00,2026-07-22 01:29:45.267221+00,0.4044000,0.40955,0.39751,0.40955,-2.031001483679,sl_hit
Scalping Clone,TREEUSDT,0,2026-07-21 04:03:56.680854+00,2026-07-21 06:11:23.505864+00,0.0394700,0.03765083,0.0430605,0.0430605,13.519715480111,tp_hit
FVG - 5m,SHAZUSDT,0,2026-07-23 08:49:16.559154+00,2026-07-23 11:21:57.663209+00,71.87000,71.6475,74.961,71.6475,-0.599375956588890902000,sl_hit
FVG - 1m,ZAMAUSDT,0,2026-07-24 03:49:51.198503+00,2026-07-24 03:59:37.829965+00,0.0509200,0.0502175,0.052915,0.0502175,-2.188594854674,sl_hit
FVG - 1m,LABUSDT,1,2026-07-22 05:56:05.599973+00,2026-07-22 05:56:33.395811+00,0.1812000,0.18159,0.16515,0.18159,-0.442976821192,sl_hit
FVG - 1m,CRWDUSDT,0,2026-07-22 14:10:09.983455+00,2026-07-22 14:19:44.091521+00,188.91000,188.604,194.208,188.604,-0.362875655074,sl_hit
Standard Scalping,USUSDT,0,2026-07-23 03:49:26.18688+00,2026-07-23 04:22:23.149586+00,0.0462120,0.04542036,0.0479646,0.04542036,-2.688564476760,sl_hit
FVG - 15m,YBUSDT,0,2026-07-22 06:03:29.93839+00,2026-07-22 06:09:18.540967+00,0.0746700,0.074183,0.0831835,0.074183,-1.097913218160,sl_hit
FVG - 1m,MUUUSDT,1,2026-07-21 17:14:35.554807+00,2026-07-21 18:06:19.845992+00,35.46000,35.679,33.819,35.679,-1.046766497462,sl_hit
FVG - 15m,ZILUSDT,0,2026-07-23 11:36:48.037721+00,2026-07-23 17:58:52.346947+00,0.0024980,0.0024372,0.0026725,0.0024372,-3.78423819055180624507560,sl_hit
FVG - 1m,AIOTUSDT,1,2026-07-22 01:18:21.548612+00,2026-07-22 01:18:30.469228+00,0.0504600,0.0504705,0.0356285,0.0504705,-0.151225326992,sl_hit
FVG - 1m,ZESTUSDT,1,2026-07-20 22:05:32.506672+00,2026-07-21 00:06:29.598012+00,0.2599400,0.26288,0.2538905,0.26288,-1.817223974764,sl_hit
FVG - 1m,KITEUSDT,1,2026-07-20 12:57:20.216139+00,2026-07-20 13:30:06.027126+00,0.1113700,0.111975,0.10969,0.111975,-0.935177336805,sl_hit
FVG - 5m,AVAAIUSDT,0,2026-07-21 04:14:51.508463+00,2026-07-21 04:23:40.362592+00,0.0086510,0.00854105,0.00952405,0.00854105,-2.025664431858,sl_hit
FVG - 1m,GWEIUSDT,0,2026-07-22 06:03:40.227997+00,2026-07-22 07:04:06.192722+00,0.0252300,0.024831,0.0258365,0.024831,-2.491227110583,sl_hit
FVG - 5m,KGENUSDT,0,2026-07-22 14:10:14.206583+00,2026-07-22 15:00:37.99185+00,0.1688000,0.16837,0.17553,0.16837,-0.501956161137,sl_hit
Standard Scalping,AIGENSYNUSDT,0,2026-07-21 04:15:10.095638+00,2026-07-21 04:43:34.001083+00,0.0243700,0.02406073,0.02542718,0.0242500,-0.858317603611,
FVG - 1m,BULLAUSDT,1,2026-07-22 06:10:06.812439+00,2026-07-22 06:10:57.310837+00,0.0121030,0.01215805,0.0117625,0.01215805,-0.802541766505,sl_hit
FVG - 1m,XPINUSDT,0,2026-07-20 23:35:31.889862+00,2026-07-20 23:45:23.685355+00,0.0015140,0.00150725,0.0015409,0.00150725,-0.788490752972,sl_hit
FVG - 5m,EPICUSDT,1,2026-07-21 17:14:39.900712+00,2026-07-21 18:38:32.215229+00,0.537200,0.542855,0.49585,0.542855,-1.699652457186,sl_hit
Standard Scalping,NBISUSDT,0,2026-07-20 13:04:48.639248+00,2026-07-20 13:28:16.463977+00,189.60000,187.9561104,195.89875224,187.9561104,-1.420025351392,sl_hit
FVG - 1m,ALABUSDT,0,2026-07-24 15:31:38.666617+00,2026-07-24 15:34:42.420384+00,299.83000,298.948,311.9785,298.948,-0.561073541673,sl_hit
FVG - 5m,RIFUSDT,0,2026-07-23 04:05:07.694772+00,2026-07-23 04:06:35.684084+00,0.0770600,0.0767225,0.084021,0.0767225,-0.776692836750,sl_hit
Standard Scalping,MVLLUSDT,0,2026-07-20 13:04:59.654361+00,2026-07-20 13:27:38.874003+00,23.11000,22.7296456,24.07,22.7296456,-2.587777530766,sl_hit
Standard Scalping,TRIAUSDT,0,2026-07-22 06:10:29.773845+00,2026-07-22 09:26:30.463828+00,0.0085540,0.00838746,0.00898815,0.00898815,7.490059738134,tp_hit
FVG - 1m,NOMUSDT,0,2026-07-23 18:28:55.466433+00,2026-07-23 18:30:29.927762+00,0.0016030,0.0015994,0.0016499,0.0015994,-0.456733624454,sl_hit
FVG - 1m,REUSDT,1,2026-07-24 04:08:03.909533+00,2026-07-24 04:11:13.596764+00,0.6369000,0.64175,0.60802,0.64175,-1.262708431465,sl_hit
Standard Scalping,LYNUSDT,0,2026-07-21 16:34:38.388755+00,2026-07-21 18:41:44.022467+00,0.0418600,0.04075083,0.04552002,0.0413600,-1.910969899665,timeout
FVG - 5m,HEMIUSDT,1,2026-07-21 04:29:09.901128+00,2026-07-21 07:18:05.819161+00,0.0059480,0.0061391,0.0055561,0.0061391,-4.941194687290,sl_hit
FVG - 5m,KORUUSDT,0,2026-07-24 15:31:46.810645+00,2026-07-24 15:33:05.729091+00,19.36000,18.9425,20.4135,18.9425,-3.353468491735,sl_hit
FVG - 1m,ARXUSDT,1,2026-07-22 01:25:01.704796+00,2026-07-22 02:01:45.36174+00,0.1529000,0.15399,0.14979,0.15399,-1.189754087639,sl_hit
FVG - 1m,BLESSUSDT,0,2026-07-23 04:20:19.824162+00,2026-07-23 04:21:07.604398+00,0.0076280,0.0075624,0.0078807,0.0075624,-1.409468274778,sl_hit
FVG - 1m,GWEIUSDT,0,2026-07-23 18:56:52.445842+00,2026-07-23 19:07:34.013185+00,0.0196600,0.019617,0.020468,0.019617,-0.447946083418,sl_hit
FVG - 1m,ACTUSDT,0,2026-07-20 13:09:26.997242+00,2026-07-20 13:11:00.133109+00,0.0085600,0.008524,0.00875,0.008524,-0.750588785046,sl_hit
FVG - 1m,RIFUSDT,0,2026-07-22 06:14:31.900059+00,2026-07-22 06:16:27.607939+00,0.0521200,0.051483,0.058689,0.051483,-1.952536070607,sl_hit
FVG - 1m,ALICEUSDT,0,2026-07-23 11:50:59.799035+00,2026-07-23 11:57:36.991582+00,0.126800,0.12637,0.12984,0.12637,-0.628471608832,sl_hit
FVG - 5m,BUSDT,0,2026-07-24 04:08:09.678396+00,2026-07-24 13:51:52.766234+00,0.1776000,0.174765,0.1961,0.174765,-2.513467905406,sl_hit
Standard Scalping,MINAUSDT,0,2026-07-21 04:43:35.544301+00,2026-07-21 06:50:56.242451+00,0.0466700,0.04591411,0.04938305,0.0466500,-0.184255410328,timeout
FVG - 1m,NBISUSDT,1,2026-07-22 14:27:54.494642+00,2026-07-22 14:28:22.213085+00,223.09000,223.441,215.9845,223.441,-0.356097808060,sl_hit
FVG - 1m,NAORISUSDT,0,2026-07-22 06:21:30.167586+00,2026-07-22 07:30:59.319622+00,0.0340600,0.03360188,0.0375585,0.03360188,-2.136750229007,sl_hit
FVG - 1m,MYXUSDT,1,2026-07-20 13:13:48.049242+00,2026-07-20 13:20:44.766567+00,0.0794800,0.079848,0.0781305,0.0803100,-1.687058379467,sl_hit
FVG - 5m,CBRSUSDT,0,2026-07-23 04:20:27.54674+00,2026-07-23 06:08:06.766673+00,210.59000,209.9985,225.8105,209.9985,-0.541147775297,sl_hit
FVG - 1m,BMNRUSDT,0,2026-07-22 14:32:07.801721+00,2026-07-22 14:38:46.394189+00,17.83000,17.7755,18.269,17.7755,-0.578313516545,sl_hit
Scalping Clone,VVVUSDT,0,2026-07-22 01:44:59.708137+00,2026-07-22 03:52:27.305954+00,12.645000,12.3527986,12.89485,12.564000,-1.080469750890,timeout
FVG - 5m,UAIUSDT,1,2026-07-24 15:50:24.290505+00,2026-07-24 15:54:44.89665+00,0.3384000,0.340075,0.32195,0.340075,-0.862761524823,sl_hit
FVG - 5m,PROMUSDT,1,2026-07-24 03:49:57.528611+00,2026-07-24 03:59:18.856247+00,1.9180000,1.93515,1.749,1.749,13.102179353494,tp_hit
FVG - 1m,BANKUSDT,0,2026-07-21 05:09:50.78854+00,2026-07-21 05:10:58.775619+00,0.2577200,0.2571035,0.2722405,0.2571035,-0.478676121372,sl_hit
FVG - 15m,METUSDT,1,2026-07-21 11:50:59.702242+00,2026-07-21 21:30:59.002792+00,0.1624000,0.16316,0.149875,0.16316,-0.83667857142847782728000,sl_hit
FVG - 1m,STXXUSDT,1,2026-07-22 14:42:20.365905+00,2026-07-22 19:51:10.784268+00,906.24000,911.5545,880.764,908.34000,-0.467729078391,timeout
FVG - 1m,AAOIUSDT,0,2026-07-20 13:17:44.780018+00,2026-07-20 13:26:31.803847+00,107.17,105.714,110.712,105.714,-2.157068582626,sl_hit
FVG - 5m,SOXLUSDT,0,2026-07-23 19:39:57.352054+00,2026-07-23 19:43:07.411206+00,154.83000,153.55,163.281,153.55,-1.359573726022,sl_hit
FVG - 1m,HOLOUSDT,0,2026-07-22 01:53:35.833152+00,2026-07-22 02:12:24.27279+00,0.0653900,0.06506,0.067828,0.06506,-0.876693684050,sl_hit
FVG - 1m,LAUSDT,1,2026-07-23 04:36:12.455391+00,2026-07-23 05:27:48.455181+00,0.056060,0.0566695,0.055057,0.055057,2.564805208705,tp_hit
FVG - 1m,AKEUSDT,1,2026-07-23 12:04:20.92078+00,2026-07-23 12:04:55.776853+00,0.0019903,0.00200291,0.00192211,0.00200291,-1.070739386022,sl_hit
FVG - 1m,BANANAS31USDT,1,2026-07-25 00:46:34.018427+00,2026-07-25 01:59:05.366836+00,0.0072260,0.0072982,0.0070661,0.0070661,3.200591475228,tp_hit
FVG - 5m,PHAROSUSDT,1,2026-07-22 14:42:25.455078+00,2026-07-22 17:42:26.859441+00,0.3608000,0.36328,0.345475,0.36328,-1.151454545454,sl_hit
Standard Scalping,TURTLEUSDT,0,2026-07-20 13:20:00.266209+00,2026-07-20 13:56:37.939056+00,0.0365400,0.03592732,0.03826243,0.03826243,6.947902413794,tp_hit
FVG - 1m,COLLECTUSDT,0,2026-07-22 06:28:33.8222+00,2026-07-22 06:47:57.420461+00,0.0500000,0.049803,0.059311,0.049803,-0.7107636000,sl_hit
FVG - 5m,BEATUSDT,1,2026-07-23 20:08:29.292074+00,2026-07-23 22:22:50.662764+00,2.9850000,3.0078,2.82795,3.0078,-1.266186934673,sl_hit
FVG - 1m,DEXEUSDT,0,2026-07-21 05:14:00.464823+00,2026-07-21 05:17:17.791497+00,32.920000,32.5895,34.5065,32.5895,-1.625321081410,sl_hit
Scalping Clone,KAITOUSDT,0,2026-07-23 12:04:43.060682+00,2026-07-23 12:08:12.181902+00,1.052400,1.02883048,1.12099497,1.02883048,-3.478051908780,sl_hit
FVG - 5m,CAPUSDT,0,2026-07-21 09:29:35.289884+00,2026-07-21 09:44:26.095083+00,0.0196900,0.019498,0.020625,0.019498,-1.582086338242,sl_hit
FVG - 1m,CBRSUSDT,0,2026-07-24 15:50:17.821147+00,2026-07-24 17:09:08.896673+00,198.82000,197.653,208.2745,197.653,-1.000092445428,sl_hit
FVG - 5m,OUSDT,1,2026-07-23 04:36:18.575131+00,2026-07-23 05:00:21.624007+00,0.6461000,0.6581,0.5781,0.5781,15.673344683486,tp_hit
FVG - 15m,BARDUSDT,0,2026-07-25 01:55:13.3854+00,2026-07-25 02:02:34.23232+00,0.1263000,0.125695,0.136445,0.125695,-0.838239904988,sl_hit
FVG - 1m,ZHIPUUSDT,0,2026-07-23 04:51:12.775311+00,2026-07-23 05:00:21.654278+00,145.92000,144.7065,151.5155,144.7065,-1.366931126645,sl_hit
FVG - 1m,UBUSDT,1,2026-07-23 12:17:11.889303+00,2026-07-23 12:26:54.031545+00,0.1300100,0.131033,0.1270495,0.131033,-1.300765941081,sl_hit
FVG - 15m,ACEUSDT,1,2026-07-20 13:25:55.885436+00,2026-07-20 19:14:35.826415+00,0.12662,0.1339865,0.0963195,0.1339865,-8.850192623598,sl_hit
FVG - 1m,PTBUSDT,0,2026-07-21 05:18:59.008739+00,2026-07-21 05:21:58.842302+00,0.0006004,0.0005979,0.0006254,0.0005979,-0.744333777482,sl_hit
FVG - 1m,IRENUSDT,1,2026-07-22 14:49:23.723199+00,2026-07-22 15:05:14.709654+00,42.49000,42.676,41.406,42.676,-0.776887738291,sl_hit
FVG - 1m,AKEUSDT,1,2026-07-24 04:25:53.697772+00,2026-07-24 04:27:16.412295+00,0.0022247,0.00226444,0.00207052,0.00226444,-2.800534184385,sl_hit
Scalping Clone,MRVLUSDT,0,2026-07-22 02:01:42.173059+00,2026-07-22 02:49:53.303816+00,210.28000,206.7825656,220.28502851,208.04000,-1.717230359521,
FVG - 1m,HANAUSDT,1,2026-07-20 13:26:03.992532+00,2026-07-20 13:27:46.155161+00,0.0471000,0.047136,0.044651,0.047136,-0.234695541402,sl_hit
Standard Scalping,LAUSDT,0,2026-07-24 04:43:27.836625+00,2026-07-24 07:16:00.007886+00,0.068460,0.0655929,0.07749138,0.068140,-0.820858895705,timeout
FVG - 1m,AGTUSDT,0,2026-07-20 13:30:21.94124+00,2026-07-20 13:30:32.418729+00,0.0118540,0.0118393,0.01224925,0.0118393,-0.305938754851,sl_hit
FVG - 1m,ERAUSDT,0,2026-07-25 02:25:02.971219+00,2026-07-25 02:27:28.469286+00,0.0913800,0.091172,0.0941135,0.091172,-0.461294812870,sl_hit
FVG - 1m,BLESSUSDT,0,2026-07-21 05:26:15.351851+00,2026-07-21 05:31:48.608767+00,0.0100570,0.01002345,0.01044575,0.01002345,-0.620197573829,sl_hit
FVG - 5m,LABUSDT,1,2026-07-23 12:17:17.959254+00,2026-07-23 14:51:19.868616+00,0.1623000,0.16342,0.154355,0.154355,7.225820702403,tp_hit
FVG - 1m,HANAUSDT,1,2026-07-24 16:08:52.644896+00,2026-07-24 16:58:16.190843+00,0.0311400,0.0316905,0.029575,0.029575,7.421551059730,tp_hit
Standard Scalping,INXUSDT,0,2026-07-22 14:49:32.256065+00,2026-07-22 17:45:10.629143+00,0.0074980,0.00738168,0.00785197,0.0074410,-1.259847959456,timeout
FVG - 5m,B2USDT,0,2026-07-23 04:51:18.672576+00,2026-07-23 04:59:11.673066+00,0.4688000,0.467105,0.502035,0.467105,-0.662125213311,sl_hit
FVG - 1m,ZHIPUUSDT,1,2026-07-24 04:43:17.178323+00,2026-07-24 04:47:09.746792+00,158.39000,158.663,151.7455,158.663,-0.378642464803,sl_hit
FVG - 15m,COTIUSDT,1,2026-07-28 07:49:16.562326+00,2026-07-28 08:00:33.397155+00,0.0115830,0.01185505,0.0097019,0.01185505,-3.644460243460,sl_hit
FVG - 5m,USUSDT,0,2026-07-24 16:08:58.604856+00,2026-07-24 16:09:04.570307+00,0.0473910,0.0473375,0.0506465,0.0473375,-0.289268215484,sl_hit
FVG - 1m,BULLAUSDT,1,2026-07-23 05:05:06.156028+00,2026-07-23 05:51:34.115398+00,0.0119230,0.01196905,0.0116617,0.01196905,-0.699574184350,sl_hit
FVG - 1m,AIAUSDT,1,2026-07-22 15:05:45.296299+00,2026-07-22 17:42:28.169812+00,0.0650700,0.06599252,0.063173,0.06599252,-2.247452761641,sl_hit
Standard Scalping,IRENUSDT,0,2026-07-20 13:31:23.718478+00,2026-07-20 13:33:07.963717+00,36.93000,36.297792,37.5345,37.5345,2.334338748984,tp_hit
FVG - 15m,USELESSUSDT,1,2026-07-22 06:51:13.557563+00,2026-07-22 08:20:34.713043+00,0.0643200,0.064963,0.0603175,0.064963,-1.620133395523,sl_hit
Scalping Clone,LAUSDT,0,2026-07-24 04:43:24.237286+00,2026-07-24 07:15:53.134692+00,0.068460,0.06272579,0.08372303,0.068180,-0.733251533742,timeout
FVG - 1m,ACEUSDT,0,2026-07-25 17:16:53.949336+00,2026-07-25 17:29:07.824307+00,0.086160,0.085575,0.0882505,0.085575,-1.138046657381,sl_hit
Standard Scalping,ONDOUSDT,0,2026-07-21 09:44:29.879261+00,2026-07-21 11:28:30.521572+00,0.4035000,0.39797453,0.41824936,0.39797453,-2.18820067360521562220000,sl_hit
FVG - 1m,AIAUSDT,1,2026-07-23 12:29:49.045354+00,2026-07-23 12:35:23.556167+00,0.0705800,0.0712055,0.068346,0.0712055,-1.449874327005,sl_hit
FVG - 5m,INITUSDT,0,2026-07-22 17:59:40.580269+00,2026-07-22 18:37:34.374575+00,0.0563000,0.05586,0.061891,0.05586,-1.291822380106,sl_hit
FVG - 1m,AERGOUSDT,0,2026-07-24 00:58:12.99031+00,2026-07-24 01:04:44.559892+00,0.0226800,0.021885,0.02323,0.02323,3.516111111111,tp_hit
FVG - 15m,RIFUSDT,1,2026-07-27 22:23:31.046672+00,2026-07-27 22:28:28.336312+00,0.0779500,0.078781,0.060948,0.078781,-1.719741629249,sl_hit
Standard Scalping,INTWUSDT,0,2026-07-20 13:31:31.991124+00,2026-07-20 13:38:54.754394+00,23.76000,23.4866912,24.749,24.749,6.121189393940,tp_hit
FVG - 5m,EPICUSDT,1,2026-07-23 05:05:12.245291+00,2026-07-23 05:10:23.905864+00,0.598000,0.60069,0.565575,0.60069,-0.795019063546,sl_hit
FVG - 15m,LAUSDT,0,2026-07-22 17:59:24.902757+00,2026-07-22 19:30:24.411045+00,0.054280,0.054052,0.0602695,0.054052,-0.749814296242,sl_hit
FVG - 1m,BANKUSDT,0,2026-07-24 04:59:24.230338+00,2026-07-24 05:01:19.308485+00,0.2594000,0.2562565,0.2778275,0.2562565,-1.937025404781,sl_hit
FVG - 1m,UAIUSDT,1,2026-07-22 06:51:22.341733+00,2026-07-22 09:29:13.540053+00,0.3502000,0.35122,0.339275,0.35122,-0.557067961165,sl_hit
Standard Scalping,龙虾USDT,0,2026-07-26 20:29:23.289545+00,2026-07-26 20:47:57.305413+00,0.0197260,0.01919813,0.02124626,0.01919813,-4.132411426544,sl_hit
FVG - 1m,HUSDT,0,2026-07-24 05:15:57.91697+00,2026-07-24 06:32:22.866908+00,0.0611800,0.0605965,0.0630905,0.0605965,-1.550042334096,sl_hit
FVG - 1m,MITOUSDT,0,2026-07-22 07:11:10.39558+00,2026-07-22 08:54:16.270329+00,0.0229900,0.0228465,0.0233955,0.0228465,-1.055902131361,sl_hit
FVG - 1m,GWEIUSDT,1,2026-07-24 16:27:42.111504+00,2026-07-24 16:46:19.896249+00,0.0265400,0.0267805,0.0243375,0.0267805,-1.479812735493,sl_hit
FVG - 1m,APRUSDT,1,2026-07-23 12:56:14.131458+00,2026-07-23 12:57:25.6487+00,0.1712000,0.17176,0.16572,0.17176,-0.610850467289,sl_hit
FVG - 1m,B2USDT,0,2026-07-22 17:59:33.943984+00,2026-07-22 18:27:27.962488+00,0.4346000,0.427305,0.472365,0.4467000,4.054583525080,tp_hit
FVG - 5m,NBISUSDT,0,2026-07-24 16:27:49.21571+00,2026-07-24 16:28:13.228766+00,204.47000,204.4615,222.703,204.4615,-0.126233139336,sl_hit
FVG - 5m,BUSDT,0,2026-07-23 05:21:05.209158+00,2026-07-23 06:27:54.254251+00,0.2113000,0.20876,0.22347,0.20876,-1.922402271652,sl_hit
FVG - 5m,CHRUSDT,1,2026-07-23 12:56:18.861988+00,2026-07-23 12:56:42.446332+00,0.0128600,0.013864,0.01168,0.013864,-11.835415241057,sl_hit
FVG - 1m,TRIAUSDT,0,2026-07-20 13:43:47.499005+00,2026-07-20 13:51:40.622074+00,0.0084500,0.0084055,0.008602,0.0084055,-0.909624852071,sl_hit
FVG - 1m,ORDERUSDT,1,2026-07-24 01:54:01.553949+00,2026-07-24 02:00:26.965812+00,0.0339800,0.0342315,0.033045,0.0342315,-1.230655974103,sl_hit
FVG - 5m,FLNCUSDT,0,2026-07-23 05:35:09.059794+00,2026-07-23 06:46:28.24685+00,14.77000,14.7555,15.4335,14.7555,-0.267199052133,sl_hit
Scalping Clone,SNXXUSDT,0,2026-07-20 13:43:55.300543+00,2026-07-20 14:18:20.116467+00,14.82000,13.9737496,16.156,13.9737496,-8.681861334413,sl_hit
FVG - 15m,CRCLUSDT,1,2026-07-22 07:22:24.324359+00,2026-07-22 13:44:22.288455+00,69.06000,69.8245,64.892,69.8245,-1.796185490877303520000,sl_hit
Standard Scalping,ALABUSDT,0,2026-07-06 13:44:28.599305+00,2026-07-06 17:32:05.831657+00,440.610000000000,432.388217400000,469.386239100000,432.190000000000,-3.000601211956,sl_hit
Standard Scalping,SNXXUSDT,0,2026-07-20 13:43:59.196738+00,2026-07-20 13:51:47.792514+00,14.84000,14.4168748,16.156,14.4168748,-4.395161218868,sl_hit
FVG - 1m,NBISUSDT,0,2026-07-23 13:09:03.643483+00,2026-07-23 13:28:42.665413+00,216.87000,214.23792,221.926,214.23792,-1.939772560519,sl_hit
FVG - 5m,MINIMAXUSDT,0,2026-07-23 11:07:58.411753+00,2026-07-23 13:06:05.053035+00,25.53000,25.4325,26.5295,25.4325,-0.692626321974,sl_hit
FVG - 1m,MIRAUSDT,0,2026-07-22 07:34:00.792838+00,2026-07-22 07:35:46.05547+00,0.0441200,0.043921,0.04543,0.043921,-0.796293291024,sl_hit
FVG - 1m,ACEUSDT,0,2026-07-23 05:35:03.879951+00,2026-07-23 06:08:14.33914+00,0.084990,0.084829,0.0882075,0.084829,-0.404037416166,sl_hit
Scalping Clone,FLOCKUSDT,0,2026-07-03 02:38:16.394232+00,2026-07-03 04:32:11.048117+00,0.036230000000,0.035208310000,0.038554340000,0.035180000000,-4.465487165333,sl_hit
Scalping Clone,AXTIUSDT,0,2026-07-20 13:51:14.677837+00,2026-07-20 15:54:59.038724+00,49.72000,47.4704616,55.34153384,49.08000,-2.050040225262,timeout
FVG - 5m,HEIUSDT,0,2026-07-21 09:53:19.748193+00,2026-07-21 09:55:07.541685+00,0.095200,0.094955,0.09845,0.094955,-0.505875000000,sl_hit
Standard Scalping,AXTIUSDT,0,2026-07-20 13:51:18.808391+00,2026-07-20 14:21:46.173311+00,49.57000,48.4865304,52.94142924,48.4865304,-3.397293359371,sl_hit
FVG - 1m,JCTUSDT,1,2026-07-20 13:51:08.606156+00,2026-07-20 13:53:50.286053+00,0.0042980,0.00431345,0.0041367,0.00431345,-0.659419962773,sl_hit
FVG - 1m,GMXUSDT,0,2026-07-25 01:55:27.732744+00,2026-07-25 04:08:45.578017+00,6.782000,6.766,6.924,6.924,3.019410203480,tp_hit
FVG - 1m,IRYSUSDT,0,2026-07-21 09:14:54.173166+00,2026-07-21 16:30:14.044096+00,0.0128000,0.012757,0.013122,0.0127700,-0.486562500000,sl_hit
FVG - 1m,AXTIUSDT,0,2026-07-22 18:14:13.70301+00,2026-07-22 18:27:27.509298+00,53.31000,53.0725,54.7055,53.0725,-0.787993809792,sl_hit
FVG - 1m,ANTHROPICUSDT,1,2026-07-22 07:42:42.380427+00,2026-07-22 07:43:30.736309+00,1541.33000,1544.105,1515.046,1541.81000,-0.166731588952,sl_hit
FVG - 1m,STARUSDT,1,2026-07-23 13:23:48.095148+00,2026-07-23 14:15:30.070762+00,0.1311600,0.13273392,0.125112,0.13273392,-1.920720000000,sl_hit
FVG - 15m,ONDOUSDT,1,2026-07-23 03:12:27.169769+00,2026-07-24 21:58:28.071965+00,0.4050000,0.41378,0.383765,0.383765,7.68885703703729635540000,tp_hit
FVG - 15m,PEOPLEUSDT,1,2026-07-27 23:06:39.846473+00,2026-07-27 23:27:03.713317+00,0.0066900,0.0067219,0.0061979,0.0067219,-0.835532735426,sl_hit
FVG - 5m,THEUSDT,0,2026-07-22 18:26:42.04151+00,2026-07-22 21:20:35.176996+00,0.0553000,0.055053,0.057798,0.055053,-0.789713924050,sl_hit
FVG - 5m,STARUSDT,0,2026-07-23 13:23:52.081077+00,2026-07-23 14:41:09.909894+00,0.1311600,0.12945,0.1397845,0.12945,-2.074844464776,sl_hit
FVG - 1m,EPICUSDT,0,2026-07-24 16:47:04.352792+00,2026-07-24 16:47:48.105393+00,0.663300,0.66039,0.685675,0.66039,-0.777810040706,sl_hit
FVG - 5m,ERAUSDT,1,2026-07-21 10:00:14.15137+00,2026-07-21 10:04:18.83704+00,0.0918000,0.09351892,0.078069,0.09351892,-2.929816287582,sl_hit
FVG - 1m,ALLOUSDT,0,2026-07-25 17:34:55.862844+00,2026-07-25 18:06:09.489443+00,0.343,0.3396285,0.3512745,0.3512745,3.497138571429,tp_hit
FVG - 15m,DIAUSDT,1,2026-07-27 22:36:43.120589+00,2026-07-28 04:03:28.6598+00,0.1366000,0.13742,0.121695,0.121695,16.23944582723275256640000,tp_hit
FVG - 1m,CAPUSDT,1,2026-07-22 07:49:35.749965+00,2026-07-22 08:10:55.319872+00,0.0201900,0.020349,0.019848,0.020349,-1.301750371471,sl_hit
FVG - 5m,HOMEUSDT,1,2026-07-24 16:47:10.689123+00,2026-07-24 16:49:17.478296+00,0.0066840,0.00674075,0.0062534,0.00674075,-1.394073159785,sl_hit
FVG - 15m,CHILLGUYUSDT,0,2026-07-25 03:06:58.986362+00,2026-07-25 18:01:17.892965+00,0.0109750,0.0108433,0.0128273,0.0128273,25.17099334851972437402540,tp_hit
FVG - 1m,LITEUSDT,0,2026-07-23 15:50:58.1+00,2026-07-23 21:47:41.667546+00,833.56000,827.147,861.4705,835.74000,0.256934653774,timeout
FVG - 1m,DEXEUSDT,0,2026-07-24 05:34:27.808415+00,2026-07-24 05:41:52.712651+00,2.023000,1.95915,2.09895,1.95915,-4.852411764706,sl_hit
FVG - 1m,PROMUSDT,0,2026-07-22 08:13:37.53809+00,2026-07-22 08:34:19.253086+00,1.3560000,1.34895,1.4002,1.4002,4.767424778761,tp_hit
Standard Scalping,ARXUSDT,0,2026-07-22 08:13:54.560597+00,2026-07-22 08:20:34.763585+00,0.1618000,0.15859424,0.162815,0.162815,0.820600123609,tp_hit
FVG - 5m,ACEUSDT,0,2026-07-21 10:09:24.825099+00,2026-07-21 10:50:52.424585+00,0.101290,0.0997435,0.1182455,0.0997435,-2.409290255702,sl_hit
Scalping Clone,ARXUSDT,0,2026-07-22 08:13:50.800727+00,2026-07-22 08:20:34.791838+00,0.1618000,0.15558848,0.162815,0.162815,0.820600123609,tp_hit
FVG - 1m,LISTAUSDT,0,2026-07-22 18:40:51.189678+00,2026-07-22 23:51:43.664252+00,0.0501300,0.0493785,0.0561555,0.0499700,-0.598563734290,timeout
Standard Scalping,IOUSDT,0,2026-07-03 07:24:29.429675+00,2026-07-03 08:19:44.046953+00,0.182000000000,0.178592960000,0.193924640000,0.177800000000,-3.580153846154,sl_hit
Scalping Clone,ZBTUSDT,0,2026-07-01 02:54:15.174238+00,2026-07-01 07:31:33.208163+00,0.127400000000,0.120591020000,0.142923190000,0.127380000000,-0.143538461538,timeout
FVG - 1m,AIOUSDT,1,2026-07-23 06:03:29.763306+00,2026-07-23 06:51:46.724161+00,0.1220800,0.1223495,0.119572,0.1223495,-0.451267775229,sl_hit
FVG - 5m,MORPHOUSDT,1,2026-07-22 18:40:58.316193+00,2026-07-23 02:22:01.324131+00,1.9469000,1.95772,1.80086,1.95772,-0.96877456469257706820000,sl_hit
FVG - 1m,LIGHTUSDT,0,2026-07-23 13:36:49.661953+00,2026-07-23 13:38:46.866366+00,0.1322000,0.131425,0.13605,0.131425,-0.998997730711,sl_hit
FVG - 1m,SPCXUSDT,1,2026-07-24 23:12:23.90556+00,2026-07-27 06:15:23.920223+00,114.09000,116.172,110.446,114.41000,-0.585201156982,timeout
FVG - 15m,AKEUSDT,1,2026-07-25 03:27:04.097368+00,2026-07-25 03:40:45.947339+00,0.0026842,0.00271218,0.00225472,0.00271218,-1.684219804784,sl_hit
Scalping Clone,ZKUSDT,0,2026-07-03 02:38:27.046044+00,2026-07-03 07:07:03.190432+00,0.010810000000,0.010484400000,0.011550730000,0.010780000000,-0.536114708603,timeout
FVG - 1m,JELLYJELLYUSDT,0,2026-07-22 18:54:57.234973+00,2026-07-23 15:02:52.764545+00,0.0552000,0.0534315,0.059302,0.0545700,-1.861850543478,timeout
FVG - 1m,PROMUSDT,1,2026-07-23 06:17:00.974052+00,2026-07-23 06:30:30.088885+00,1.58600000,1.5899,1.4948,1.5899,-0.489000000000,sl_hit
FVG - 1m,BANKUSDT,0,2026-07-25 17:26:20.259574+00,2026-07-25 17:29:57.810516+00,0.35079,0.346348,0.3676865,0.346348,-2.018667236808,sl_hit
Scalping Clone,COLLECTUSDT,0,2026-07-23 10:54:54.169081+00,2026-07-23 13:37:23.229616+00,0.0526500,0.04902711,0.06218338,0.0520000,-1.971111111111,timeout
FVG - 5m,BRETTUSDT,0,2026-07-23 06:17:07.098127+00,2026-07-23 07:12:00.051167+00,0.0044370,0.00440145,0.0046262,0.00440145,-1.321344827586,sl_hit
Standard Scalping,BRUSDT,0,2026-07-22 08:14:05.769061+00,2026-07-22 09:20:29.832131+00,0.1655100,0.16200092,0.167737,0.16200092,-3.298970788472,sl_hit
FVG - 15m,DEXEUSDT,1,2026-07-25 17:16:44.380759+00,2026-07-25 17:18:29.693415+00,4.322000,4.492268,3.0096,4.492268,-6.031711263304,sl_hit
Scalping Clone,HOLOUSDT,0,2026-07-22 03:18:22.963034+00,2026-07-24 03:31:58.794045+00,0.0644000,0.06221295,0.07036784,0.0667600,5.297746118012,timeout
FVG - 1m,FLUIDUSDT,0,2026-07-24 17:03:33.626154+00,2026-07-24 17:06:23.711048+00,1.159000,1.1557,1.1877,1.1557,-0.546921484038,sl_hit
FVG - 5m,STXUSDT,0,2026-07-24 17:03:37.238424+00,2026-07-24 20:07:24.785612+00,0.1446000,0.14351,0.153335,0.14351,-1.250253112033,sl_hit
FVG - 1m,DODOXUSDT,0,2026-07-23 06:30:36.480665+00,2026-07-23 06:34:31.641574+00,0.0195610,0.0193654,0.02059035,0.0193654,-1.619323347477,sl_hit
FVG - 1m,VELVETUSDT,1,2026-07-24 06:42:22.037883+00,2026-07-24 06:43:18.539831+00,0.4294000,0.43096,0.396875,0.43096,-0.665164415464,sl_hit
Scalping Clone,LISTAUSDT,0,2026-07-03 07:39:32.580542+00,2026-07-03 12:00:01.155036+00,0.051000000000,0.049659720000,0.054049140000,0.051200000000,0.468000000000,timeout
FVG - 1m,SCRUSDT,0,2026-07-25 17:31:07.230956+00,2026-07-25 17:38:55.331796+00,0.02278000,0.0226855,0.0236335,0.0226855,-0.742007462687,sl_hit
FVG - 15m,HEMIUSDT,0,2026-07-22 08:21:34.33494+00,2026-07-22 17:42:28.230002+00,0.0051850,0.0050347,0.00643595,0.0050347,-4.48133114754113114774880,sl_hit
FVG - 1m,HEIUSDT,1,2026-07-24 05:52:07.359382+00,2026-07-24 06:39:40.596308+00,0.105950,0.1066585,0.103388,0.1066585,-1.123468711657,sl_hit
FVG - 15m,PHAROSUSDT,1,2026-07-29 15:27:04.685666+00,2026-07-29 20:56:05.930812+00,0.4229000,0.425675,0.402645,0.425675,-1.11949160558048215374000,sl_hit
FVG - 15m,MVLLUSDT,0,2026-07-25 03:43:04.222937+00,2026-07-25 16:36:04.65861+00,22.43000,22.361,25.193,22.361,-0.596284440481678184000,sl_hit
FVG - 1m,BRUSDT,0,2026-07-23 13:49:37.590589+00,2026-07-23 15:39:00.81858+00,0.1381600,0.1291155,0.145476,0.145476,7.819787492762,tp_hit
FVG - 1m,BTWUSDT,1,2026-07-22 08:37:04.652615+00,2026-07-22 08:46:26.045408+00,0.0693000,0.0696525,0.0675715,0.0696525,-0.883292207792,sl_hit
FVG - 5m,SYNUSDT,1,2026-07-23 06:30:42.590826+00,2026-07-23 06:32:21.776528+00,0.1445000,0.144755,0.12957,0.144755,-0.384811764706,sl_hit
FVG - 15m,VELVETUSDT,0,2026-07-27 23:51:31.395023+00,2026-07-28 18:10:20.078041+00,0.4010000,0.398475,0.44763,0.398475,-1.09482044887836659111000,timeout
FVG - 1m,BLESSUSDT,1,2026-07-24 17:20:50.519136+00,2026-07-24 17:21:29.283036+00,0.0083870,0.00841605,0.00818885,0.00841605,-0.639761893407,sl_hit
FVG - 5m,SNXXUSDT,0,2026-07-25 03:43:16.94956+00,2026-07-25 16:38:44.682581+00,14.53000,14.3335,16.008,14.49000,-0.547639366827,timeout
FVG - 1m,OUSDT,1,2026-07-25 17:53:00.562389+00,2026-07-25 17:53:04.987809+00,0.5031000,0.503865,0.490315,0.503865,-0.348177101968,sl_hit
FVG - 5m,BRUSDT,0,2026-07-23 13:49:41.570397+00,2026-07-23 16:26:38.114198+00,0.1381000,0.1294735,0.148532,0.148532,11.206387255612,tp_hit
FVG - 1m,ESPORTSUSDT,1,2026-07-23 06:44:29.697217+00,2026-07-23 07:27:14.310901+00,0.0297400,0.0298145,0.0290465,0.0298145,-0.495906859449,sl_hit
Standard Scalping,BASEDUSDT,0,2026-07-04 04:15:11.249712+00,2026-07-04 04:32:37.454457+00,0.101030000000,0.098462170000,0.109972390000,0.098460000000,-3.934172028110,sl_hit
Standard Scalping,AAOIUSDT,0,2026-07-30 20:28:58.354909+00,2026-07-31 01:07:42.83997+00,91.77000,89.907688,97.756,97.756,9.645025498528130114000,tp_hit
FVG - 1m,TRUSTUSDT,0,2026-07-24 06:59:25.620868+00,2026-07-24 09:07:11.85081+00,0.0517500,0.0515135,0.0531475,0.0515135,-0.805233043478,sl_hit
FVG - 1m,GOOGLUSDT,1,2026-07-22 20:30:08.141604+00,2026-07-22 20:59:35.717857+00,342.33000,343.741,332.212,332.212,4.315214792748,tp_hit
FVG - 1m,INTCUSDT,1,2026-07-23 20:37:35.571134+00,2026-07-23 21:05:43.026181+00,109.59000,110.81,100.377,110.81,-1.790528332876,sl_hit
FVG - 1m,RIFUSDT,0,2026-07-25 04:21:07.990896+00,2026-07-25 04:25:43.721933+00,0.1015400,0.100608,0.1071145,0.100608,-1.496246602324,sl_hit
FVG - 1m,ONUSDT,1,2026-07-24 07:15:09.385396+00,2026-07-24 07:16:28.938598+00,0.1689200,0.1706275,0.159205,0.1706275,-1.636856796116,sl_hit
FVG - 1m,WLDUSDT,0,2026-07-24 22:31:02.73748+00,2026-07-25 00:00:13.778865+00,0.3474000,0.34641,0.35763,0.34641,-0.547290155440,sl_hit
FVG - 1m,ONDSUSDT,1,2026-07-24 17:39:15.632408+00,2026-07-24 19:34:00.049628+00,7.93000,7.9515,7.769,7.9515,-0.526846153846,sl_hit
Standard Scalping,ALLOUSDT,0,2026-07-05 02:09:34.457588+00,2026-07-05 02:39:26.488215+00,0.359770000000,0.352701390000,0.384960140000,0.352610000000,-3.104046474136,sl_hit
FVG - 15m,SYNUSDT,0,2026-07-25 18:13:24.986205+00,2026-07-26 05:52:44.626011+00,0.1707000,0.16333,0.18782,0.16333,-6.593683655536,sl_hit
FVG - 5m,PHAROSUSDT,1,2026-07-23 06:44:35.509744+00,2026-07-23 07:34:10.174479+00,0.4087000,0.41394,0.385545,0.385545,8.381686567164,tp_hit
FVG - 5m,SOXSUSDT,0,2026-07-22 20:43:31.629791+00,2026-07-22 21:00:14.665581+00,44.46000,43.951,46.7925,43.951,-1.836587044534,sl_hit
FVG - 1m,ARXUSDT,0,2026-07-23 06:57:37.175043+00,2026-07-23 07:13:02.853371+00,0.1631000,0.161925,0.167,0.161925,-1.200193133047,sl_hit
FVG - 1m,ACEUSDT,1,2026-07-24 17:57:21.758968+00,2026-07-24 21:47:18.744458+00,0.105480,0.1061495,0.093353,0.1061495,-1.072457053470,sl_hit
FVG - 1m,UAIUSDT,0,2026-07-25 18:13:38.011026+00,2026-07-25 23:31:06.958829+00,0.3304000,0.32964,0.3373,0.3304000,-0.120000000000,timeout
Standard Scalping,SENTUSDT,0,2026-07-03 16:36:58.475625+00,2026-07-03 18:18:55.764283+00,0.014870000000,0.014610370000,0.015868720000,0.014580000000,-3.059031607263,sl_hit
Standard Scalping,CVXUSDT,0,2026-07-27 00:14:47.839697+00,2026-07-27 02:23:47.928451+00,1.387000,1.36586212,1.45358432,1.382000,-0.660519105984,timeout
FVG - 5m,ZAMAUSDT,1,2026-07-23 06:57:42.002637+00,2026-07-23 07:30:32.60394+00,0.0497400,0.0499685,0.045898,0.0499685,-0.809358866104,sl_hit
FVG - 1m,CHILLGUYUSDT,0,2026-07-24 20:16:59.21377+00,2026-07-24 20:25:37.400579+00,0.0106250,0.0104954,0.0127789,0.0104954,-1.948915200000,sl_hit
FVG - 1m,CLOUSDT,1,2026-07-24 21:48:14.812827+00,2026-07-24 22:27:12.877009+00,0.1276000,0.128377,0.12569,0.128377,-1.04875133228833856067100,sl_hit
FVG - 1m,ARMUSDT,1,2026-07-23 21:04:44.269265+00,2026-07-24 02:08:46.651323+00,295.16000,297.846,287.259,287.259,3.882189354923944626000,tp_hit
Scalping Clone,龙虾USDT,0,2026-07-05 03:40:11.207511+00,2026-07-05 09:34:49.09417+00,0.014367000000,0.013658840000,0.015961700000,0.014141000000,-2.494020672374,timeout
FVG - 1m,TNSRUSDT,1,2026-07-25 02:38:18.093125+00,2026-07-25 04:06:44.53299+00,0.0340500,0.0343565,0.033276,0.0343565,-1.470760352423,sl_hit
FVG - 1m,DOGSUSDT,0,2026-07-25 18:31:27.817025+00,2026-07-25 18:33:46.636433+00,0.00003847,0.00003805,0.00003982,0.00003805,-1.756984663374,sl_hit
FVG - 1m,VANAUSDT,0,2026-07-24 18:16:13.494951+00,2026-07-24 19:00:44.935498+00,1.223000,1.22085,1.24855,1.22085,-0.383590351594,sl_hit
FVG - 1m,APRUSDT,0,2026-07-24 07:34:28.619321+00,2026-07-24 14:57:42.50617+00,0.2044000,0.192365,0.22205,0.22205,12.827363013698,tp_hit
Standard Scalping,ORDERUSDT,0,2026-07-24 08:07:06.974659+00,2026-07-24 18:14:51.934261+00,0.0347700,0.03408655,0.03700588,0.03700588,9.521870785159,tp_hit
FVG - 1m,TLMUSDT,0,2026-07-24 22:44:38.197629+00,2026-07-24 23:32:16.328365+00,0.0018270,0.00181755,0.00188535,0.00181755,-0.895551724138,sl_hit
FVG - 1m,BASUSDT,0,2026-07-22 21:09:51.403003+00,2026-07-22 21:24:33.727847+00,0.0312520,0.03122325,0.0318339,0.03122325,-0.257935972098,sl_hit
FVG - 1m,EULUSDT,1,2026-07-25 04:36:56.400665+00,2026-07-25 04:37:04.417378+00,1.208400,1.21095,1.162055,1.21095,-0.436660873883,sl_hit
FVG - 1m,SOXSUSDT,0,2026-07-23 21:20:23.626982+00,2026-07-23 21:21:18.780742+00,44.85000,44.734,45.851,44.734,-0.507804682275,sl_hit
Scalping Clone,ORDERUSDT,0,2026-07-24 08:07:03.178031+00,2026-07-25 03:07:39.363732+00,0.0347600,0.0333735,0.03852376,0.0347400,-0.221996547756,timeout
FVG - 1m,HANAUSDT,0,2026-07-25 04:51:35.429814+00,2026-07-25 04:51:40.99634+00,0.0262500,0.0262455,0.027585,0.0262455,-0.145704000000,sl_hit
FVG - 5m,BSBUSDT,1,2026-07-22 21:09:59.126866+00,2026-07-22 21:42:20.441021+00,0.1491700,0.1506115,0.143042,0.143042,6.044561775156,tp_hit
Standard Scalping,HBARUSDT,0,2026-07-04 22:58:37.416437+00,2026-07-04 23:15:01.032794+00,0.077090000000,0.076234300000,0.080084950000,0.076180000000,-1.889949409781,sl_hit
Standard Scalping,BLUAIUSDT,0,2026-07-07 14:39:34.49164+00,2026-07-07 15:08:39.603395+00,0.015962000000,0.015557280000,0.017495510000,0.015528000000,-4.211738190703,sl_hit
FVG - 1m,BILLUSDT,1,2026-07-23 14:19:25.934601+00,2026-07-23 14:19:55.635258+00,0.0268000,0.0271055,0.025659,0.0271055,-1.830572014925,sl_hit
FVG - 5m,TOWNSUSDT,1,2026-07-24 22:44:44.287084+00,2026-07-24 22:54:43.993646+00,0.0022310,0.0022471,0.00212255,0.0022471,-1.202907216495,sl_hit
FVG - 1m,ZKCUSDT,1,2026-07-23 07:27:40.820304+00,2026-07-23 07:32:25.008271+00,0.0471100,0.0475155,0.043693,0.0475155,-1.411643600085,sl_hit
FVG - 1m,GUNUSDT,0,2026-07-22 21:24:42.193817+00,2026-07-22 21:35:11.508163+00,0.0038560,0.0038471,0.0039575,0.0038471,-0.466075207469,sl_hit
FVG - 1m,AVAAIUSDT,1,2026-07-24 03:09:50.709472+00,2026-07-24 08:23:20.638075+00,0.0080910,0.0083054,0.0077466,0.0080840,0.009825732295,timeout
FVG - 5m,BSBUSDT,0,2026-07-23 07:27:46.99635+00,2026-07-23 07:34:46.238297+00,0.1396800,0.1391685,0.1462775,0.1391685,-0.669071520618,sl_hit
FVG - 15m,1000XECUSDT,0,2026-07-23 21:34:06.833216+00,2026-07-24 00:03:50.26254+00,0.0072460,0.0071821,0.00786095,0.0071821,-1.442269666023,sl_hit
FVG - 15m,TAGUSDT,0,2026-07-24 00:45:39.931729+00,2026-07-24 18:34:56.477434+00,0.0010080,0.0009942,0.0010818,0.0010010,-1.176220238095,timeout
FVG - 5m,OPNUSDT,0,2026-07-24 20:31:41.355878+00,2026-07-24 20:32:25.376607+00,0.0621100,0.0619965,0.0656775,0.0619965,-0.394000805023,sl_hit
FVG - 1m,AXTIUSDT,1,2026-07-23 14:33:58.376756+00,2026-07-23 14:37:38.21719+00,54.78000,55.3155,53.3695,55.3155,-1.586906352684,sl_hit
FVG - 5m,TSLAUSDT,0,2026-07-23 21:59:18.641228+00,2026-07-24 02:23:07.296961+00,323.98000,322.872,339.5665,322.872,-0.647805173158457216000,sl_hit
FVG - 1m,EVAAUSDT,1,2026-07-24 08:39:20.631181+00,2026-07-24 08:51:41.422613+00,0.842600,0.884325,0.80297,0.884325,-7.550872893425,sl_hit
Scalping Clone,SCRTUSDT,0,2026-07-05 12:37:28.762676+00,2026-07-06 02:21:31.085916+00,0.052820000000,0.050059590000,0.059132670000,0.052500000000,-1.044104505869,timeout
FVG - 1m,SAPIENUSDT,1,2026-07-22 21:37:46.976291+00,2026-07-22 21:38:23.92357+00,0.0852200,0.0853535,0.082653,0.0853535,-0.355074043652,sl_hit
FVG - 15m,IDOLUSDT,0,2026-07-24 19:10:40.789271+00,2026-07-25 06:41:19.205469+00,0.0154700,0.0148695,0.019919,0.0148695,-5.96977504848116160289400,sl_hit
FVG - 1m,NEWTUSDT,1,2026-07-23 07:40:49.469769+00,2026-07-23 07:41:25.475636+00,0.0459400,0.046016,0.045142,0.046016,-0.368249020461,sl_hit
FVG - 1m,MAVUSDT,1,2026-07-23 22:12:36.652908+00,2026-07-24 03:09:08.046482+00,0.0090000,0.009066,0.008822,0.009066,-1.23537333333333333363200,sl_hit
FVG - 5m,TAIKOUSDT,0,2026-07-24 20:47:14.551986+00,2026-07-24 22:01:23.339833+00,0.0830000,0.0825715,0.0874565,0.0825715,-0.90908240963825301534700,sl_hit
Standard Scalping,CAPUSDT,0,2026-07-23 07:41:13.750232+00,2026-07-23 10:42:04.800387+00,0.0227700,0.02221122,0.02453014,0.0227200,-0.464341238471,timeout
Standard Scalping,IOTXUSDT,0,2026-07-25 21:38:42.252728+00,2026-07-25 23:45:34.631695+00,0.0023320,0.00229617,0.0023904,0.0023290,-0.312890222985,timeout
FVG - 1m,POWERUSDT,0,2026-07-24 19:10:51.328363+00,2026-07-24 19:38:28.65509+00,0.0911300,0.0908175,0.093474,0.0908175,-0.634169318556,sl_hit
FVG - 1m,XPINUSDT,0,2026-07-23 14:48:25.188757+00,2026-07-23 14:50:56.207262+00,0.0013980,0.00139355,0.00143885,0.00139355,-0.597276824035,sl_hit
FVG - 1m,LAUSDT,1,2026-07-25 05:05:34.035416+00,2026-07-25 05:15:03.036726+00,0.064900,0.0654565,0.063539,0.0654565,-1.406724036980,sl_hit
FVG - 5m,HANAUSDT,1,2026-07-23 07:40:57.337854+00,2026-07-23 08:31:37.400202+00,0.0330800,0.0351765,0.031779,0.031779,5.781694679564,tp_hit
Standard Scalping,PRLUSDT,0,2026-07-27 08:13:56.574431+00,2026-07-27 10:25:47.259337+00,0.1844000,0.18010717,0.19942491,0.1831000,-1.191938720174,timeout
FVG - 1m,BULLAUSDT,0,2026-07-24 08:55:05.219317+00,2026-07-24 09:11:49.509067+00,0.0115470,0.0114051,0.0118372,0.0118372,3.648302416212,tp_hit
FVG - 1m,ZILUSDT,0,2026-07-25 05:22:17.62136+00,2026-07-25 05:30:27.953729+00,0.0026300,0.00261925,0.0027753,0.00261925,-0.732872623574,sl_hit
FVG - 5m,EPICUSDT,1,2026-07-25 17:00:33.666085+00,2026-07-25 23:03:04.370844+00,0.690700,0.69337,0.64405,0.69337,-0.700078471116,sl_hit
FVG - 5m,WLFIUSDT,1,2026-07-23 14:48:31.860788+00,2026-07-23 14:51:31.521846+00,0.0609900,0.0610775,0.0565785,0.0610775,-0.335285292671,sl_hit
FVG - 5m,SHAZUSDT,0,2026-07-24 23:27:59.341869+00,2026-07-24 23:52:15.681594+00,65.00000,64.8505,68.033,64.8505,-0.464862000000,sl_hit
FVG - 1m,IDOLUSDT,0,2026-07-23 15:02:21.945087+00,2026-07-23 15:05:32.718855+00,0.0144900,0.014471,0.0161915,0.014471,-0.316608695652,sl_hit
FVG - 1m,SKLUSDT,0,2026-07-24 09:12:57.097727+00,2026-07-24 13:51:53.318186+00,0.0040080,0.00395793,0.0041121,0.00395793,-1.993127694611,sl_hit
FVG - 1m,SOXLUSDT,0,2026-07-24 21:01:53.610458+00,2026-07-24 21:02:16.356977+00,137.01000,136.946,140.1495,136.946,-0.190039851106,sl_hit
FVG - 1m,BEUSDT,0,2026-07-24 20:47:08.477313+00,2026-07-24 22:11:23.18279+00,187.81000,187.0705,194.1595,187.0705,-0.725395239870171603000,sl_hit
FVG - 1m,RIFUSDT,0,2026-07-24 19:44:58.841246+00,2026-07-24 19:46:16.229872+00,0.0978900,0.097172,0.101847,0.097172,-1.219774440698,sl_hit
FVG - 15m,币安人生USDT,1,2026-07-23 23:33:30.841238+00,2026-07-25 01:11:29.87502+00,0.6866000,0.68908,0.627994,0.627994,12.65960509758247535204000,tp_hit
FVG - 5m,ANTHROPICUSDT,1,2026-07-24 00:03:59.845449+00,2026-07-24 13:51:48.689987+00,1562.89000,1571.0025,1513.281,1513.281,4.628196603711683657000,tp_hit
Standard Scalping,EDENUSDT,0,2026-07-27 10:37:52.640722+00,2026-07-27 11:53:18.989105+00,0.0444700,0.04357169,0.04725818,0.04357169,-3.148841947380,sl_hit
Standard Scalping,KGENUSDT,0,2026-07-28 01:33:17.503204+00,2026-07-28 05:45:06.273206+00,0.2093000,0.20330299,0.22734739,0.2066000,-2.054247491639,timeout
FVG - 5m,AAOIUSDT,1,2026-07-23 15:02:29.815428+00,2026-07-23 16:20:40.539329+00,113.90000,114.878,108.199,114.878,-1.408487093942,sl_hit
FVG - 1m,ESPORTSUSDT,1,2026-07-24 21:17:37.739304+00,2026-07-24 21:29:08.753507+00,0.0463800,0.046617,0.0454065,0.046617,-0.886800776196,sl_hit
Scalping Clone,CAPUSDT,0,2026-07-23 07:41:09.859801+00,2026-07-23 10:41:58.354932+00,0.0227600,0.02165245,0.02574464,0.0227300,-0.332735061511,timeout
FVG - 1m,VELVETUSDT,1,2026-07-23 22:39:29.840153+00,2026-07-23 22:39:42.138951+00,0.4656000,0.46726,0.45492,0.46726,-0.655007731959,sl_hit
Standard Scalping,PARTIUSDT,0,2026-07-27 11:14:25.163093+00,2026-07-27 11:23:55.252963+00,0.0290600,0.02861538,0.0296585,0.02861538,-2.414092319340,sl_hit
Scalping Clone,STARUSDT,0,2026-07-25 05:22:32.918526+00,2026-07-25 16:38:52.49373+00,0.1242200,0.11788478,0.14295641,0.1207800,-4.287638061504,timeout
FVG - 1m,B2USDT,1,2026-07-24 21:33:20.267578+00,2026-07-24 22:42:54.556613+00,0.4188000,0.41925,0.406985,0.41925,-0.29606733524322636720000,sl_hit
Standard Scalping,TERUSDT,0,2026-07-07 20:11:02.253012+00,2026-07-07 23:42:49.345761+00,349.070000000000,342.430688600000,372.307589900000,342.350000000000,-3.021385538717,sl_hit
FVG - 1m,MITOUSDT,1,2026-07-23 07:55:13.813494+00,2026-07-23 08:58:42.137193+00,0.0242000,0.0243135,0.02367,0.02367,3.166438016529,tp_hit
FVG - 1m,HOMEUSDT,1,2026-07-23 23:20:35.750732+00,2026-07-24 00:11:25.042531+00,0.0059460,0.0060426,0.0057938,0.0057938,3.721091826438,tp_hit
FVG - 1m,SNXXUSDT,1,2026-07-23 15:17:20.517283+00,2026-07-23 15:17:27.473868+00,18.64000,18.646,17.826,18.646,-0.168302575108,sl_hit
FVG - 5m,ZKPUSDT,0,2026-07-23 07:55:19.904797+00,2026-07-23 08:04:59.836982+00,0.0480600,0.0478895,0.049725,0.0478895,-0.651934456929,sl_hit
FVG - 5m,ACXUSDT,1,2026-07-24 14:13:45.514651+00,2026-07-25 01:39:10.550944+00,0.0412400,0.041646,0.0385035,0.0413000,-0.352961930164,timeout
Standard Scalping,STARUSDT,0,2026-07-25 05:22:36.096892+00,2026-07-25 16:36:05.130934+00,0.1243600,0.12118882,0.13545913,0.12118882,-3.95883185268575104313600,sl_hit
FVG - 5m,AGTUSDT,0,2026-07-24 03:31:28.677213+00,2026-07-26 06:26:18.908187+00,0.0140940,0.0128738,0.0151831,0.0151831,11.43549978714348190652320,tp_hit
Standard Scalping,BMNRUSDT,0,2026-07-27 16:25:59.30711+00,2026-07-27 22:53:21.067531+00,17.58000,17.3173548,18.40733238,17.58000,-0.120000000000,timeout
FVG - 1m,ONUSDT,0,2026-07-25 05:36:36.649794+00,2026-07-25 06:25:27.073479+00,0.1357100,0.13396292,0.1437125,0.1437125,8.70609682411021154772500,tp_hit
FVG - 15m,ZAMAUSDT,0,2026-07-25 17:00:12.470143+00,2026-07-26 05:15:32.878034+00,0.0543400,0.0520835,0.063563,0.0520835,-6.346345417740,sl_hit
FVG - 15m,LPTUSDT,0,2026-07-28 09:52:58.690793+00,2026-07-28 09:55:27.213349+00,1.353,1.3507,1.53435,1.3507,-0.374886917960,sl_hit
FVG - 15m,1000SHIBUSDT,0,2026-07-28 22:17:46.642928+00,2026-07-28 22:59:09.518396+00,0.004654,0.0046102,0.00498405,0.0046102,-1.531124194241,sl_hit
FVG - 1m,CAPUSDT,0,2026-07-25 05:50:37.31266+00,2026-07-25 07:22:43.711693+00,0.0227100,0.022548,0.023855,0.022548,-1.20465125495415059404500,sl_hit
FVG - 15m,AIAUSDT,0,2026-07-24 22:15:45.034128+00,2026-07-25 01:50:15.179659+00,0.0688000,0.067921,0.0733865,0.067921,-2.035657848838,sl_hit
FVG - 1m,METUSDT,1,2026-07-24 22:15:55.635138+00,2026-07-24 22:37:10.257427+00,0.1608000,0.16212,0.15706,0.16212,-1.351835820895,sl_hit
FVG - 15m,GWEIUSDT,1,2026-07-25 06:42:08.714543+00,2026-07-25 07:19:23.64723+00,0.0263300,0.0274745,0.0232715,0.0274745,-6.642737181922,sl_hit
FVG - 5m,INTCUSDT,0,2026-07-25 00:16:35.483049+00,2026-07-27 13:54:58.184289+00,92.23000,91.5955,98.7995,92.00000,-0.555245581698,timeout
Standard Scalping,DODOXUSDT,0,2026-07-27 18:41:37.042162+00,2026-07-27 21:24:49.112262+00,0.0188240,0.01816361,0.0200046,0.0187910,-0.382856991076,timeout
FVG - 15m,WDCUSDT,1,2026-07-28 23:24:43.765326+00,2026-07-28 23:31:21.363847+00,462.17000,465.944,426.646,465.944,-1.345363913710,sl_hit
FVG - 15m,BANKUSDT,1,2026-07-28 08:04:39.090173+00,2026-07-28 09:46:18.261613+00,0.3227200,0.331279,0.266774,0.266774,25.894057882994,tp_hit
Standard Scalping,ACHUSDT,0,2026-07-29 11:23:45.292011+00,2026-07-29 11:31:09.707296+00,0.0051640,0.00503081,0.00555146,0.00503081,-3.987255731991,sl_hit
Standard Scalping,BILLUSDT,0,2026-07-29 02:19:20.961726+00,2026-07-29 03:14:38.96667+00,0.0245500,0.02409386,0.02596764,0.02409386,-2.905891307536,sl_hit
Standard Scalping,GTCUSDT,0,2026-07-28 23:10:05.011573+00,2026-07-29 00:47:57.003161+00,0.078680,0.07613077,0.08602179,0.07613077,-4.9927566878494173840760,sl_hit
Standard Scalping,SAPIENUSDT,0,2026-07-27 20:22:55.997268+00,2026-07-27 21:13:19.460565+00,0.0859300,0.08423374,0.09081522,0.08423374,-3.079818740835,sl_hit
FVG - 15m,DEXEUSDT,0,2026-07-29 21:08:28.973701+00,2026-07-30 00:07:00.500646+00,2.789000,2.7071,3.13985,2.7071,-4.523042667623,sl_hit
FVG - 15m,LAUSDT,0,2026-07-28 10:06:09.058669+00,2026-07-28 12:05:44.113712+00,0.066030,0.0633405,0.0864315,0.0633405,-6.227278964108,sl_hit
FVG - 15m,BEATUSDT,0,2026-07-28 23:37:18.738052+00,2026-07-28 23:52:09.537798+00,3.4280000,3.41325,4.0022,3.41325,-0.78019690781830570920000,sl_hit
FVG - 15m,NILUSDT,0,2026-07-29 13:58:40.162005+00,2026-07-29 14:13:11.706008+00,0.034290,0.0340035,0.0403445,0.0340035,-1.372779527559,sl_hit
FVG - 15m,AIAUSDT,0,2026-07-27 21:23:30.424679+00,2026-07-27 22:02:20.253671+00,0.0596300,0.0593645,0.0660625,0.0593645,-0.787601375147,sl_hit
Standard Scalping,FETUSDT,0,2026-07-26 01:58:17.967656+00,2026-07-26 05:54:26.429353+00,0.1593000,0.15735973,0.16488799,0.1590000,-0.402372881356,timeout
FVG - 15m,SOXLUSDT,0,2026-07-29 11:51:33.547115+00,2026-07-29 12:30:24.101116+00,107.90000,105.2815,126.4885,105.2815,-3.758720018535,sl_hit
Standard Scalping,CAPUSDT,0,2026-07-30 09:29:04.165282+00,2026-07-30 09:34:10.406623+00,0.0274000,0.02649763,0.0277815,0.0277815,1.967668248175,tp_hit
FVG - 15m,HK1810USDT,1,2026-07-29 20:14:49.033952+00,2026-07-29 20:18:03.657111+00,31.85000,31.8945,30.213,31.8945,-0.329659968603,sl_hit
Standard Scalping,TAGUSDT,0,2026-07-26 03:52:56.682125+00,2026-07-26 05:54:32.058051+00,0.0010560,0.00104276,0.00109198,0.0010480,-1.255909090909,timeout
FVG - 15m,TACUSDT,0,2026-07-28 04:09:47.933156+00,2026-07-28 06:33:27.137973+00,0.0031490,0.00310345,0.00334715,0.00310345,-2.288868529692,sl_hit
FVG - 15m,DIAUSDT,0,2026-07-29 14:13:03.643744+00,2026-07-29 15:14:47.719783+00,0.1157000,0.11432,0.142115,0.11432,-1.908394122731,sl_hit
FVG - 15m,EVAAUSDT,0,2026-07-30 01:28:24.220719+00,2026-07-30 01:47:55.897978+00,0.722300,0.716635,0.807005,0.716635,-1.295979648346,sl_hit
FVG - 15m,NIGHTUSDT,0,2026-07-29 21:15:02.745605+00,2026-07-29 21:34:48.818325+00,0.0183500,0.0181875,0.019413,0.0181875,-1.447806539509,sl_hit
Standard Scalping,TOSHIUSDT,0,2026-07-26 07:19:43.097273+00,2026-07-26 08:19:17.522861+00,0.0001153,0.00011385,0.00011988,0.00011385,-2.02071986123130702514880,sl_hit
Standard Scalping,AGTUSDT,0,2026-07-26 07:19:34.432411+00,2026-07-26 07:27:45.25165+00,0.0149570,0.01452695,0.01645691,0.01452695,-4.431138396737,sl_hit
FVG - 15m,BROCCOLIF3BUSDT,0,2026-07-29 00:04:17.954599+00,2026-07-29 03:40:44.724933+00,0.0055180,0.0052332,0.00744585,0.0052332,-7.858838709677,sl_hit
Standard Scalping,ACHUSDT,0,2026-07-28 15:55:48.670599+00,2026-07-28 16:49:48.311543+00,0.0043680,0.00424853,0.00469656,0.00424853,-4.221037500000,sl_hit
FVG - 15m,CAPUSDT,1,2026-07-29 04:25:36.275589+00,2026-07-29 08:39:26.156896+00,0.0247100,0.025142,0.022989,0.022989,10.31671833265844678155900,tp_hit
FVG - 15m,DEXEUSDT,0,2026-07-27 21:41:00.746774+00,2026-07-27 22:33:28.367608+00,2.704000,2.63465,3.77145,2.63465,-3.965539571006,sl_hit
Standard Scalping,PTBUSDT,0,2026-08-05 14:29:21.869332+00,2026-08-05 22:47:00.510745+00,0.0008940,0.00086097,0.00098009,0.0008935,-0.219587248322,timeout
FVG - 15m,RIFUSDT,1,2026-07-28 11:12:16.095405+00,2026-07-28 12:05:27.043231+00,0.0793200,0.0803195,0.070395,0.0803195,-2.010884644478,sl_hit
Standard Scalping,PEOPLEUSDT,0,2026-07-26 08:01:32.132629+00,2026-07-26 08:54:29.464541+00,0.0062080,0.00606646,0.00661564,0.00606646,-3.538574033505,sl_hit
FVG - 15m,BTWUSDT,0,2026-07-28 15:13:06.79353+00,2026-07-28 22:15:41.357668+00,0.0784700,0.076863,0.09631,0.09631,33.95336306868847190280000,tp_hit
FVG - 15m,龙虾USDT,0,2026-07-28 12:36:38.759119+00,2026-07-29 07:43:13.36806+00,0.0177990,0.0177697,0.01914725,0.01914725,11.20675543569825653048720,tp_hit
Standard Scalping,SAMSUNGUSDT,0,2026-07-30 23:02:49.656993+00,2026-07-30 23:04:35.739819+00,170.37000,168.1196896,174.4555,168.1196896,-2.100463352563,sl_hit
FVG - 15m,AXTIUSDT,1,2026-07-28 00:10:54.173706+00,2026-07-28 11:08:50.860445+00,47.14000,47.8185,44.571,44.571,8.043304836657365044000,tp_hit
Standard Scalping,PTBUSDT,0,2026-07-29 12:19:38.003809+00,2026-07-29 12:34:27.892234+00,0.0006733,0.00065504,0.00070701,0.00065504,-4.186395960196,sl_hit
FVG - 15m,COTIUSDT,1,2026-07-29 18:30:59.394286+00,2026-07-29 18:32:37.025294+00,0.0156790,0.01581175,0.0121027,0.01581175,-1.390518846865,sl_hit
FVG - 15m,BULLAUSDT,1,2026-07-29 08:10:03.173445+00,2026-07-29 11:39:14.51678+00,0.0152520,0.01571335,0.01360815,0.01571335,-4.659088709677,sl_hit
FVG - 15m,ZHIPUUSDT,0,2026-07-29 12:47:21.800745+00,2026-07-29 13:04:08.775421+00,133.84000,133.391,148.4365,133.391,-0.623011506276,sl_hit
Standard Scalping,CROSSUSDT,0,2026-07-26 11:23:26.072633+00,2026-07-26 13:22:41.270314+00,0.0899100,0.0878169,0.09593814,0.09593814,9.932934174174,tp_hit
Standard Scalping,1000RATSUSDT,0,2026-07-29 03:57:26.120822+00,2026-07-29 06:04:05.607674+00,0.0267600,0.02639597,0.02798968,0.0264100,-2.081098654709,timeout
FVG - 15m,BANKUSDT,0,2026-07-29 07:54:33.547083+00,2026-07-29 08:09:13.832507+00,0.1836500,0.1788695,0.4037545,0.1788695,-4.023012088211,sl_hit
Standard Scalping,TERUSDT,0,2026-07-28 22:57:35.483274+00,2026-07-29 01:11:02.065573+00,359.70000,345.5467592,403.0997335,358.23000,-0.747833194328,timeout
FVG - 15m,GWEIUSDT,0,2026-07-27 21:56:16.734996+00,2026-07-27 22:15:09.673949+00,0.0188200,0.0186795,0.021775,0.0186795,-1.239371413390,sl_hit
FVG - 15m,ONUSDT,1,2026-07-29 03:42:50.954275+00,2026-07-29 04:00:40.175966+00,0.2926000,0.312568,0.217136,0.312568,-10.360594941901,sl_hit
FVG - 15m,4USDT,0,2026-07-28 12:08:07.026822+00,2026-07-28 15:12:52.098434+00,0.0091750,0.0091037,0.010029,0.0091037,-1.285201307902,sl_hit
Standard Scalping,PEOPLEUSDT,0,2026-07-28 12:08:22.819083+00,2026-07-28 13:09:14.213101+00,0.0071460,0.00696885,0.00766785,0.00696885,-3.837026448362,sl_hit
Standard Scalping,FLOWUSDT,0,2026-07-29 05:50:19.346631+00,2026-07-29 06:37:29.845502+00,0.0271500,0.02663849,0.02862314,0.02663849,-2.944891690608,sl_hit
Standard Scalping,EPICUSDT,0,2026-07-30 07:34:23.29446+00,2026-07-30 07:34:58.697613+00,0.753200,0.72641059,0.83219164,0.72641059,-5.452984778810,sl_hit
Standard Scalping,MUUUSDT,0,2026-07-29 00:17:27.554223+00,2026-07-29 00:31:00.610612+00,26.16000,24.9483844,29.752,24.9483844,-7.064558221101,sl_hit
Standard Scalping,LAUSDT,0,2026-07-26 15:58:07.414692+00,2026-07-26 18:06:31.081743+00,0.077120,0.07387472,0.08609763,0.075390,-3.483539937759,timeout
FVG - 15m,VVVUSDT,0,2026-07-28 06:39:10.733541+00,2026-07-28 07:41:31.633836+00,12.696000,12.5981,13.65905,12.5981,-1.276200850662,sl_hit
FVG - 15m,BARDUSDT,0,2026-07-28 18:11:05.163398+00,2026-07-29 03:32:29.223176+00,0.1120000,0.111425,0.119155,0.111425,-0.90503571428571428246000,sl_hit
FVG - 15m,NILUSDT,0,2026-07-28 12:21:49.746823+00,2026-07-28 12:22:38.828431+00,0.037170,0.0370835,0.042052,0.0370835,-0.468932203390,sl_hit
FVG - 15m,MVLLUSDT,1,2026-07-27 22:10:35.512397+00,2026-07-28 00:04:27.251118+00,21.14000,21.2375,19.767,21.2375,-0.826830652791232013000,sl_hit
Standard Scalping,ZAMAUSDT,0,2026-07-29 10:41:19.92633+00,2026-07-29 12:47:59.257347+00,0.0652100,0.063645,0.07005676,0.0642600,-2.304373562337,timeout
FVG - 15m,TACUSDT,0,2026-07-25 17:26:10.090733+00,2026-07-26 03:05:32.987221+00,0.003450,0.00341705,0.0037664,0.00341705,-1.552035652174,sl_hit
FVG - 15m,RIFUSDT,1,2026-07-29 03:57:05.844511+00,2026-07-29 03:59:25.903661+00,0.0832100,0.083871,0.072089,0.083871,-1.312040139407,sl_hit
Standard Scalping,CRDOUSDT,0,2026-07-31 13:41:57.611139+00,2026-07-31 13:44:45.930949+00,210.77000,208.1648828,217.5785,208.1648828,-1.973258399999,sl_hit
FVG - 15m,DODOXUSDT,0,2026-07-29 04:11:46.439981+00,2026-07-29 08:41:46.730705+00,0.0179330,0.0176885,0.0188289,0.0188289,7.35514364579212747399930,tp_hit
FVG - 15m,AXTIUSDT,0,2026-07-29 13:14:01.271229+00,2026-07-29 13:39:49.087977+00,43.25000,42.98,46.3285,42.98,-1.056041618497,sl_hit
Standard Scalping,BTWUSDT,0,2026-07-29 15:40:50.993235+00,2026-07-29 17:50:14.608229+00,0.0898300,0.08435935,0.10706254,0.0869500,-4.941956473339,timeout
FVG - 15m,SNXXUSDT,0,2026-07-29 08:49:58.282298+00,2026-07-29 13:38:49.235519+00,7.67000,7.5725,11.3875,7.5725,-2.026016949153,sl_hit
FVG - 15m,CHILLGUYUSDT,0,2026-07-29 09:03:22.453113+00,2026-07-29 09:28:44.333362+00,0.0090540,0.00902115,0.0103228,0.00902115,-0.664016898608,sl_hit
Standard Scalping,BREVUSDT,0,2026-07-30 12:43:04.884999+00,2026-07-30 12:50:22.221435+00,0.0714100,0.07027846,0.0740895,0.07027846,-2.495901240722,sl_hit
FVG - 15m,UBUSDT,0,2026-07-29 14:28:24.625294+00,2026-07-29 18:10:31.317918+00,0.1406900,0.1390465,0.158849,0.158849,19.21800383822602495035200,tp_hit
FVG - 15m,BROCCOLIF3BUSDT,0,2026-07-29 12:19:25.4522+00,2026-07-29 20:11:12.146314+00,0.0054860,0.00544205,0.0074222,0.00544205,-1.33635672621178673004740,sl_hit
Standard Scalping,AKEUSDT,0,2026-07-31 16:24:04.519082+00,2026-08-01 04:35:45.774493+00,0.0041102,0.00391509,0.0046931,0.0040681,-1.671757335410,timeout
Standard Scalping,TURBOUSDT,0,2026-07-31 23:19:53.869652+00,2026-08-01 01:33:26.402137+00,0.0008043,0.00079441,0.00082558,0.00082558,3.847080939948,tp_hit
Standard Scalping,AVAAIUSDT,0,2026-08-04 06:34:21.599311+00,2026-08-04 08:51:23.892049+00,0.0086400,0.00848843,0.00905324,0.0085730,-1.282729166666,timeout
Standard Scalping,ICXUSDT,0,2026-08-01 08:39:18.645316+00,2026-08-01 08:41:38.015029+00,0.0234200,0.02297174,0.02471099,0.02297174,-2.989859282665,sl_hit
FVG - 15m,BIRBUSDT,0,2026-07-29 18:17:01.11107+00,2026-07-29 18:25:45.310953+00,0.0505000,0.0500855,0.057433,0.0500855,-1.350695643564,sl_hit
Standard Scalping,INTWUSDT,0,2026-07-30 13:30:51.552072+00,2026-07-30 14:01:16.253186+00,18.23000,17.7358116,19.8696594,19.8696594,13.366041164892,tp_hit
Standard Scalping,VRTUSDT,0,2026-07-30 01:42:11.922106+00,2026-07-30 02:35:20.805791+00,231.38000,225.8546456,250.7187404,225.8546456,-3.700567200002,sl_hit
FVG - 15m,CHIPUSDT,0,2026-07-29 18:45:33.901942+00,2026-07-29 19:21:03.962998+00,0.0251300,0.025035,0.02695,0.025035,-0.686824512535,sl_hit
FVG - 15m,RLCUSDT,0,2026-08-02 10:57:13.610343+00,2026-08-02 18:55:34.695738+00,0.2642,0.263125,0.290655,0.263125,-0.74507759273293490400,sl_hit
FVG - 15m,BLESSUSDT,0,2026-07-29 19:42:53.786503+00,2026-07-29 20:11:12.279108+00,0.0080220,0.0079475,0.0085742,0.0079475,-1.512486910995,sl_hit
Standard Scalping,BROCCOLIF3BUSDT,0,2026-08-01 07:27:56.498642+00,2026-08-01 09:51:18.075704+00,0.0060360,0.00580521,0.00675888,0.0060420,0.029045725646,timeout
Standard Scalping,TAGUSDT,0,2026-07-31 10:54:52.570371+00,2026-07-31 11:40:31.258435+00,0.0012300,0.00120668,0.00130346,0.00130346,8.834953170732,tp_hit
FVG - 15m,BEATUSDT,1,2026-07-30 00:10:09.336752+00,2026-07-30 00:51:39.713037+00,3.8630000,3.89915,3.22655,3.89915,-1.524263266891,sl_hit
Standard Scalping,1000000BOBUSDT,0,2026-08-02 12:23:56.653255+00,2026-08-02 13:36:38.582534+00,0.0166300,0.01625483,0.01781179,0.01625483,-3.51800900781720986127000,sl_hit
FVG - 15m,MANTRAUSDT,0,2026-07-29 22:30:07.395556+00,2026-07-30 00:27:30.235625+00,0.0053240,0.0052766,0.0056933,0.0052766,-1.454927873780,sl_hit
FVG - 15m,OGNUSDT,0,2026-07-29 22:11:07.394158+00,2026-07-29 22:14:57.629535+00,0.0155600,0.015527,0.016963,0.015527,-0.437996143959,sl_hit
Standard Scalping,ROBOUSDT,0,2026-07-30 05:24:12.631637+00,2026-07-30 07:34:58.956674+00,0.0120800,0.0118082,0.01293617,0.0119600,-1.609470198676,timeout
Standard Scalping,SHAZUSDT,0,2026-07-30 08:56:45.749711+00,2026-07-30 11:52:52.260297+00,41.29000,40.509619,43.7872192,43.7872192,8.948371199999,tp_hit
FVG - 15m,CYSUSDT,1,2026-07-30 00:35:16.614279+00,2026-07-30 00:52:21.703222+00,0.2847000,0.286135,0.2554,0.286135,-0.876361433088,sl_hit
FVG - 15m,AIOUSDT,0,2026-08-04 07:35:47.848071+00,2026-08-05 22:18:08.725342+00,0.0369700,0.036396,0.045549,0.036396,-2.52884663240482148014000,sl_hit
Standard Scalping,BROCCOLI714USDT,0,2026-07-31 12:19:20.996705+00,2026-07-31 21:07:13.519595+00,0.0141900,0.01359954,0.01613295,0.0140900,-1.207653276956,timeout
Standard Scalping,NOMUSDT,0,2026-08-06 00:48:48.92593+00,2026-08-06 04:32:56.505087+00,0.0016060,0.0015717,0.00171406,0.00171406,9.968739975094,tp_hit
Standard Scalping,STXXUSDT,0,2026-07-31 13:28:10.357316+00,2026-07-31 13:44:20.315435+00,900.54000,876.1070346,991.57234101,876.1070346,-4.188091180939,sl_hit
Standard Scalping,ORDIUSDT,0,2026-08-01 12:11:20.139036+00,2026-08-01 13:41:34.864225+00,3.752000,3.67065358,4.00409122,3.67065358,-3.3856855583156696840000,sl_hit
Standard Scalping,NILUSDT,0,2026-08-02 13:49:27.847613+00,2026-08-02 13:54:42.850362+00,0.031130,0.03067764,0.03267942,0.03067764,-2.298826161259,sl_hit
Standard Scalping,CRWVUSDT,0,2026-08-04 16:38:25.406219+00,2026-08-04 19:49:05.763874+00,92.14000,90.3764404,97.69521274,91.91000,-0.494280442804,timeout
FVG - 15m,PORTALUSDT,0,2026-08-08 02:43:45.66213+00,2026-08-08 02:58:22.15354+00,0.0111200,0.011084,0.012228,0.011084,-0.605417266187,sl_hit
FVG - 15m,COTIUSDT,0,2026-08-03 16:53:25.966085+00,2026-08-04 07:30:10.901919+00,0.0114040,0.01110125,0.0132708,0.0132708,24.39377604349423570596500,tp_hit
Standard Scalping,ZEREBROUSDT,0,2026-08-04 12:23:47.051745+00,2026-08-04 18:43:25.184819+00,0.0407540,0.03975634,0.04362725,0.0402260,-2.077760219856,timeout
Standard Scalping,SCRTUSDT,0,2026-08-03 08:34:05.60632+00,2026-08-03 09:46:56.374542+00,0.0342200,0.03324062,0.03730504,0.03324062,-4.411298573933,sl_hit
Standard Scalping,VANRYUSDT,0,2026-08-05 14:13:34.293935+00,2026-08-05 15:15:28.440455+00,0.0038210,0.00366464,0.00431352,0.00366464,-6.255728448050,sl_hit
Standard Scalping,NOMUSDT,0,2026-08-03 18:03:57.029066+00,2026-08-03 20:19:40.862476+00,0.0014780,0.00145325,0.00155181,0.0014630,-1.641718538565,timeout
Standard Scalping,SHAZUSDT,0,2026-08-04 11:22:00.360942+00,2026-08-04 12:00:57.237964+00,57.44000,56.1572628,61.27312218,56.1572628,-3.468426458356,sl_hit
Standard Scalping,XANUSDT,0,2026-08-05 09:11:50.20269+00,2026-08-05 10:37:28.583486+00,0.0140620,0.0137726,0.0149736,0.0137726,-3.205808277628,sl_hit
Standard Scalping,HYPERUSDT,0,2026-08-02 10:13:19.110333+00,2026-08-02 15:46:43.436933+00,0.0669600,0.06396786,0.07549975,0.0669300,-0.202374551972,timeout
FVG - 15m,AIOUSDT,0,2026-08-02 07:35:51.736489+00,2026-08-02 10:44:48.29564+00,0.0520800,0.05108,0.062876,0.05108,-2.999032258064,sl_hit
Standard Scalping,EDENUSDT,0,2026-08-02 15:32:19.637951+00,2026-08-02 18:18:09.733868+00,0.0402900,0.03945841,0.04290949,0.04290949,9.628481772152,tp_hit
FVG - 15m,TUTUSDT,1,2026-08-06 02:07:51.54459+00,2026-08-06 02:24:58.707428+00,0.0274700,0.0278975,0.024415,0.0278975,-2.455298507463,sl_hit
Standard Scalping,SOXSUSDT,0,2026-08-04 20:33:03.503837+00,2026-08-04 22:36:15.740733+00,44.40000,43.0877552,48.43118336,43.74000,-2.363797297297,timeout
FVG - 15m,REZUSDT,0,2026-07-30 01:12:44.97407+00,2026-08-02 06:23:30.332962+00,0.0024710,0.0024657,0.00272765,0.00272765,15.29885511938483893251900,tp_hit
Standard Scalping,HIMSUSDT,0,2026-07-31 16:24:15.222026+00,2026-08-03 13:34:16.776975+00,27.37000,26.754317,28.6955,28.6955,7.003743880161052536000,tp_hit
Standard Scalping,USUSDT,0,2026-08-03 10:11:23.01618+00,2026-08-03 12:26:21.92632+00,0.0559530,0.05309536,0.0648342,0.0545000,-4.013675406144,timeout
Standard Scalping,AIOUSDT,0,2026-08-05 04:09:39.424474+00,2026-08-05 11:23:11.719899+00,0.0403900,0.03912741,0.04480907,0.03912741,-4.82197807873239588941900,sl_hit
FVG - 15m,ESPORTSUSDT,1,2026-08-06 06:33:39.504533+00,2026-08-06 07:15:31.970256+00,0.0206600,0.021028,0.0179465,0.021028,-2.792898354308,sl_hit
Standard Scalping,VELVETUSDT,0,2026-08-04 00:01:43.820335+00,2026-08-04 03:10:23.713203+00,0.4209000,0.41318576,0.44685985,0.44685985,9.127849629365,tp_hit
Standard Scalping,KMNOUSDT,0,2026-08-07 11:10:22.023607+00,2026-08-07 11:51:22.233631+00,0.0208300,0.02019665,0.02278356,0.02019665,-4.679025396064,sl_hit
Standard Scalping,KGENUSDT,0,2026-08-03 01:37:57.59061+00,2026-08-03 02:50:50.068489+00,0.2045000,0.20112594,0.2159583,0.20112594,-2.593870691443,sl_hit
Standard Scalping,LUMIAUSDT,0,2026-08-06 19:46:11.384363+00,2026-08-06 22:03:48.42726+00,0.0808900,0.07937067,0.08559289,0.0797500,-2.233136358017,timeout
FVG - 15m,HOMEUSDT,1,2026-08-06 04:37:23.268546+00,2026-08-06 06:20:25.825742+00,0.0088450,0.00897475,0.008144,0.00897475,-2.33624872809500339149820,sl_hit
Standard Scalping,FIGHTUSDT,0,2026-08-04 00:49:53.387423+00,2026-08-04 01:43:21.413522+00,0.0034960,0.00344891,0.00368333,0.00344891,-2.139643764302,sl_hit
Standard Scalping,IRENUSDT,0,2026-08-04 13:57:09.477679+00,2026-08-05 13:27:29.869284+00,40.28000,39.4877952,42.94144512,39.98000,-1.282406901688,timeout
Standard Scalping,1000RATSUSDT,0,2026-08-05 04:26:22.514655+00,2026-08-05 04:47:23.222169+00,0.0470100,0.04505814,0.05325594,0.04505814,-6.345524109764,sl_hit
Standard Scalping,HYPERUSDT,0,2026-08-02 00:14:43.015508+00,2026-08-02 00:18:58.651818+00,0.0644000,0.0632267,0.0662625,0.0632267,-2.851748478261,sl_hit
Standard Scalping,HOMEUSDT,0,2026-08-01 18:56:49.189452+00,2026-08-02 01:46:52.336241+00,0.0060720,0.00585874,0.00669006,0.00669006,15.12706956521728853781040,tp_hit
Standard Scalping,BANDUSDT,0,2026-08-01 14:21:23.017606+00,2026-08-01 17:41:13.776491+00,0.1617,0.15814008,0.17332874,0.1614,-0.398181818182,timeout
FVG - 15m,ACXUSDT,0,2026-08-06 03:03:50.384505+00,2026-08-06 04:12:17.64915+00,0.0396100,0.0392705,0.046638,0.0392705,-1.405145922747,sl_hit
Standard Scalping,ZHIPUUSDT,0,2026-08-04 02:09:08.652039+00,2026-08-04 05:52:38.475781+00,125.57000,123.1070348,133.055,133.055,8.802317034324063802000,tp_hit
Standard Scalping,PTBUSDT,0,2026-08-03 12:39:58.295949+00,2026-08-03 15:13:47.450252+00,0.0010353,0.00098732,0.00120179,0.00098732,-7.08356099681262155896482,sl_hit
Standard Scalping,MYXUSDT,0,2026-08-04 02:38:36.365846+00,2026-08-04 04:47:25.901072+00,0.0832400,0.08123725,0.08954868,0.0830600,-0.444233541566,timeout
FVG - 15m,IDOLUSDT,0,2026-08-02 19:08:14.084703+00,2026-08-03 04:09:08.897205+00,0.0228300,0.0225945,0.0253595,0.0225945,-1.68205519053909855564000,sl_hit
Standard Scalping,KGENUSDT,0,2026-08-03 03:53:01.590713+00,2026-08-03 06:14:05.380842+00,0.2088000,0.20327515,0.22471156,0.2081000,-0.637794540230,timeout
FVG - 15m,SKYAIUSDT,1,2026-08-06 02:48:26.694527+00,2026-08-06 02:54:58.012044+00,0.0614500,0.061954,0.0510595,0.061954,-1.350760618389,sl_hit
Standard Scalping,CLOUSDT,0,2026-08-03 03:53:09.834144+00,2026-08-03 05:55:19.221661+00,0.1330700,0.13056296,0.14096717,0.1319200,-1.430671075374,timeout
FVG - 15m,BULLAUSDT,0,2026-08-02 06:36:56.446986+00,2026-08-02 07:27:50.093789+00,0.0150540,0.0148651,0.01794315,0.0148651,-2.001471104026,sl_hit
FVG - 15m,BTWUSDT,0,2026-08-03 04:10:41.35157+00,2026-08-03 16:48:13.707386+00,0.0850700,0.0834395,0.104533,0.104533,34.15220665334361560409600,tp_hit
Standard Scalping,XAIUSDT,1,2026-08-08 14:05:39.713813+00,2026-08-08 15:34:37.688343+00,0.0067700,0.00686627,0.00643306,0.00686627,-2.253866499262,sl_hit
Standard Scalping,ACEUSDT,1,2026-08-06 22:55:13.919416+00,2026-08-07 00:44:17.725106+00,0.109510,0.11839023,0.08182777,0.11839023,-12.288453235321,sl_hit
Standard Scalping,4USDT,0,2026-08-08 03:55:14.631816+00,2026-08-08 04:00:27.361838+00,0.0112520,0.01102313,0.01140365,0.01140365,1.900831940988,tp_hit
Standard Scalping,CAPUSDT,0,2026-08-07 12:50:40.39535+00,2026-08-08 01:38:33.566823+00,0.0351200,0.03400568,0.03871311,0.0345800,-2.441074886105,timeout
FVG - 15m,SAGAUSDT,0,2026-08-10 05:40:52.627899+00,2026-08-10 17:25:45.712705+00,0.0152300,0.014825,0.0182795,0.014825,-4.12209455022992252178800,sl_hit
Standard Scalping,TRADOORUSDT,0,2026-08-06 10:06:41.825671+00,2026-08-06 11:59:45.013793+00,0.6182000,0.60516401,0.65729566,0.65729566,9.362373439663,tp_hit
FVG - 15m,B2USDT,0,2026-08-09 08:23:33.070515+00,2026-08-09 08:25:43.624652+00,0.4839000,0.483125,0.50908,0.483125,-0.360139491631,sl_hit
Standard Scalping,JCTUSDT,0,2026-08-06 02:48:36.547661+00,2026-08-06 09:19:43.141442+00,0.0044240,0.00434429,0.00467924,0.00467924,8.51557540687117902339200,tp_hit
FVG - 15m,CTSIUSDT,0,2026-08-09 08:38:30.70586+00,2026-08-09 08:41:00.87725+00,0.0249300,0.024808,0.0269655,0.024808,-0.853761732852,sl_hit
FVG - 15m,ALLOUSDT,1,2026-08-08 04:23:15.969583+00,2026-08-08 05:55:37.455299+00,0.3252200,0.328746,0.294099,0.328746,-1.76184616567285196699700,sl_hit
FVG - 15m,NILUSDT,0,2026-08-12 05:25:24.184205+00,2026-08-12 05:34:45.850801+00,0.036780,0.036338,0.042528,0.036338,-1.921889070146,sl_hit
FVG - 15m,UMAUSDT,0,2026-07-30 01:58:05.366377+00,2026-08-11 15:38:14.956916+00,0.331100,0.32934,0.36733,0.32934,-1.4844500151012244175000,sl_hit
Standard Scalping,CARVUSDT,0,2026-08-07 13:02:39.421947+00,2026-08-07 14:02:00.265416+00,0.0297300,0.02940535,0.030665,0.02940535,-1.757336730575,sl_hit
Standard Scalping,GUNUSDT,0,2026-08-08 15:57:34.293902+00,2026-08-08 17:05:42.624664+00,0.0031630,0.00310493,0.00334593,0.00310493,-2.872771356307,sl_hit
FVG - 15m,ACEUSDT,1,2026-08-09 08:52:19.534213+00,2026-08-09 09:06:08.818258+00,0.129050,0.129796,0.116641,0.129796,-0.987452615265,sl_hit
FVG - 15m,SIRENUSDT,0,2026-08-12 05:41:31.929739+00,2026-08-12 07:18:14.080372+00,0.0313100,0.030984,0.033874,0.030984,-1.681176620887,sl_hit
FVG - 15m,COTIUSDT,0,2026-08-08 03:22:13.848272+00,2026-08-08 04:12:30.282257+00,0.0129640,0.01277005,0.01448185,0.01277005,-2.363201403888,sl_hit
Standard Scalping,AKEUSDT,0,2026-08-10 21:19:41.811442+00,2026-08-10 21:24:23.421873+00,0.0040540,0.00397109,0.00420566,0.00397109,-3.186483818451,sl_hit
Standard Scalping,CTSIUSDT,0,2026-08-08 04:35:25.108168+00,2026-08-08 05:38:13.67498+00,0.0258700,0.02528792,0.02790726,0.02528792,-3.493678979513,sl_hit
FVG - 15m,INXUSDT,0,2026-08-09 09:06:10.273532+00,2026-08-09 09:23:18.541594+00,0.0079140,0.00784615,0.0093391,0.00784615,-1.405497725550,sl_hit
Standard Scalping,龙虾USDT,0,2026-08-10 06:38:24.726048+00,2026-08-10 07:23:16.945307+00,0.0224990,0.02069278,0.0252053,0.0252053,17.915584781546,tp_hit
FVG - 15m,MMTUSDT,1,2026-08-08 16:22:17.440592+00,2026-08-08 16:27:22.970332+00,0.2083000,0.210595,0.187545,0.210595,-1.773325492079,sl_hit
FVG - 15m,CARVUSDT,0,2026-08-08 16:34:04.947872+00,2026-08-08 19:45:58.355323+00,0.0316300,0.0313945,0.033822,0.0313945,-1.236372747392,sl_hit
FVG - 15m,SIGNUSDT,0,2026-08-06 07:30:04.676022+00,2026-08-06 11:06:04.642096+00,0.0065420,0.0064983,0.0068646,0.0064983,-1.121586365026,sl_hit
Standard Scalping,我踏马来了USDT,0,2026-08-10 07:49:28.386844+00,2026-08-10 09:49:33.357225+00,0.0104020,0.0099977,0.01164649,0.0102530,-2.267765814266,timeout
FVG - 15m,VELODROMEUSDT,0,2026-08-10 23:03:28.987494+00,2026-08-11 03:00:16.611645+00,0.0174600,0.0173065,0.021199,0.0173065,-1.438201030928,sl_hit
FVG - 15m,NILUSDT,0,2026-08-09 09:21:37.911588+00,2026-08-09 15:27:21.444683+00,0.034790,0.034337,0.039122,0.039122,18.5344173613107918958700,tp_hit
Standard Scalping,GRIFFAINUSDT,0,2026-08-08 04:48:18.211418+00,2026-08-08 05:45:38.268311+00,0.0103780,0.01020813,0.01082844,0.01020813,-2.574259761033,sl_hit
Standard Scalping,LITEUSDT,0,2026-08-07 09:58:02.416502+00,2026-08-07 13:29:03.875882+00,875.40000,868.151688,898.2321828,872.12000,-0.696875428374,timeout
FVG - 15m,MYXUSDT,0,2026-08-06 04:22:36.114644+00,2026-08-06 04:26:46.616023+00,0.0832800,0.0820345,0.090385,0.0820345,-2.362438400576,sl_hit
FVG - 15m,SKYAIUSDT,1,2026-08-08 06:02:37.961806+00,2026-08-08 07:42:12.752681+00,0.1080100,0.112116,0.09083,0.112116,-5.824530691603,sl_hit
Standard Scalping,BILLUSDT,0,2026-08-09 09:21:44.470271+00,2026-08-09 12:03:14.568802+00,0.0265200,0.02598377,0.02820914,0.02598377,-3.151761923077,timeout
Standard Scalping,ACTUSDT,0,2026-08-10 20:26:25.573198+00,2026-08-10 23:30:28.346758+00,0.0111530,0.01083112,0.01227956,0.0110280,-1.815470725365,timeout
FVG - 15m,龙虾USDT,1,2026-08-09 09:35:54.239494+00,2026-08-09 09:56:53.008282+00,0.0198300,0.02065975,0.0135559,0.02065975,-6.398985627836,sl_hit
FVG - 15m,CGPTUSDT,0,2026-08-11 15:55:25.966816+00,2026-08-11 17:03:01.289424+00,0.0207900,0.0205075,0.022354,0.0205075,-2.157424242425,sl_hit
FVG - 15m,MAGICUSDT,0,2026-08-08 19:48:55.063132+00,2026-08-09 00:19:16.390043+00,0.042700,0.0422315,0.047945,0.0422315,-1.7801789227174309136500,sl_hit
FVG - 15m,ACXUSDT,0,2026-08-05 22:32:32.671814+00,2026-08-06 01:20:58.476612+00,0.0390900,0.038886,0.0464455,0.038886,-0.902495778972,sl_hit
FVG - 15m,BTWUSDT,1,2026-08-07 03:17:39.331798+00,2026-08-07 03:59:25.27082+00,0.1797000,0.1856495,0.1539825,0.1856495,-5.088180133555,sl_hit
Standard Scalping,ONUSDT,0,2026-08-09 07:54:51.833662+00,2026-08-09 10:17:35.36427+00,0.3449900,0.15448447,1.01166937,0.3540600,3.822015130874,tp_hit
Standard Scalping,CRDOUSDT,0,2026-08-07 16:02:08.862295+00,2026-08-07 16:31:43.768567+00,245.58000,243.2896576,252.08907856,243.2896576,-1.518379100318,sl_hit
Standard Scalping,PYTHUSDT,0,2026-08-08 23:16:00.588764+00,2026-08-09 01:00:37.81055+00,0.0400200,0.03971745,0.04097304,0.04097304,3.450685097451,tp_hit
FVG - 15m,APPUSDT,0,2026-08-07 03:59:31.071778+00,2026-08-07 04:16:51.954317+00,339.71000,338.6285,385.734,338.6285,-0.597348650320,sl_hit
Standard Scalping,RECALLUSDT,0,2026-08-07 16:15:33.206047+00,2026-08-07 16:59:35.831956+00,0.0444900,0.04389427,0.04665704,0.04665704,7.183348563722,tp_hit
Standard Scalping,我踏马来了USDT,0,2026-08-10 11:00:04.006984+00,2026-08-10 13:56:50.556669+00,0.0111220,0.01056119,0.01273916,0.01056119,-7.69553375292197230738520,timeout
FVG - 15m,JCTUSDT,0,2026-08-07 09:46:29.311651+00,2026-08-07 17:29:38.947096+00,0.0043150,0.0042206,0.0049452,0.0042206,-3.41623661645431402070200,sl_hit
FVG - 15m,LUMIAUSDT,1,2026-08-09 10:03:45.777893+00,2026-08-09 12:01:03.525035+00,0.0770500,0.077282,0.068388,0.077282,-0.571835431538,sl_hit
Standard Scalping,PIXELUSDT,0,2026-08-07 03:59:41.089699+00,2026-08-07 04:37:06.401191+00,0.0045550,0.00449454,0.00473715,0.00449454,-2.12518603732138748611000,sl_hit
FVG - 15m,FHEUSDT,0,2026-08-10 12:00:29.379707+00,2026-08-10 12:19:30.222687+00,0.0270200,0.026765,0.029175,0.026765,-1.535051813472,sl_hit
FVG - 15m,TUTUSDT,0,2026-08-12 07:19:12.510901+00,2026-08-12 15:00:12.445555+00,0.0728000,0.063019,0.1287765,0.0827000,20.254584478022,btc_dump
FVG - 15m,CAPUSDT,1,2026-08-15 08:09:26.181681+00,2026-08-15 09:55:12.970804+00,0.0668300,0.067459,0.059721,0.067459,-1.532355828221,sl_hit
FVG - 15m,ONEUSDT,0,2026-08-16 07:26:19.001694+00,2026-08-16 12:36:24.270461+00,0.0006850,0.00067999,0.00075379,0.00075379,14.937478248175,tp_hit
FVG - 15m,XAIUSDT,0,2026-08-08 07:53:36.222122+00,2026-08-08 07:54:03.427876+00,0.0068040,0.0067682,0.007808,0.0067682,-0.908925925926,sl_hit
FVG - 15m,UBUSDT,0,2026-08-09 00:27:04.759449+00,2026-08-09 01:50:50.635937+00,0.1323600,0.1307975,0.148635,0.1307975,-1.890030598368,sl_hit
Standard Scalping,MAGMAUSDT,0,2026-08-09 00:27:10.361745+00,2026-08-09 02:30:44.580463+00,0.2346400,0.22989558,0.25124547,0.2334600,-0.874045346062,timeout
Standard Scalping,HMSTRUSDT,0,2026-08-08 08:05:11.678972+00,2026-08-08 18:01:38.189022+00,0.0002004,0.00019565,0.00021413,0.00021413,10.13773053892183832335136,tp_hit
FVG - 15m,MUBARAKUSDT,0,2026-08-11 17:06:56.005223+00,2026-08-11 17:26:30.011533+00,0.0182600,0.018181,0.023533,0.018181,-0.768699890471,sl_hit
Standard Scalping,HMSTRUSDT,0,2026-08-09 11:25:21.390078+00,2026-08-09 13:00:49.312964+00,0.0002188,0.0002123,0.00024051,0.0002123,-4.58915676416755393053613,sl_hit
Standard Scalping,TAGUSDT,0,2026-08-06 13:50:15.560965+00,2026-08-06 16:32:52.766429+00,0.0013100,0.00128324,0.0013754,0.0013050,-0.692290076335,timeout
FVG - 15m,RVNUSDT,0,2026-08-12 19:37:47.657904+00,2026-08-12 20:00:27.661473+00,0.0026380,0.0026268,0.0030905,0.0026268,-0.756591357089,sl_hit
FVG - 15m,MUBARAKUSDT,0,2026-08-12 15:11:32.508888+00,2026-08-12 15:24:21.398027+00,0.0189500,0.0185945,0.021166,0.0185945,-2.932858575197,sl_hit
FVG - 15m,THEUSDT,0,2026-08-10 12:24:05.063013+00,2026-08-11 03:25:59.763042+00,0.0658100,0.0636085,0.076559,0.0645900,-2.929629235678,timeout
FVG - 15m,COOKIEUSDT,0,2026-08-08 08:05:05.977859+00,2026-08-08 09:00:37.051303+00,0.0098230,0.00948785,0.01088155,0.00948785,-5.235788557467,sl_hit
Standard Scalping,USELESSUSDT,0,2026-08-10 12:36:54.728474+00,2026-08-10 13:56:28.508641+00,0.0398300,0.03908438,0.04243966,0.03908438,-2.926885834798,sl_hit
Standard Scalping,THEUSDT,0,2026-08-09 11:48:42.284882+00,2026-08-09 12:06:27.252552+00,0.0652700,0.06237029,0.0743626,0.06237029,-6.781291824728,sl_hit
FVG - 15m,龙虾USDT,0,2026-08-12 15:26:12.326485+00,2026-08-12 16:03:11.174061+00,0.0217430,0.02109785,0.0266826,0.02109785,-4.568962470680,sl_hit
FVG - 15m,BLESSUSDT,1,2026-08-07 04:30:14.400874+00,2026-08-07 05:11:43.887011+00,0.0208280,0.0210871,0.0166525,0.0166525,29.963326771654,tp_hit
FVG - 15m,AINUSDT,1,2026-08-07 17:38:19.415729+00,2026-08-07 17:45:28.730248+00,0.0774300,0.078072,0.068619,0.078072,-1.364201472297,sl_hit
FVG - 15m,USELESSUSDT,0,2026-08-08 09:05:59.026971+00,2026-08-08 10:07:30.457582+00,0.0407100,0.04041,0.0433805,0.04041,-1.224937361828,sl_hit
FVG - 15m,BLUAIUSDT,0,2026-08-12 20:03:13.314088+00,2026-08-13 06:43:25.147458+00,0.0121560,0.0118164,0.0221505,0.0118164,-4.32469225074121026612180,sl_hit
FVG - 15m,BLESSUSDT,1,2026-08-09 12:01:23.817953+00,2026-08-10 11:49:05.660408+00,0.0130150,0.0134863,0.011279,0.0129990,0.020981559739,timeout
FVG - 15m,DODOXUSDT,0,2026-08-11 17:30:18.095264+00,2026-08-12 05:05:41.665848+00,0.0209520,0.0207372,0.0235814,0.0235814,18.66561025200409392873000,tp_hit
FVG - 15m,BEATUSDT,1,2026-08-12 16:13:59.484826+00,2026-08-12 16:14:28.910872+00,1.0620000,1.06735,0.9058,1.06735,-0.875951977401,sl_hit
FVG - 15m,C98USDT,0,2026-08-08 10:18:26.528725+00,2026-08-08 10:45:57.460389+00,0.0151100,0.0150025,0.016626,0.0150025,-1.186747187293,sl_hit
FVG - 15m,C98USDT,0,2026-08-11 03:33:35.450517+00,2026-08-11 05:55:09.76365+00,0.0144100,0.0142275,0.016173,0.0142275,-2.03397293546189035408200,sl_hit
FVG - 15m,龙虾USDT,0,2026-08-07 17:51:04.084244+00,2026-08-07 18:12:04.309064+00,0.0192080,0.01874725,0.0224137,0.01874725,-3.716670918367,sl_hit
FVG - 15m,BICOUSDT,0,2026-08-14 05:23:35.04571+00,2026-08-14 05:51:39.569798+00,0.0277800,0.027143,0.0329485,0.027143,-3.558149028078,sl_hit
FVG - 15m,HEIUSDT,0,2026-08-12 16:22:33.61121+00,2026-08-12 23:39:14.829347+00,0.133090,0.1307195,0.1560175,0.1307195,-2.790619655872,sl_hit
FVG - 15m,HEIUSDT,0,2026-08-07 18:19:13.268338+00,2026-08-08 02:34:40.994887+00,0.216790,0.2039625,0.3641655,0.2039625,-9.0070665159828772921680,sl_hit
FVG - 15m,DOSUSDT,0,2026-08-15 08:41:41.034911+00,2026-08-15 10:07:06.607029+00,0.2837000,0.27859,0.32795,0.27859,-2.820716954530,sl_hit
Standard Scalping,CATIUSDT,0,2026-08-09 12:46:57.699003+00,2026-08-09 14:31:10.306663+00,0.0502100,0.04648154,0.06063757,0.04648154,-11.254142449711,sl_hit
FVG - 15m,HOMEUSDT,0,2026-08-08 10:53:46.153977+00,2026-08-08 11:02:06.050959+00,0.0090090,0.0089733,0.00984855,0.0089733,-0.714167832168,sl_hit
FVG - 15m,BTRUSDT,1,2026-08-12 23:47:44.999962+00,2026-08-12 23:53:20.300435+00,0.0298500,0.030221,0.0259195,0.030221,-1.985067336683,sl_hit
FVG - 15m,TAKEUSDT,1,2026-08-14 20:26:31.038357+00,2026-08-14 20:49:53.929453+00,0.0474800,0.0480375,0.0433885,0.0480375,-1.881972409436,sl_hit
Standard Scalping,BELUSDT,0,2026-08-09 13:34:58.654157+00,2026-08-10 07:02:32.917592+00,0.10956,0.10618117,0.11929103,0.10944,-0.314931544359,timeout
Standard Scalping,BTRUSDT,0,2026-08-09 01:38:17.365253+00,2026-08-09 02:25:29.660134+00,0.0265700,0.02585756,0.02866064,0.02585756,-4.140446127211,sl_hit
Standard Scalping,HEMIUSDT,0,2026-08-06 15:03:53.750282+00,2026-08-06 17:20:35.128644+00,0.0050900,0.00499282,0.00539197,0.00539197,8.775359882122,tp_hit
FVG - 15m,BMTUSDT,0,2026-08-14 21:01:41.930325+00,2026-08-14 21:07:52.030623+00,0.0153600,0.0153125,0.0174265,0.0153125,-0.583681640625,sl_hit
FVG - 15m,SYNUSDT,1,2026-08-06 11:15:26.187214+00,2026-08-07 03:13:56.779488+00,0.1316000,0.135945,0.110075,0.110075,24.40958206686896049031000,tp_hit
FVG - 15m,DUSKUSDT,0,2026-08-09 01:52:04.160628+00,2026-08-09 02:08:50.690776+00,0.06662,0.0660655,0.071294,0.0660655,-1.367999549684,sl_hit
Standard Scalping,AIOUSDT,0,2026-08-07 05:08:11.284365+00,2026-08-07 09:51:34.185791+00,0.0387700,0.03775198,0.04205976,0.04205976,12.602894361620,tp_hit
FVG - 15m,TUTUSDT,0,2026-08-16 07:47:29.363024+00,2026-08-16 07:52:14.833556+00,0.0331600,0.032876,0.037641,0.032876,-1.404166465621,sl_hit
Standard Scalping,MVLLUSDT,0,2026-08-10 13:24:10.542907+00,2026-08-10 13:34:24.188912+00,28.86000,28.1506258,31.1745977,28.1506258,-3.805501301039,sl_hit
FVG - 15m,CRDOUSDT,1,2026-08-08 11:05:47.886498+00,2026-08-08 11:12:21.896931+00,250.03000,250.416,232.5675,250.416,-0.351664840220,sl_hit
Standard Scalping,CGPTUSDT,0,2026-08-09 14:44:40.813223+00,2026-08-09 18:45:20.698079+00,0.0207800,0.02033632,0.02201899,0.02201899,8.820046227141,tp_hit
FVG - 15m,EDENUSDT,0,2026-08-14 21:12:11.284894+00,2026-08-14 21:19:03.304281+00,0.0620700,0.060987,0.073022,0.060987,-2.736159497342,sl_hit
FVG - 15m,BICOUSDT,1,2026-08-08 11:18:48.82241+00,2026-08-08 16:19:12.652446+00,0.0578700,0.059605,0.0442765,0.059605,-4.63379212026966562986300,sl_hit
Standard Scalping,MERLUSDT,0,2026-08-11 04:59:12.567039+00,2026-08-11 05:18:41.173345+00,0.0207800,0.02038273,0.02190692,0.02038273,-2.986538200192,sl_hit
FVG - 15m,GUAUSDT,0,2026-08-07 05:25:32.346727+00,2026-08-07 07:52:48.153474+00,0.0434800,0.04276,0.0476665,0.04276,-2.602907083716,sl_hit
FVG - 15m,SXTUSDT,0,2026-08-09 02:18:06.796082+00,2026-08-09 04:55:22.820215+00,0.0072640,0.00723165,0.0076893,0.00723165,-0.80276968612278854597680,sl_hit
FVG - 15m,C98USDT,0,2026-08-09 15:34:09.07208+00,2026-08-10 02:55:37.617567+00,0.0146300,0.0143745,0.0163565,0.0163565,17.55857552973298427889500,tp_hit
Standard Scalping,CARVUSDT,0,2026-08-07 22:23:55.491401+00,2026-08-08 00:33:42.006002+00,0.0313400,0.03076272,0.03315844,0.0312000,-0.789802169751,timeout
FVG - 15m,IOSTUSDT,0,2026-07-29 22:06:02.389634+00,2026-08-09 03:00:52.921329+00,0.00059230,0.00058846,0.00063311,0.00063311,9.767283302380188924630880,tp_hit
Standard Scalping,INXUSDT,0,2026-08-09 15:34:18.981508+00,2026-08-10 03:40:32.20628+00,0.0083140,0.00812429,0.00894063,0.00812429,-3.55674132788054342095300,sl_hit
FVG - 15m,ZHIPUUSDT,1,2026-08-09 03:09:35.053409+00,2026-08-09 07:10:36.081756+00,163.41000,164.3585,151.732,164.3585,-1.005974297778853596000,sl_hit
Standard Scalping,SOXSUSDT,0,2026-08-10 13:49:00.261224+00,2026-08-10 23:57:54.146468+00,42.57000,41.7799382,45.425,45.425,9.920024665256705271000,tp_hit
Standard Scalping,TSTUSDT,0,2026-08-08 11:53:54.802014+00,2026-08-08 12:18:38.968346+00,0.0156300,0.01477213,0.0185398,0.0149500,-6.643301343570,
FVG - 15m,COOKIEUSDT,0,2026-08-14 21:23:49.821946+00,2026-08-14 21:48:12.282241+00,0.0126650,0.01251665,0.0136809,0.01251665,-1.876304697987,sl_hit
FVG - 15m,BANKUSDT,1,2026-08-11 07:25:34.773511+00,2026-08-12 19:30:43.657217+00,0.0378400,0.038918,0.033266,0.0380000,-0.811395348838,timeout
Standard Scalping,ROBOUSDT,0,2026-08-10 14:01:43.792152+00,2026-08-10 14:49:58.382319+00,0.0160100,0.0153923,0.01808024,0.0153923,-5.905005496565,sl_hit
FVG - 15m,CROSSUSDT,0,2026-08-16 07:58:27.91022+00,2026-08-16 09:03:09.495772+00,0.1006000,0.098292,0.123714,0.098292,-3.559975347913,sl_hit
Standard Scalping,BELUSDT,0,2026-08-06 16:48:23.496628+00,2026-08-06 18:15:45.672092+00,0.10400,0.10121508,0.11223299,0.10121508,-4.135104853847,sl_hit
Standard Scalping,CHILLGUYUSDT,0,2026-08-09 19:48:55.710076+00,2026-08-09 20:23:40.847809+00,0.0121360,0.01190153,0.01287457,0.01190153,-3.016871440343,sl_hit
Standard Scalping,C98USDT,0,2026-08-07 05:25:46.585893+00,2026-08-07 07:55:05.31502+00,0.0148500,0.01453724,0.01587669,0.01587669,10.246457818182,tp_hit
Standard Scalping,LIGHTUSDT,0,2026-08-10 15:27:56.243546+00,2026-08-10 19:32:51.200793+00,0.1597000,0.15635751,0.170724,0.170724,10.230272761428,tp_hit
Standard Scalping,GRIFFAINUSDT,0,2026-08-08 12:18:31.764302+00,2026-08-09 02:47:26.47022+00,0.0101880,0.00998139,0.01080243,0.01080243,8.89239293286214840968750,tp_hit
FVG - 15m,IOTXUSDT,1,2026-08-09 05:02:25.254339+00,2026-08-09 05:08:39.725335+00,0.0031930,0.0033074,0.00231,0.0033074,-5.496405887880,sl_hit
Standard Scalping,GRVTUSDT,0,2026-08-07 05:39:58.350192+00,2026-08-07 06:36:36.696464+00,0.3027000,0.29456342,0.324885,0.29456342,-4.150389181368,sl_hit
Standard Scalping,BBUSDT,0,2026-08-09 21:36:24.372139+00,2026-08-10 00:26:48.805663+00,0.0151500,0.01466609,0.01674052,0.0150800,-0.812792079208,timeout
FVG - 15m,STGUSDT,0,2026-08-09 05:16:12.782321+00,2026-08-09 07:21:19.603502+00,0.1360000,0.133875,0.156165,0.133875,-2.462812500000,sl_hit
FVG - 15m,ONEUSDT,1,2026-08-15 09:58:45.105172+00,2026-08-15 11:08:46.631471+00,0.0007237,0.00073973,0.00067453,0.00073973,-3.443838330800,sl_hit
Standard Scalping,POWERUSDT,0,2026-08-08 12:18:39.446098+00,2026-08-08 13:21:14.328016+00,0.1003600,0.09650627,0.11208426,0.09650627,-5.89226411119979793079900,sl_hit
Standard Scalping,ESPORTSUSDT,1,2026-08-10 01:19:22.590226+00,2026-08-10 03:27:53.398245+00,0.0177400,0.01803165,0.01690006,0.0177500,-0.204588500563,timeout
FVG - 15m,SOLVUSDT,0,2026-08-10 17:29:26.718657+00,2026-08-10 17:35:46.859174+00,0.0025290,0.00251925,0.0027176,0.00251925,-0.698060498221,sl_hit
FVG - 15m,TAKEUSDT,0,2026-08-15 10:09:32.794444+00,2026-08-15 11:36:39.023493+00,0.0456900,0.04514172,0.0530525,0.04514172,-1.919280000000,sl_hit
FVG - 15m,FORMUSDT,0,2026-08-11 05:55:34.059488+00,2026-08-11 05:59:26.96243+00,0.216100,0.215165,0.235325,0.215165,-0.768745488200,sl_hit
Standard Scalping,PLAYUSDT,0,2026-08-09 06:42:13.781175+00,2026-08-09 07:13:55.667989+00,0.0380400,0.03732763,0.04040845,0.03732763,-2.927906356467,sl_hit
Standard Scalping,BSPUSDT,0,2026-08-10 17:29:38.341764+00,2026-08-10 18:11:25.39931+00,52.74000,51.4204452,56.54031782,56.54031782,10.684316532628,tp_hit
FVG - 15m,SNXXUSDT,0,2026-08-09 07:26:56.188246+00,2026-08-09 08:17:57.31482+00,9.23000,9.197,9.976,9.197,-0.656080173348,sl_hit
FVG - 15m,HEIUSDT,0,2026-08-10 03:00:55.237438+00,2026-08-10 05:36:58.966713+00,0.156890,0.152641,0.1972085,0.152641,-4.1958930460832923701120,sl_hit
FVG - 15m,HMSTRUSDT,0,2026-08-11 06:04:17.164077+00,2026-08-11 06:04:47.205946+00,0.0001884,0.00018815,0.00020808,0.0001882,-0.279171974522,sl_hit
FVG - 15m,NOMUSDT,0,2026-08-07 07:56:02.184036+00,2026-08-07 09:41:38.11245+00,0.0016180,0.0016058,0.00178285,0.0016058,-1.250573547590,sl_hit
Standard Scalping,WDCUSDT,0,2026-08-06 14:03:29.548329+00,2026-08-06 19:24:54.734907+00,455.74000,443.9208038,494.35942784,454.91000,-0.393072804669,timeout
FVG - 15m,BROCCOLI714USDT,1,2026-08-09 07:41:17.643436+00,2026-08-09 09:01:05.019693+00,0.0170300,0.0172295,0.0156985,0.0172295,-1.877896065766,sl_hit
FVG - 15m,GUAUSDT,1,2026-08-10 17:42:08.870855+00,2026-08-10 23:01:20.477606+00,0.0554000,0.0590455,0.035438,0.0590455,-10.00870180505436462038700,sl_hit
FVG - 15m,BSPUSDT,1,2026-08-11 06:14:09.595131+00,2026-08-11 07:16:31.230733+00,52.54000,53.2312,48.1375,53.21000,-2.033593452608,sl_hit
FVG - 15m,RONINUSDT,0,2026-08-15 11:13:32.65108+00,2026-08-16 07:25:16.038122+00,0.048070,0.0475305,0.0536295,0.0536295,17.1901504056581789019000,tp_hit
FVG - 15m,BMTUSDT,0,2026-08-16 09:06:59.204403+00,2026-08-16 21:40:08.96098+00,0.0148600,0.0146365,0.0170305,0.0146365,-2.39045693135954239604000,sl_hit
FVG - 15m,CYSUSDT,1,2026-08-15 11:37:59.215221+00,2026-08-15 12:28:57.201378+00,1.4288000,1.453715,1.16545,1.453715,-2.736702757559,sl_hit
FVG - 15m,NBISUSDT,1,2026-08-13 06:48:28.321526+00,2026-08-13 12:55:37.909689+00,249.75000,252.671,220.4705,252.671,-1.889967207209121027000,sl_hit
FVG - 15m,CYSUSDT,0,2026-08-16 21:42:58.097699+00,2026-08-17 04:04:41.813148+00,0.7721000,0.73697,1.2537,0.73697,-6.95721370288876273826000,sl_hit
FVG - 15m,BASUSDT,0,2026-08-15 12:30:01.011881+00,2026-08-15 12:34:38.759327+00,0.0255610,0.0255372,0.0276089,0.0255372,-0.259610030906,sl_hit
FVG - 15m,COOKIEUSDT,0,2026-08-12 23:58:01.049784+00,2026-08-13 08:31:52.886618+00,0.0120890,0.01192195,0.0135772,0.01192195,-2.20822582513109843677980,sl_hit
FVG - 15m,INXUSDT,0,2026-08-13 08:38:39.166219+00,2026-08-13 11:44:30.076135+00,0.0077390,0.00765695,0.010334,0.00765695,-1.72471856829053921713800,sl_hit
FVG - 15m,HOLOUSDT,0,2026-08-13 11:49:06.646971+00,2026-08-13 12:10:51.436959+00,0.0738300,0.073036,0.0866505,0.073036,-1.732520113775,sl_hit
Standard Scalping,SMCIUSDT,0,2026-08-13 13:34:50.541657+00,2026-08-13 14:15:27.746115+00,39.44000,38.8030136,40.69950716,40.69950716,4.668298772069,tp_hit
FVG - 15m,WALUSDT,1,2026-08-15 20:58:34.350057+00,2026-08-15 21:20:13.113804+00,0.0247200,0.024829,0.0226225,0.024829,-0.781672330097,sl_hit
Standard Scalping,BICOUSDT,0,2026-08-16 12:31:38.00493+00,2026-08-16 16:19:45.326454+00,0.0236300,0.02241636,0.02751364,0.0231300,-3.307674566230,timeout
FVG - 15m,DOLOUSDT,0,2026-08-15 21:30:41.100332+00,2026-08-16 07:43:18.268525+00,0.0206700,0.020462,0.025946,0.025946,38.13635413642921335168000,tp_hit
FVG - 15m,BMTUSDT,0,2026-08-14 01:46:49.519961+00,2026-08-14 01:55:49.361601+00,0.0163700,0.0161735,0.0200755,0.0161735,-1.919829566280,sl_hit
FVG - 15m,SWARMSUSDT,0,2026-08-14 05:58:51.843717+00,2026-08-14 09:47:56.743448+00,0.0084610,0.0082136,0.0092981,0.0082136,-4.51934948587594031451640,sl_hit
Standard Scalping,ARIAUSDT,0,2026-08-15 21:45:11.977089+00,2026-08-15 22:52:50.767379+00,0.0339900,0.03346587,0.035641,0.03346587,-2.432093327449,sl_hit
FVG - 15m,STEEMUSDT,0,2026-08-13 12:56:30.672491+00,2026-08-14 05:02:57.58633+00,0.035540,0.035257,0.041351,0.035530,-0.192573157006,timeout
Standard Scalping,SNXXUSDT,0,2026-08-13 15:16:34.743594+00,2026-08-14 08:05:38.486125+00,13.77000,13.2428868,15.30590658,15.30590658,16.572758359128206492000,tp_hit
FVG - 15m,RAREUSDT,0,2026-08-14 01:57:25.690236+00,2026-08-14 04:16:39.223519+00,0.0117700,0.0117585,0.01411,0.0117585,-0.266500424809,sl_hit
FVG - 15m,JCTUSDT,0,2026-08-16 12:44:07.225519+00,2026-08-16 12:59:01.123617+00,0.0024020,0.00237325,0.00283755,0.00237325,-1.92958576186596003338100,sl_hit
FVG - 15m,ATUSDT,0,2026-08-14 16:52:45.255449+00,2026-08-15 08:00:00.723751+00,0.1576000,0.154375,0.169105,0.1564000,-1.291960659898,timeout
FVG - 15m,TAGUSDT,0,2026-08-16 13:03:49.353627+00,2026-08-16 17:45:57.473226+00,0.0009200,0.0009045,0.00108385,0.0009045,-2.646163043478,sl_hit
FVG - 15m,BROCCOLIF3BUSDT,0,2026-08-11 03:02:51.393339+00,2026-08-17 23:54:40.779144+00,0.0065840,0.00652115,0.0077504,0.0065770,-0.563755315917,timeout
FVG - 15m,STORJUSDT,0,2026-08-13 12:15:18.735977+00,2026-08-14 01:39:21.289575+00,0.0418600,0.0416925,0.0498635,0.0498635,28.51493764930672622932000,tp_hit
FVG - 15m,DOLOUSDT,1,2026-08-14 21:56:27.350026+00,2026-08-15 08:32:58.768343+00,0.0258700,0.0268075,0.021361,0.021361,26.02075338229569578584500,tp_hit
FVG - 15m,TAUSDT,1,2026-08-14 04:30:04.116168+00,2026-08-14 20:12:03.086234+00,0.0603200,0.0610675,0.05565,0.0606000,-0.831587367374,timeout
FVG - 15m,RVNUSDT,0,2026-08-15 12:42:03.759326+00,2026-08-15 20:57:45.254923+00,0.0026620,0.0026381,0.0028552,0.0028552,10.74716303531195942902240,tp_hit
FVG - 15m,ONEUSDT,0,2026-08-14 04:16:59.455849+00,2026-08-14 04:26:39.687475+00,0.0007090,0.00070255,0.00095215,0.00070255,-1.484052186178,sl_hit
FVG - 15m,FHEUSDT,0,2026-08-14 05:10:48.135843+00,2026-08-14 05:16:35.246245+00,0.0259600,0.025644,0.028206,0.025644,-1.945155624037,sl_hit
FVG - 15m,ACUUSDT,0,2026-08-14 09:49:09.734761+00,2026-08-14 16:51:31.999018+00,0.1051600,0.103198,0.1216935,0.1216935,23.453915842526,tp_hit
FVG - 15m,GIGGLEUSDT,0,2026-08-16 17:49:02.164209+00,2026-08-21 05:50:58.820515+00,31.91000,30.579,36.309,36.309,20.376982450642473086000,tp_hit
