symbol,side,opened,entry,sl0,tp0,exitReason,exitBar,finalLevel,pnl
PUNDIXUSDT,1,2026-09-13T02:42:04.3146150Z,0.1208500,0.12227996,0.10065714,sl,0,0,-1.8948779478692594124948282996
CFXUSDT,0,2026-05-16T06:35:14.0000000Z,0.06285,0.0585458,0.06328,tp,0,0,0.9062529832935560859188544153
SXTUSDT,0,2026-05-17T07:58:49.0000000Z,0.01247,0.0118803,0.01532,sl,62,0,-7.2134242181234963913392141136
0GUSDT,0,2026-05-17T08:04:28.0000000Z,0.4991,0.4860575,0.5755,sl,61,0,-4.0398056501703065517932278101
BREVUSDT,0,2026-05-17T14:08:19.0000000Z,0.1165,0.110246,0.1417,sl,37,0,-8.172360515021459227467811159
ALLOUSDT,0,2026-05-17T14:37:47.0000000Z,0.08586,0.08084375,0.098,sl,10,2,0.6300000000000000000000000000
PHAUSDT,0,2026-05-17T20:46:55.0000000Z,0.03121,0.03029775,0.0402,sl,10,0,-4.5044120474206984940724126882
ASTERUSDT,0,2026-05-17T20:46:57.0000000Z,0.6649,0.649138,0.694,sl,10,0,-3.6758730636185892615430891863
BABYUSDT,0,2026-05-17T21:41:49.0000000Z,0.01908,0.01862361,0.02044918,sl,3,0,-3.7079716981132075471698113207
APRUSDT,0,2026-05-17T23:00:45.0000000Z,0.14921,0.14379069,0.16546792,sl,0,0,-5.5680028148247436498894175992
RIFUSDT,0,2026-05-18T00:24:38.0000000Z,0.07402,0.07269652,0.07732869,sl,0,0,-2.8020048635503917860037827614
RIFUSDT,0,2026-05-18T00:24:38.0000000Z,0.07402,0.07269652,0.07732869,sl,0,0,-2.8020048635503917860037827614
DASHUSDT,0,2026-05-18T01:58:58.0000000Z,41.8,41.250748,43.17313,sl,0,0,-2.0910000000000000000000000000
DASHUSDT,0,2026-05-18T01:58:59.0000000Z,41.8,41.250748,43.17313,sl,0,0,-2.0910000000000000000000000000
AIGENSYNUSDT,0,2026-05-18T02:17:07.0000000Z,0.04083,0.03886689,0.04671932,sl,2,3,1.3800000000000000000000000000
AIGENSYNUSDT,0,2026-05-18T02:17:08.0000000Z,0.04083,0.03886689,0.04671932,sl,2,3,1.3800000000000000000000000000
BZUSDT,0,2026-05-18T04:50:31.0000000Z,105.84,103.98745,112.3,sl,30,0,-2.7454960317460317460317460318
HOMEUSDT,0,2026-05-18T04:50:32.0000000Z,0.016834,0.01660169,0.01741477,sl,5,2,0.6300000000000000000000000000
POLUSDT,0,2026-05-18T06:03:14.0000000Z,0.09127,0.0876396,0.10329,sl,400,2,0.6300000000000000000000000000
DYMUSDT,0,2026-05-18T06:51:59.0000000Z,0.02223,0.02190989,0.02303028,sl,1,1,-0.12
FIDAUSDT,0,2026-05-18T07:15:33.0000000Z,0.02299,0.02113793,0.02854622,sl,1,3,1.3800000000000000000000000000
1000CHEEMSUSDT,1,2026-05-18T09:42:41.0000000Z,0.0005796,0.00059662,0.00052855,sl,7,3,1.3800000000000000000000000000
TOWNSUSDT,0,2026-05-18T16:22:29.0000000Z,0.003645,0.00341522,0.00433434,sl,45,0,-9.575967078189300411522633745
BLESSUSDT,1,2026-05-18T17:03:53.0000000Z,0.005289,0.0053732,0.0050364,sl,7,3,1.3800000000000000000000000000
CFXUSDT,1,2026-05-18T19:09:47.0000000Z,0.05825,0.0590888,0.0557336,sl,8,3,1.3800000000000000000000000000
ALICEUSDT,0,2026-05-18T21:30:44.0000000Z,0.139,0.13480776,0.15576896,sl,1,3,1.3800000000000000000000000000
CRWVUSDT,0,2026-05-18T22:04:00.0000000Z,102.98,100.632056,110.023832,sl,9,1,-0.12
ROSEUSDT,0,2026-05-18T23:19:00.0000000Z,0.009649,0.00952626,0.01001721,sl,34,1,-0.12
FHEUSDT,0,2026-05-19T00:29:10.0000000Z,0.02912,0.02813283,0.03158792,sl,9,3,1.3800000000000000000000000000
TAKEUSDT,0,2026-05-19T00:29:13.0000000Z,0.02245,0.02160543,0.02456142,sl,8,3,1.3800000000000000000000000000
EPICUSDT,0,2026-05-19T00:44:06.0000000Z,0.3041,0.2856645,0.3766,sl,11,1,-0.12
DOGSUSDT,0,2026-05-19T01:43:21.0000000Z,0.00005806,0.00005703,0.00006064,sl,0,0,-2.7810403031346882535308301757
AEROUSDT,0,2026-05-19T02:31:03.0000000Z,0.4234,0.41459328,0.44982016,sl,10,0,-3.2400000000000000000000000000
STORJUSDT,0,2026-05-19T03:53:04.0000000Z,0.1154,0.11354437,0.1209669,sl,1,3,1.3800000000000000000000000000
COLLECTUSDT,0,2026-05-19T04:06:13.0000000Z,0.06105,0.05976429,0.06426428,sl,1,2,0.6300000000000000000000000000
ONDOUSDT,0,2026-05-19T04:49:37.0000000Z,0.3925,0.3786526,0.4478896,sl,4,2,0.6300000000000000000000000000
IDOLUSDT,1,2026-05-19T05:54:45.0000000Z,0.02619,0.02692856,0.02434361,sl,5,3,1.3800000000000000000000000000
ACEUSDT,0,2026-05-19T06:03:54.0000000Z,0.1197,0.111639,0.1397,sl,1,3,1.3800000000000000000000000000
币安人生USDT,1,2026-05-19T07:30:17.0000000Z,0.4495,0.46978144,0.38865568,sl,5,0,-6.8880000000000000000000000000
XPTUSDT,0,2026-05-19T08:07:26.0000000Z,1971.0,1944.827,2201.4,sl,20,0,-2.1118569254185692541856925418
BSBUSDT,0,2026-05-19T08:35:50.0000000Z,0.69361,0.66642049,0.80236805,sl,1,2,0.6300000000000000000000000000
我踏马来了USDT,0,2026-05-19T09:06:14.0000000Z,0.008892,0.00812915,0.010984,sl,2,3,1.3800000000000000000000000000
EDENUSDT,0,2026-05-19T09:32:48.0000000Z,0.06671,0.0613265,0.08016874,sl,1,3,1.3800000000000000000000000000
SIRENUSDT,0,2026-05-19T12:20:06.0000000Z,0.5307,0.51560689,0.56843277,sl,0,0,-4.3860005652911249293386093838
DYMUSDT,0,2026-05-19T12:47:01.0000000Z,0.02394,0.02320025,0.02578936,sl,8,3,1.3800000000000000000000000000
TSTUSDT,0,2026-05-19T14:49:27.0000000Z,0.017454,0.01675584,0.02024664,sl,1,3,1.3800000000000000000000000000
DODOXUSDT,0,2026-05-19T15:26:07.0000000Z,0.01998,0.01931187,0.02198439,sl,0,0,-5.1359909909909909909909909910
TRIAUSDT,0,2026-05-19T16:21:28.0000000Z,0.04469,0.04336003,0.0500099,sl,11,1,-0.12
LUMIAUSDT,0,2026-05-19T16:42:43.0000000Z,0.10158,0.10022695,0.10496261,sl,0,0,-2.1180064973419964559952746603
IPUSDT,0,2026-05-19T19:23:14.0000000Z,0.4771,0.467849,0.5641,sl,10,1,-0.12
MEMEUSDT,0,2026-05-19T19:46:51.0000000Z,0.000511,0.0005065,0.00052449,sl,8,2,0.6300000000000000000000000000
USELESSUSDT,0,2026-05-19T20:04:49.0000000Z,0.05946,0.0584361,0.06201975,sl,1,3,1.3800000000000000000000000000
FOGOUSDT,0,2026-05-19T21:23:20.0000000Z,0.0179,0.01695703,0.02025743,sl,0,0,-8.021983240223463687150837989
TONUSDT,0,2026-05-19T23:54:30.0000000Z,1.9627,1.8927885,2.2857,sl,10,2,0.6300000000000000000000000000
BROCCOLIF3BUSDT,0,2026-05-20T00:03:32.0000000Z,0.004942,0.0047718,0.00536751,sl,2,3,1.3800000000000000000000000000
SPORTFUNUSDT,0,2026-05-20T00:59:16.0000000Z,0.06166,0.060724,0.064,sl,0,0,-2.3970029192345118391177424587
USUSDT,0,2026-05-20T01:30:39.0000000Z,0.005704,0.00560338,0.00595555,sl,0,0,-2.7660378681626928471248246844
AIAUSDT,0,2026-05-20T01:30:44.0000000Z,0.06092,0.05936654,0.06480365,sl,1,0,-3.9450000000000000000000000000
INJUSDT,0,2026-05-20T01:52:38.0000000Z,5.033,4.9695842,5.1915395,sl,0,0,-2.0100000000000000000000000000
PLAYUSDT,0,2026-05-20T03:51:30.0000000Z,0.12412,0.11501456,0.15143633,tp,10,3,32.892000483403158233967128586
IRYSUSDT,0,2026-05-20T04:01:27.0000000Z,0.0345,0.03366096,0.03701712,tp,10,3,10.824000000000000000000000000
HUSDT,0,2026-05-20T04:30:37.0000000Z,0.24683,0.23214345,0.297,sl,18,3,1.3800000000000000000000000000
NFPUSDT,0,2026-05-20T04:30:42.0000000Z,0.01105,0.01090348,0.01141631,sl,0,0,-2.1089592760180995475113122172
SKYAIUSDT,0,2026-05-20T04:46:07.0000000Z,0.36819,0.35475843,0.40176893,sl,0,0,-5.5919995111219750672207284282
TAKEUSDT,0,2026-05-20T05:23:02.0000000Z,0.02295,0.02128305,0.02624,sl,101,2,0.6300000000000000000000000000
TAGUSDT,0,2026-05-20T05:59:51.0000000Z,0.0011009,0.00108421,0.00114647,sl,0,0,-2.3940485057680079934598964484
API3USDT,0,2026-05-20T08:36:43.0000000Z,0.3341,0.326559,0.3742,sl,46,2,0.6300000000000000000000000000
PUMPBTCUSDT,0,2026-05-20T08:49:45.0000000Z,0.01459,0.01402712,0.01599721,sl,1,2,0.6300000000000000000000000000
XPDUSDT,0,2026-05-20T09:21:16.0000000Z,1374.66,1365.6422304,1401.7133088,sl,13,0,-1.1039999999999999999999999998
PROMPTUSDT,0,2026-05-20T09:21:19.0000000Z,0.04271,0.0400654,0.05328841,sl,1,3,1.3800000000000000000000000000
FIDAUSDT,0,2026-05-20T10:03:16.0000000Z,0.02521,0.02359964,0.02930591,tp,8,3,24.250745735819119397064656882
EDGEUSDT,0,2026-05-20T10:37:45.0000000Z,1.3406,1.3218316,1.3969052,sl,10,3,1.3800000000000000000000000000
FOGOUSDT,1,2026-05-20T13:46:50.0000000Z,0.0158,0.01642821,0.01391538,sl,50,0,-6.0840189873417721518987341773
MRVLUSDT,0,2026-05-20T15:53:59.0000000Z,188.48,182.9462272,210.6150912,sl,24,1,-0.12
PEOPLEUSDT,0,2026-05-20T16:03:31.0000000Z,0.006883,0.00667147,0.00811,sl,8,2,0.6300000000000000000000000000
FIDAUSDT,0,2026-05-20T16:32:03.0000000Z,0.02932,0.02719313,0.03463718,sl,6,3,1.3800000000000000000000000000
AINUSDT,0,2026-05-20T17:44:33.0000000Z,0.08697,0.08257975,0.10453098,tp,11,3,30.167995860641600551914453260
PHAROSUSDT,0,2026-05-20T17:59:57.0000000Z,0.5967,0.57561262,0.64941845,tp,11,3,13.132501256913021618903971845
AVAAIUSDT,0,2026-05-20T19:22:53.0000000Z,0.007395,0.00722151,0.00782872,sl,2,1,-0.12
DOGSUSDT,0,2026-05-20T20:24:41.0000000Z,0.00005834,0.00005698,0.00006241,sl,7,3,1.3800000000000000000000000000
BASEDUSDT,1,2026-05-20T21:39:59.0000000Z,0.07732,0.07834526,0.07475684,sl,10,1,-0.12
YBUSDT,0,2026-05-20T22:06:01.0000000Z,0.1117,0.10973631,0.11660921,sl,7,1,-0.12
BICOUSDT,0,2026-05-21T00:03:50.0000000Z,0.0258,0.02519783,0.02730543,sl,2,2,0.6300000000000000000000000000
HUMAUSDT,0,2026-05-21T01:00:13.0000000Z,0.022962,0.02253583,0.02424052,sl,0,0,-2.9039691664489155996864384635
BROCCOLI714USDT,0,2026-05-21T01:23:11.0000000Z,0.01532,0.01485427,0.01718291,sl,8,3,1.3800000000000000000000000000
COLLECTUSDT,1,2026-05-21T01:37:42.0000000Z,0.0525,0.055902,0.042294,sl,10,3,1.3800000000000000000000000000
ATHUSDT,0,2026-05-21T02:33:20.0000000Z,0.006066,0.00571926,0.006837,sl,24,2,0.6300000000000000000000000000
RIFUSDT,0,2026-05-21T02:47:04.0000000Z,0.0759,0.07391446,0.08185663,sl,0,0,-4.0439920948616600790513833993
1000CHEEMSUSDT,0,2026-05-21T02:53:18.0000000Z,0.0006607,0.00063924,0.00074654,tp,11,3,19.368421371272892386862418647
KAIAUSDT,0,2026-05-21T03:02:16.0000000Z,0.05259,0.05183901,0.05446746,sl,11,0,-2.2620136908157444381061038221
1000CHEEMSUSDT,0,2026-05-21T03:55:00.0000000Z,0.0007498,0.00071327,0.00089592,sl,0,0,-7.4279487863430248066150973592
LABUSDT,0,2026-05-21T04:33:31.0000000Z,4.5678,4.41898108,4.93984731,sl,2,2,0.6300000000000000000000000000
SCRUSDT,0,2026-05-21T04:39:52.0000000Z,0.04747,0.046288,0.05042501,sl,14,3,1.3800000000000000000000000000
SWARMSUSDT,0,2026-05-21T04:39:54.0000000Z,0.01564,0.01539414,0.01625465,sl,5,3,1.3800000000000000000000000000
BERAUSDT,0,2026-05-21T05:27:21.0000000Z,0.4098,0.40441523,0.42326193,sl,0,0,-2.0909992679355783308931185944
TSTUSDT,0,2026-05-21T06:22:33.0000000Z,0.018187,0.0177145,0.01936825,sl,0,0,-4.0170143509099906526639907625
SCRTUSDT,0,2026-05-21T06:38:13.0000000Z,0.08303,0.0805856,0.09280761,sl,7,2,0.6300000000000000000000000000
XANUSDT,0,2026-05-21T06:45:21.0000000Z,0.00968,0.00950963,0.0101911,sl,1,2,0.6300000000000000000000000000
ASTERUSDT,0,2026-05-21T07:46:12.0000000Z,0.7223,0.71098878,0.75057805,sl,0,0,-2.4690004153398864737643638378
FIDAUSDT,1,2026-05-21T08:48:11.0000000Z,0.03382,0.03819496,0.02069513,sl,4,3,1.3800000000000000000000000000
SANDUSDT,0,2026-05-21T09:34:15.0000000Z,0.07249,0.06971965,0.07968,sl,54,2,0.6300000000000000000000000000
PROVEUSDT,0,2026-05-21T09:48:38.0000000Z,0.3303,0.31315743,0.37315642,sl,8,3,1.3800000000000000000000000000
CYSUSDT,0,2026-05-21T10:39:55.0000000Z,0.4738,0.4631395,0.50045125,sl,1,1,-0.12
USELESSUSDT,0,2026-05-21T10:48:01.0000000Z,0.0777,0.07482199,0.08921203,sl,1,2,0.6300000000000000000000000000
SCRUSDT,0,2026-05-21T10:48:03.0000000Z,0.04725,0.04520124,0.05339628,sl,126,0,-6.6240000000000000000000000000
MEGAUSDT,0,2026-05-21T11:10:43.0000000Z,0.09363,0.09177613,0.09826469,sl,0,0,-3.0899935917975008010253123998
BREVUSDT,0,2026-05-21T11:34:27.0000000Z,0.1178,0.1151495,0.12442625,sl,18,1,-0.12
FIDAUSDT,0,2026-05-21T18:20:30.0000000Z,0.04603,0.04015289,0.06953844,sl,6,0,-19.271998696502281121008038236
2ZUSDT,0,2026-05-21T18:58:31.0000000Z,0.11358,0.11101082,0.12000295,sl,8,3,1.3800000000000000000000000000
LDOUSDT,0,2026-05-21T19:45:33.0000000Z,0.3505,0.3463595,0.3977,sl,18,3,1.3800000000000000000000000000
BANDUSDT,0,2026-05-21T22:07:51.0000000Z,0.2141,0.20954395,0.22776814,sl,10,2,0.6300000000000000000000000000
WUSDT,0,2026-05-21T23:03:25.0000000Z,0.01274,0.01258712,0.0131222,tp,10,3,4.3800000000000000000000000001
BASUSDT,0,2026-05-21T23:09:42.0000000Z,0.02203,0.02120167,0.02451498,sl,0,0,-5.7600136177939173853835678620
OPGUSDT,0,2026-05-21T23:09:45.0000000Z,0.2929,0.28402513,0.31508717,sl,0,0,-4.6650000000000000000000000000
GTCUSDT,0,2026-05-22T04:32:24.0000000Z,0.11592,0.1127067,0.12716656,sl,0,0,-4.2779968944099378881987577640
INUSDT,0,2026-05-22T05:42:42.0000000Z,0.06325,0.06155427,0.06867634,sl,4,0,-4.1414940711462450592885375495
QCOMUSDT,0,2026-05-22T06:05:28.0000000Z,218.46,217.0443792,222.98998656,sl,0,0,-1.0919999999999999999999999999
ATHUSDT,0,2026-05-22T07:17:36.0000000Z,0.006667,0.00652933,0.00710756,sl,0,0,-3.2174201289935503224838758063
JCTUSDT,0,2026-05-22T08:11:34.0000000Z,0.003745,0.00363198,0.00414058,sl,0,0,-4.6468357810413885180240320427
JTOUSDT,0,2026-05-22T11:02:41.0000000Z,0.5424,0.53146522,0.58067174,sl,0,0,-3.1439988938053097345132743363
BARDUSDT,0,2026-05-22T11:22:32.0000000Z,0.2275,0.2215865,0.262,sl,10,2,0.6300000000000000000000000000
BCHUSDT,0,2026-05-22T13:14:57.0000000Z,380.4,374.319,421.6,sl,22,0,-2.5178706624605678233438485804
TAGUSDT,0,2026-05-22T13:46:45.0000000Z,0.0012868,0.00124807,0.00141074,tp,1,3,14.327466583773702207025178738
QNTUSDT,0,2026-05-22T15:44:01.0000000Z,79.06,77.2171114,84.95724352,sl,3,3,1.3800000000000000000000000000
RECALLUSDT,0,2026-05-22T15:52:15.0000000Z,0.06442,0.06275603,0.07024389,sl,0,0,-3.9945032598571872089413225707
QCOMUSDT,0,2026-05-22T16:33:12.0000000Z,242.15,235.61195,265.033175,sl,150,3,1.3800000000000000000000000000
TAKEUSDT,0,2026-05-22T16:33:13.0000000Z,0.0246,0.02364601,0.02765276,sl,0,0,-5.9370121951219512195121951220
SKYAIUSDT,0,2026-05-22T16:54:44.0000000Z,0.27031,0.2550483,0.31914745,sl,2,3,1.3800000000000000000000000000
INUSDT,0,2026-05-22T17:51:29.0000000Z,0.06774,0.06499653,0.0765191,tp,10,3,19.319991142604074402125775022
BILLUSDT,0,2026-05-22T18:43:41.0000000Z,0.09267,0.08743229,0.10943067,sl,0,0,-8.598002589834898025250890256
BSBUSDT,0,2026-05-22T23:05:48.0000000Z,1.16054,1.06402949,1.46937362,sl,0,0,-12.594000465300635910869078188
HANAUSDT,0,2026-05-23T01:52:31.0000000Z,0.03802,0.03776653,0.03808634,sl,0,0,-1.1200131509731720147290899527
USELESSUSDT,0,2026-05-23T02:11:02.0000000Z,0.06966,0.0691956,0.06978086,sl,0,0,-1.1200000000000000000000000000
BANUSDT,0,2026-05-23T04:33:42.0000000Z,0.08679,0.0862114,0.09638828,sl,0,0,-1.1200000000000000000000000000
BANUSDT,0,2026-05-23T04:44:42.0000000Z,0.08708,0.08649947,0.09752176,sl,0,0,-1.1199942581534221405604042260
BANUSDT,0,2026-05-23T04:51:01.0000000Z,0.08708,0.08409664,0.09752176,sl,0,0,-5.2589986219568213137344970142
BANUSDT,0,2026-05-23T04:51:02.0000000Z,0.08719,0.08470073,0.09839174,sl,0,0,-4.4024922582865007454983369652
B2USDT,0,2026-05-23T07:16:21.0000000Z,0.6824,0.67785067,0.72510459,sl,0,0,-1.1199992672919109026963657679
BSBUSDT,0,2026-05-23T07:54:14.0000000Z,1.34666,1.26700506,1.70510723,sl,0,0,-8.992500111386690033118975837
HANAUSDT,0,2026-05-23T08:48:32.0000000Z,0.04092,0.0406472,0.04586968,sl,0,0,-1.1200000000000000000000000000
SUIUSDT,1,2026-05-23T10:06:56.0000000Z,1.0014,1.00818949,0.97763678,sl,11,0,-1.1369997004194128220491312163
SUIUSDT,1,2026-05-23T10:06:58.0000000Z,1.0014,1.008076,0.97763678,sl,11,0,-1.1200000000000000000000000000
DODOXUSDT,0,2026-05-23T11:45:04.0000000Z,0.019946,0.01910129,0.02374721,sl,0,0,-6.4724766870550486313045222100
HANAUSDT,0,2026-05-23T12:00:31.0000000Z,0.04092,0.03937322,0.04586968,tp,10,3,18.023988269794721407624633431
TONUSDT,0,2026-05-23T12:18:59.0000000Z,1.7817,1.769822,1.84829995,sl,0,0,-1.1200000000000000000000000000
SQDUSDT,0,2026-05-23T13:28:16.0000000Z,0.03894,0.0386804,0.04049371,sl,0,0,-1.1200000000000000000000000000
XAGUSDT,0,2026-05-23T14:46:18.0000000Z,75.73,74.6648,78.96,sl,92,3,1.3800000000000000000000000000
HANAUSDT,0,2026-05-23T16:22:16.0000000Z,0.04092,0.03911543,0.04669463,tp,9,3,21.047998533724340175953079179
SQDUSDT,0,2026-05-23T17:14:39.0000000Z,0.03894,0.03849608,0.04049371,sl,3,0,-1.8300154083204930662557781202
VIRTUALUSDT,0,2026-05-23T17:52:04.0000000Z,0.7766,0.77142267,0.8150883,sl,0,0,-1.1199993561679114087046098378
ROBOUSDT,0,2026-05-23T18:02:34.0000000Z,0.0203,0.02008076,0.02106734,tp,10,3,5.5500000000000000000000000000
ROBOUSDT,0,2026-05-23T18:02:35.0000000Z,0.0203,0.02016467,0.02106734,tp,10,3,5.5500000000000000000000000000
VIRTUALUSDT,0,2026-05-23T18:31:38.0000000Z,0.7766,0.76560334,0.8150883,sl,0,0,-2.2440007725985063095544681947
COSUSDT,1,2026-05-23T18:31:41.0000000Z,0.001285,0.00129357,0.0010192,sl,0,0,-1.1203891050583657587548638132
BASUSDT,0,2026-05-23T19:33:35.0000000Z,0.023068,0.02291421,0.02672543,sl,0,0,-1.1200216750476851049072307959
BASUSDT,0,2026-05-23T19:40:04.0000000Z,0.023094,0.0222222,0.02701709,sl,0,0,-5.7825097427903351519875292284
MEUSDT,0,2026-05-23T21:44:24.0000000Z,0.1036,0.10087014,0.11588437,sl,3,3,1.3800000000000000000000000000
INUSDT,1,2026-05-23T21:50:54.0000000Z,0.08857,0.08916047,0.066684,sl,0,0,-1.1200056452523427797222535847
GRASSUSDT,0,2026-05-23T21:59:05.0000000Z,0.5363,0.51651053,0.5996263,sl,1,2,0.6300000000000000000000000000
PROVEUSDT,0,2026-05-23T22:31:35.0000000Z,0.2851,0.28319933,0.3228786,sl,0,0,-1.1200017537706068046299544020
SUPERUSDT,0,2026-05-23T22:56:05.0000000Z,0.1343,0.13340467,0.14902197,sl,0,0,-1.1199962769918093819806403574
RIFUSDT,0,2026-05-23T23:10:31.0000000Z,0.0511,0.05075933,0.06185246,sl,0,0,-1.1200097847358121330724070450
PROVEUSDT,0,2026-05-23T23:26:42.0000000Z,0.2854,0.27459476,0.32321835,sl,5,1,-0.12
RIFUSDT,0,2026-05-24T00:00:13.0000000Z,0.0511,0.04853989,0.06262049,sl,0,0,-7.6349999999999999999999999999
SUPERUSDT,0,2026-05-24T01:04:32.0000000Z,0.1344,0.13019059,0.14913293,sl,0,0,-4.8180022321428571428571428573
SUPERUSDT,0,2026-05-24T01:04:33.0000000Z,0.1344,0.12948902,0.15158842,sl,0,0,-5.6010044642857142857142857144
VICUSDT,0,2026-05-24T01:04:35.0000000Z,0.05559,0.0552194,0.05880266,sl,0,0,-1.1200000000000000000000000000
LUMIAUSDT,0,2026-05-24T02:36:15.0000000Z,0.11406,0.1132996,0.12201226,sl,0,0,-1.1200000000000000000000000000
PLUMEUSDT,0,2026-05-24T03:14:17.0000000Z,0.01481,0.01452209,0.0157313,sl,2,3,1.3800000000000000000000000000
PLUMEUSDT,0,2026-05-24T03:14:18.0000000Z,0.01481,0.01471127,0.0157313,sl,2,3,1.3800000000000000000000000000
SKYAIUSDT,0,2026-05-24T03:14:22.0000000Z,0.33148,0.32927013,0.34909153,sl,0,0,-1.1200015083866296609146856522
GRASSUSDT,0,2026-05-24T03:21:14.0000000Z,0.5327,0.50976726,0.60608475,sl,1,3,1.3800000000000000000000000000
FLNCUSDT,0,2026-05-24T03:29:20.0000000Z,23.0,22.8137,23.65205,sl,0,0,-1.3350000000000000000000000000
FLNCUSDT,0,2026-05-24T03:29:21.0000000Z,23.0,22.84666667,23.65205,sl,0,0,-1.1199999782608695652173913043
NOMUSDT,0,2026-05-24T03:35:45.0000000Z,0.002322,0.00230652,0.00250339,sl,0,0,-1.1200000000000000000000000000
MBOXUSDT,0,2026-05-24T04:19:16.0000000Z,0.01133,0.01093007,0.013599,sl,106,0,-5.4147484554280670785525154456
FIDAUSDT,0,2026-05-24T04:59:09.0000000Z,0.03452,0.03428987,0.03859405,sl,0,0,-1.1199855156431054461181923523
NOMUSDT,0,2026-05-24T05:36:15.0000000Z,0.002322,0.00227017,0.00250339,sl,0,0,-3.4681912144702842377260981912
SPACEUSDT,1,2026-05-24T06:07:29.0000000Z,0.008038,0.00809159,0.00772934,sl,8,2,0.6300000000000000000000000000
LITUSDT,0,2026-05-24T06:19:20.0000000Z,1.2809,1.27236067,1.38074872,sl,0,0,-1.1199996096494652197673510813
BILLUSDT,0,2026-05-24T06:33:13.0000000Z,0.09984,0.0991744,0.11416005,sl,0,0,-1.1200000000000000000000000000
GRASSUSDT,0,2026-05-24T06:48:07.0000000Z,0.5494,0.54573733,0.61501155,sl,0,0,-1.1200009100837277029486712778
XPINUSDT,0,2026-05-24T07:38:50.0000000Z,0.001289,0.00128041,0.00139511,sl,0,0,-1.1196121024049650892164468581
TRUSTUSDT,0,2026-05-24T07:53:38.0000000Z,0.07728,0.0767648,0.08289516,sl,0,0,-1.1200000000000000000000000000
TRUSTUSDT,0,2026-05-24T08:21:26.0000000Z,0.07917,0.0786422,0.08801677,sl,0,0,-1.1200000000000000000000000000
VETUSDT,0,2026-05-24T08:35:31.0000000Z,0.006736,0.00669397,0.00688311,sl,10,0,-1.0559412114014251781472684085
TRUSTUSDT,0,2026-05-24T08:35:34.0000000Z,0.0775,0.07698333,0.08731382,sl,0,0,-1.1200064516129032258064516129
NILUSDT,0,2026-05-24T08:43:05.0000000Z,0.06828,0.0678248,0.07648179,sl,0,0,-1.1200000000000000000000000000
AEROUSDT,0,2026-05-24T09:29:16.0000000Z,0.4494,0.446404,0.46147987,sl,11,1,-0.12
GRASSUSDT,1,2026-05-24T09:42:49.0000000Z,0.5333,0.53685533,0.47539962,sl,0,0,-1.1199990624414025876617288580
LITUSDT,0,2026-05-24T10:11:58.0000000Z,1.279,1.24784356,1.37870061,tp,11,3,11.572800234558248631743549649
AIAUSDT,0,2026-05-24T10:50:22.0000000Z,0.0634,0.06297733,0.07184108,sl,0,0,-1.1200078864353312302839116719
WLDUSDT,0,2026-05-24T10:59:10.0000000Z,0.3112,0.30576645,0.33021743,sl,0,0,-2.7389990359897172236503856041
WLDUSDT,0,2026-05-24T10:59:12.0000000Z,0.3115,0.30942333,0.33053576,sl,0,0,-1.1200016051364365971107544141
FIDAUSDT,0,2026-05-24T12:21:20.0000000Z,0.03452,0.03316198,0.03927306,tp,11,3,20.533505214368482039397450753
TRUSTUSDT,0,2026-05-24T12:21:22.0000000Z,0.07431,0.0738146,0.08509312,sl,7,3,1.3800000000000000000000000000
TRUSTUSDT,0,2026-05-24T12:31:34.0000000Z,0.07508,0.07204376,0.08570682,sl,5,3,1.3800000000000000000000000000
UAIUSDT,0,2026-05-24T12:31:36.0000000Z,0.2965,0.29452333,0.31836035,sl,0,0,-1.1200016863406408094435075885
UAIUSDT,0,2026-05-24T13:37:07.0000000Z,0.2965,0.28966864,0.31836035,sl,0,0,-3.5760000000000000000000000000
AKEUSDT,0,2026-05-24T14:06:30.0000000Z,0.0003432,0.00034091,0.00035961,sl,0,0,-1.1208741258741258741258741259
PHAUSDT,1,2026-05-24T16:05:12.0000000Z,0.03792,0.0381728,0.03323855,sl,3,2,0.6300000000000000000000000000
FOGOUSDT,0,2026-05-24T16:54:25.0000000Z,0.01712,0.01700587,0.01823092,sl,0,0,-1.1199707943925233644859813085
YBUSDT,0,2026-05-24T18:32:27.0000000Z,0.1292,0.12833867,0.14444818,sl,7,3,1.3800000000000000000000000001
YBUSDT,0,2026-05-24T18:57:55.0000000Z,0.1292,0.12484338,0.14444818,sl,6,3,1.3800000000000000000000000001
YBUSDT,0,2026-05-24T18:57:59.0000000Z,0.1292,0.12411727,0.14698955,sl,6,3,1.3800000000000000000000000001
NOTUSDT,1,2026-05-24T20:43:55.0000000Z,0.0004463,0.00044928,0.00043515,sl,5,2,0.6300000000000000000000000000
HIVEUSDT,0,2026-05-24T21:23:42.0000000Z,0.06469,0.06425873,0.0679069,sl,0,0,-1.1200077291698871541196475498
HUMAUSDT,0,2026-05-24T22:04:13.0000000Z,0.025555,0.02512874,0.0270469,sl,4,1,-0.12
MITOUSDT,0,2026-05-24T22:13:28.0000000Z,0.0421,0.04181933,0.04599004,sl,0,0,-1.1200118764845605700712589074
AKTUSDT,0,2026-05-25T00:11:17.0000000Z,0.8865,0.86837994,0.94992021,sl,0,0,-3.1860000000000000000000000001
SUPERUSDT,0,2026-05-25T00:38:04.0000000Z,0.1269,0.12092174,0.14603043,sl,93,0,-7.1865011820330969267139479904
DISUSDT,0,2026-05-25T01:07:32.0000000Z,108.62,105.8045696,117.62937728,sl,0,0,-4.0080000000000000000000000000
DISUSDT,0,2026-05-25T01:07:35.0000000Z,107.45,105.354725,114.15488,sl,0,0,-3.0450000000000000000000000001
DISUSDT,0,2026-05-25T01:07:36.0000000Z,107.84,105.38664,115.690752,sl,0,0,-3.5325000000000000000000000000
SPACEUSDT,1,2026-05-25T02:08:08.0000000Z,0.007713,0.00777409,0.00751752,sl,0,0,-1.3080591209646052119797744069
TAGUSDT,0,2026-05-25T02:50:26.0000000Z,0.0015979,0.00156712,0.00170561,sl,0,0,-3.0094173602853745541022592153
ERAUSDT,0,2026-05-25T03:32:15.0000000Z,0.1329,0.13097827,0.13962607,sl,0,0,-2.2889954853273137697516930022
ERAUSDT,0,2026-05-25T03:32:17.0000000Z,0.1329,0.12905653,0.14635214,sl,0,0,-4.4580022573363431151241534988
NILUSDT,0,2026-05-25T03:32:19.0000000Z,0.08064,0.07807162,0.08962934,sl,0,0,-4.8974925595238095238095238095
SPACEUSDT,1,2026-05-25T04:04:30.0000000Z,0.007713,0.00783517,0.00732204,sl,11,0,-2.4959237650719564371839751070
PLAYUSDT,0,2026-05-25T04:41:37.0000000Z,0.07193,0.06892405,0.08245084,sl,0,0,-6.3884901988043931600166828860
PLAYUSDT,0,2026-05-25T04:47:38.0000000Z,0.07193,0.06677693,0.08996573,sl,0,0,-10.866010009731683581259557903
XLMUSDT,0,2026-05-25T05:08:51.0000000Z,0.1502,0.14934386,0.15319649,sl,0,0,-0.9750000000000000000000000000
DRIFTUSDT,0,2026-05-25T06:42:27.0000000Z,0.0348,0.0338169,0.03824085,sl,0,0,-4.3575000000000000000000000000
ASTERUSDT,0,2026-05-25T07:33:22.0000000Z,0.7111,0.70610808,0.72707415,sl,2,2,0.6300000000000000000000000000
ZENUSDT,0,2026-05-25T08:03:53.0000000Z,6.451,6.3793939,6.70162135,sl,0,0,-1.7850000000000000000000000000
AZTECUSDT,0,2026-05-25T08:59:03.0000000Z,0.0221,0.02185336,0.02296323,sl,0,0,-1.7940271493212669683257918552
AKTUSDT,0,2026-05-25T09:05:32.0000000Z,0.9025,0.88070463,0.97878381,sl,5,3,1.3800000000000000000000000000
DYMUSDT,0,2026-05-25T09:19:21.0000000Z,0.02878,0.02742964,0.03350625,sl,14,0,-7.1580125086865879082696316887
TAGUSDT,0,2026-05-25T10:11:44.0000000Z,0.0015991,0.0015375,0.00181469,sl,1,3,1.3800000000000000000000000000
LITUSDT,0,2026-05-25T10:59:14.0000000Z,1.2809,1.24449682,1.39739017,sl,4,3,1.3800000000000000000000000000
NEARUSDT,0,2026-05-25T10:59:18.0000000Z,2.489,2.4529095,2.61531675,sl,0,0,-2.2950000000000000000000000000
NEARUSDT,0,2026-05-25T11:13:19.0000000Z,2.489,2.4456914,2.6405801,sl,1,0,-2.7300000000000000000000000000
TRUTHUSDT,0,2026-05-25T12:04:11.0000000Z,0.013764,0.01345775,0.01483587,sl,2,3,1.3800000000000000000000000001
NOTUSDT,0,2026-05-25T14:28:38.0000000Z,0.0004908,0.00048459,0.00051253,sl,0,0,-2.0179217603911980440097799511
CTKUSDT,0,2026-05-25T15:04:47.0000000Z,0.1664,0.16282406,0.177843,sl,10,3,1.3800000000000000000000000000
PENDLEUSDT,0,2026-05-25T15:18:32.0000000Z,1.9669,1.91497384,2.14864156,sl,7,2,0.6300000000000000000000000000
TONUSDT,0,2026-05-25T16:09:42.0000000Z,2.0594,2.01726468,2.20687363,sl,0,0,-3.1889997086530057298242206468
TONUSDT,0,2026-05-25T16:09:44.0000000Z,2.0594,2.01024212,2.23145257,sl,6,3,1.3800000000000000000000000000
AKTUSDT,0,2026-05-25T20:17:08.0000000Z,0.9338,0.89323573,1.07577495,sl,6,2,0.6300000000000000000000000000
AKTUSDT,0,2026-05-25T21:15:28.0000000Z,0.933,0.90935778,1.01574777,sl,1,2,0.6300000000000000000000000000
AIOUSDT,0,2026-05-25T21:45:30.0000000Z,0.09286,0.09044193,0.10132326,sl,10,0,-4.0259928925263838035752746069
PHAUSDT,0,2026-05-25T21:51:49.0000000Z,0.04671,0.04327682,0.05872615,sl,11,3,1.3800000000000000000000000000
PHAUSDT,0,2026-05-25T22:34:01.0000000Z,0.04666,0.04421035,0.05523377,sl,8,3,1.3800000000000000000000000000
INJUSDT,0,2026-05-26T00:39:42.0000000Z,5.56,5.4655912,5.8904308,sl,4,3,1.3800000000000000000000000000
INJUSDT,0,2026-05-26T00:39:45.0000000Z,5.56,5.3711824,6.2208616,sl,4,3,1.3800000000000000000000000000
FLUXUSDT,0,2026-05-26T00:49:02.0000000Z,0.07962,0.07702598,0.08792086,sl,1,3,1.3800000000000000000000000000
CYSUSDT,0,2026-05-26T03:05:48.0000000Z,0.4336,0.42567813,0.45894999,tp,10,3,8.649599861623616236162361624
QUSDT,0,2026-05-26T04:00:05.0000000Z,0.017271,0.01672178,0.0190285,tp,8,3,15.144026402640264026402640265
BANUSDT,0,2026-05-26T05:17:18.0000000Z,0.10126,0.09718327,0.11552855,sl,13,0,-6.1590035552044242543946276913
BANUSDT,0,2026-05-26T06:20:18.0000000Z,0.10103,0.09628462,0.11763883,sl,11,0,-7.1655013362367613580124715431
BANUSDT,0,2026-05-26T06:20:21.0000000Z,0.10103,0.09357298,0.14577215,sl,90,0,-11.191493615757695733940413739
HANAUSDT,0,2026-05-26T07:06:47.0000000Z,0.036,0.03512736,0.03905424,sl,1,3,1.3800000000000000000000000000
HANAUSDT,0,2026-05-26T07:06:49.0000000Z,0.03601,0.03426424,0.04212018,sl,1,3,1.3800000000000000000000000000
HANAUSDT,0,2026-05-26T07:06:54.0000000Z,0.03605,0.03503051,0.03961823,sl,1,3,1.3800000000000000000000000000
INUSDT,0,2026-05-26T07:44:38.0000000Z,0.08311,0.07761227,0.10235204,tp,11,3,34.608745036698351582240404283
TAGUSDT,1,2026-05-26T08:07:49.0000000Z,0.0015865,0.00161244,0.00149571,tp,11,3,8.463989914907028049164828239
RESOLVUSDT,0,2026-05-26T08:18:11.0000000Z,0.02449,0.02377881,0.02697916,sl,0,0,-4.4760024499795835034708044100
IOUSDT,0,2026-05-26T08:33:28.0000000Z,0.1665,0.16245572,0.180655,tp,10,3,12.632252252252252252252252252
CROSSUSDT,0,2026-05-26T08:33:38.0000000Z,0.10135,0.09826085,0.11216202,sl,0,0,-4.6920029600394671928959052787
SENTUSDT,0,2026-05-26T11:10:13.0000000Z,0.0175,0.01707475,0.01898838,sl,6,3,1.3799999999999999999999999999
SENTUSDT,0,2026-05-26T11:50:24.0000000Z,0.0175,0.01700388,0.01923644,sl,3,3,1.3799999999999999999999999999
SENTUSDT,0,2026-05-26T11:50:27.0000000Z,0.0175,0.01672038,0.02217775,sl,3,3,1.3799999999999999999999999999
INUSDT,0,2026-05-26T12:33:20.0000000Z,0.08447,0.07792189,0.10542397,tp,288,3,37.089606961051260802651829051
WLDUSDT,0,2026-05-26T12:53:48.0000000Z,0.3627,0.34298363,0.4317073,sl,45,3,1.3800000000000000000000000000
MORPHOUSDT,0,2026-05-26T12:53:50.0000000Z,2.223,2.16991476,2.40879834,sl,6,3,1.3800000000000000000000000000
TAUSDT,0,2026-05-26T13:10:14.0000000Z,0.06272,0.0617792,0.0660128,sl,0,0,-2.3700000000000000000000000000
CROSSUSDT,0,2026-05-26T13:18:01.0000000Z,0.10122,0.09556383,0.13515704,sl,0,0,-8.501994665085951393005334914
SPORTFUNUSDT,0,2026-05-26T14:33:06.0000000Z,0.05551,0.05382361,0.06141238,sl,3,3,1.3800000000000000000000000000
SPORTFUNUSDT,0,2026-05-26T14:33:10.0000000Z,0.0556,0.05294566,0.07152606,sl,3,3,1.3800000000000000000000000000
BANUSDT,1,2026-05-26T15:20:55.0000000Z,0.09761,0.1022699,0.08269832,sl,23,2,0.6300000000000000000000000000
WLFIUSDT,1,2026-05-26T16:01:19.0000000Z,0.0544,0.05666576,0.04714957,sl,0,0,-6.3674999999999999999999999999
AINUSDT,0,2026-05-26T16:41:35.0000000Z,0.08747,0.08188941,0.10532788,sl,11,0,-9.690006859494683891619983995
DYDXUSDT,1,2026-05-26T17:05:36.0000000Z,0.1676,0.1744783,0.14558943,sl,16,2,0.6300000000000000000000000000
CYSUSDT,0,2026-05-26T18:54:06.0000000Z,0.4339,0.42031025,0.47738719,tp,11,3,14.913598755473611431205346854
FETUSDT,1,2026-05-26T21:33:10.0000000Z,0.2505,0.2617725,0.214428,sl,1,2,0.6300000000000000000000000000
FETUSDT,1,2026-05-26T21:33:12.0000000Z,0.2505,0.273045,0.178356,sl,1,2,0.6300000000000000000000000000
FETUSDT,1,2026-05-26T22:31:14.0000000Z,0.2505,0.26365125,0.208416,sl,39,3,1.3800000000000000000000000000
DYDXUSDT,1,2026-05-27T05:06:18.0000000Z,0.1691,0.17538714,0.14898116,sl,6,3,1.3800000000000000000000000000
DYDXUSDT,1,2026-05-27T05:31:34.0000000Z,0.1705,0.17448629,0.15654799,sl,5,3,1.3800000000000000000000000000
SNDKUSDT,0,2026-05-27T09:52:55.0000000Z,1648.81,1633.5749956,1702.1325154,sl,0,0,-1.5060000000000000000000000001
SOXLUSDT,0,2026-05-27T10:32:05.0000000Z,250.44,243.3926184,272.99162112,sl,0,0,-4.3409999999999999999999999999
RKLBUSDT,0,2026-05-27T10:38:34.0000000Z,151.86,148.0118676,165.3284634,sl,3,3,1.3800000000000000000000000000
ALTUSDT,0,2026-05-27T11:28:18.0000000Z,0.007802,0.00735573,0.01047965,sl,6,3,1.3800000000000000000000000000
SPORTFUNUSDT,0,2026-05-27T11:57:04.0000000Z,0.05725,0.05579528,0.06234153,tp,11,3,13.220253275109170305676855895
ICPUSDT,0,2026-05-27T15:17:09.0000000Z,2.859,2.73857892,3.28047378,sl,7,3,1.3800000000000000000000000000
USUSDT,1,2026-05-27T17:17:45.0000000Z,0.00706,0.00725669,0.00643059,sl,1,1,-0.12
USUSDT,1,2026-05-27T17:17:51.0000000Z,0.00706,0.00736909,0.00607092,sl,1,1,-0.12
USTCUSDT,1,2026-05-28T00:56:50.0000000Z,0.006637,0.00679708,0.00612473,tp,9,3,11.457595299080910049721259605
WLDUSDT,1,2026-05-28T02:10:44.0000000Z,0.3973,0.42360921,0.31311054,tp,11,3,31.665600302038761641077271583
SPORTFUNUSDT,0,2026-05-28T05:03:00.0000000Z,0.05725,0.05475619,0.06597833,sl,1,3,1.3800000000000000000000000000
PENDLEUSDT,0,2026-05-28T08:47:40.0000000Z,1.5513,1.53035745,1.62459892,sl,0,0,-2.1450000000000000000000000000
ALLOUSDT,0,2026-05-28T13:13:36.0000000Z,0.10133,0.09846439,0.11135964,sl,0,0,-4.3619964472515543274449817427
HOMEUSDT,0,2026-05-28T17:01:59.0000000Z,0.027715,0.02673223,0.03085988,sl,1,1,-0.12
INUSDT,0,2026-05-28T17:19:09.0000000Z,0.09401,0.0887739,0.11184,sl,9,2,0.6300000000000000000000000000
FETUSDT,1,2026-05-28T17:39:05.0000000Z,0.2494,0.27016754,0.12479477,sl,32,3,1.3800000000000000000000000000
HOMEUSDT,0,2026-05-28T19:22:50.0000000Z,0.027701,0.02573645,0.03398758,sl,65,3,1.3800000000000000000000000000
BATUSDT,0,2026-05-28T19:22:52.0000000Z,0.1137,0.11012527,0.12513913,sl,1,3,1.3800000000000000000000000000
1000LUNCUSDT,1,2026-05-28T19:22:58.0000000Z,0.08203,0.08298483,0.07897455,sl,8,2,0.6300000000000000000000000000
HOMEUSDT,0,2026-05-28T19:50:55.0000000Z,0.027516,0.02637381,0.03117101,sl,63,3,1.3800000000000000000000000000
BATUSDT,0,2026-05-28T21:00:12.0000000Z,0.1134,0.1098347,0.12480895,sl,4,1,-0.12
1000LUNCUSDT,1,2026-05-28T21:16:40.0000000Z,0.082,0.08390896,0.07589133,sl,48,3,1.3800000000000000000000000000
ALTUSDT,1,2026-05-28T21:30:38.0000000Z,0.007069,0.00714831,0.00681519,sl,10,2,0.6300000000000000000000000000
LITUSDT,0,2026-05-28T22:34:21.0000000Z,1.205,1.1797673,1.28574464,sl,0,0,-3.2610000000000000000000000000
LITUSDT,0,2026-05-28T22:34:24.0000000Z,1.205,1.17608,1.28574464,sl,0,0,-3.7200000000000000000000000000
LITUSDT,0,2026-05-28T22:34:27.0000000Z,1.2052,1.17575696,1.29941772,sl,0,0,-3.7845004978426817125788250913
PHAUSDT,1,2026-05-28T23:05:07.0000000Z,0.0538,0.05829338,0.0394212,tp,252,3,39.969591078066914498141263941
SYRUPUSDT,0,2026-05-28T23:15:48.0000000Z,0.16551,0.16301742,0.17423403,sl,0,0,-2.3789994562262098966829798804
SYRUPUSDT,0,2026-05-28T23:22:24.0000000Z,0.16555,0.16264129,0.1757305,sl,0,0,-2.7554968287526427061310782240
NILUSDT,0,2026-05-28T23:30:22.0000000Z,0.0667,0.06541536,0.07119625,sl,0,0,-3.0089955022488755622188905548
SYRUPUSDT,0,2026-05-28T23:49:22.0000000Z,0.16548,0.16049574,0.1829249,sl,6,0,-4.6380021754894851341551849164
IRYSUSDT,1,2026-05-29T00:15:38.0000000Z,0.02621,0.0276007,0.02134254,sl,10,3,1.3800000000000000000000000000
IRYSUSDT,1,2026-05-29T00:15:39.0000000Z,0.02621,0.02839539,0.01309766,sl,10,3,1.3800000000000000000000000000
ARCUSDT,0,2026-05-29T00:34:09.0000000Z,0.0679,0.06508894,0.07773871,sl,5,3,1.3800000000000000000000000000
HMSTRUSDT,0,2026-05-29T03:46:38.0000000Z,0.0001812,0.00017654,0.00019613,sl,2,3,1.3800000000000000000000000000
HMSTRUSDT,0,2026-05-29T03:46:42.0000000Z,0.0001811,0.00017566,0.0001985,sl,2,3,1.3800000000000000000000000000
HUSDT,0,2026-05-29T04:21:37.0000000Z,0.27022,0.26285921,0.29598277,sl,0,0,-4.2059984457109022278143734734
AKEUSDT,1,2026-05-29T05:01:02.0000000Z,0.0003437,0.00034937,0.00032555,sl,10,0,-2.5945417515274949083503054990
ZEREBROUSDT,0,2026-05-29T05:57:48.0000000Z,0.02482,0.024199,0.02699349,sl,1,0,-3.8730217566478646253021756648
ZEREBROUSDT,0,2026-05-29T06:15:22.0000000Z,0.024758,0.02351911,0.02909412,sl,8,3,1.3800000000000000000000000000
ZEREBROUSDT,0,2026-05-29T06:22:44.0000000Z,0.024807,0.02408288,0.02734141,sl,8,3,1.3800000000000000000000000000
XLMUSDT,0,2026-05-29T08:12:19.0000000Z,0.21592,0.20841894,0.23992339,sl,1,2,0.6300000000000000000000000000
XLMUSDT,0,2026-05-29T08:12:22.0000000Z,0.21557,0.20683295,0.24352857,sl,1,2,0.6300000000000000000000000000
XLMUSDT,0,2026-05-29T09:34:36.0000000Z,0.21592,0.20091788,0.24712441,sl,19,0,-10.541998888477213782882549092
PHAUSDT,0,2026-05-29T09:42:50.0000000Z,0.04317,0.04145011,0.04867366,sl,8,1,-0.12
USTCUSDT,0,2026-05-29T10:31:34.0000000Z,0.006759,0.00658462,0.00736934,sl,0,0,-3.9899511762094984465157567688
USTCUSDT,0,2026-05-29T10:31:36.0000000Z,0.006759,0.00655555,0.00747106,sl,0,0,-4.6350909897913892587660896583
EPICUSDT,0,2026-05-29T10:53:16.0000000Z,0.2095,0.20243566,0.23422519,sl,1,3,1.3800000000000000000000000000
BASEDUSDT,0,2026-05-29T11:25:53.0000000Z,0.06512,0.06288508,0.07020444,sl,0,0,-5.2680036855036855036855036854
LAUSDT,0,2026-05-29T11:37:40.0000000Z,0.1062,0.10458151,0.11186471,sl,0,0,-2.4060028248587570621468926553
HUSDT,0,2026-05-29T11:45:46.0000000Z,0.27007,0.25535659,0.30354302,sl,1,3,1.3800000000000000000000000000
HUSDT,0,2026-05-29T11:45:49.0000000Z,0.27004,0.26145813,0.30007655,sl,1,3,1.3800000000000000000000000000
JUPUSDT,0,2026-05-29T15:58:54.0000000Z,0.1852,0.18169972,0.19745098,sl,1,0,-2.9549999999999999999999999999
PLTRUSDT,0,2026-05-29T16:52:24.0000000Z,156.87,150.7897188,169.5169849,sl,220,3,1.3800000000000000000000000000
TRUMPUSDT,0,2026-05-29T17:03:25.0000000Z,1.983,1.92993492,2.10372306,sl,2,1,-0.12
PLTRUSDT,0,2026-05-29T17:09:37.0000000Z,156.88,153.8396656,166.60907008,sl,219,3,1.3800000000000000000000000000
PLTRUSDT,0,2026-05-29T17:43:15.0000000Z,156.87,153.3231693,168.21985824,sl,217,3,1.3800000000000000000000000000
IOTXUSDT,1,2026-05-29T21:49:11.0000000Z,0.0042,0.00434641,0.00368756,sl,16,0,-5.3489285714285714285714285714
XANUSDT,0,2026-05-29T21:57:27.0000000Z,0.010933,0.01041346,0.01211494,sl,3,1,-0.12
NEWTUSDT,0,2026-05-29T22:53:28.0000000Z,0.07331,0.07014301,0.08344437,sl,5,1,-0.12
VTHOUSDT,0,2026-05-30T00:24:52.0000000Z,0.0005204,0.0004958,0.00057638,sl,1,1,-0.12
VTHOUSDT,0,2026-05-30T00:24:56.0000000Z,0.0005293,0.00051529,0.00057412,sl,0,0,-4.0903381825051955412809370867
AXLUSDT,0,2026-05-30T00:36:13.0000000Z,0.05506,0.05317034,0.05935897,sl,1,3,1.3800000000000000000000000000
STBLUSDT,0,2026-05-30T02:30:36.0000000Z,0.03246,0.0313635,0.0359688,sl,10,3,1.3800000000000000000000000000
MEMEUSDT,0,2026-05-30T04:00:27.0000000Z,0.0005174,0.00051014,0.00054283,sl,1,3,1.3800000000000000000000000000
TAKEUSDT,0,2026-05-30T04:20:47.0000000Z,0.02195,0.02040911,0.02545552,sl,9,3,1.3800000000000000000000000000
ICXUSDT,0,2026-05-30T04:36:40.0000000Z,0.03848,0.03758842,0.04133306,sl,69,0,-3.5954937629937629937629937630
MEMEUSDT,0,2026-05-30T04:36:42.0000000Z,0.0005177,0.00050316,0.00055077,sl,1,1,-0.12
1000CATUSDT,0,2026-05-30T05:22:34.0000000Z,0.001901,0.0018726,0.00199188,sl,0,0,-2.3609258285113098369279326670
BROCCOLIF3BUSDT,0,2026-05-30T05:38:47.0000000Z,0.005565,0.0051917,0.00641426,sl,3,1,-0.12
HMSTRUSDT,1,2026-05-30T06:48:20.0000000Z,0.0001666,0.00016853,0.00015985,sl,1,1,-0.12
SWARMSUSDT,1,2026-05-30T08:16:48.0000000Z,0.006966,0.00732043,0.00615967,sl,10,0,-7.7519982773471145564168819983
SWARMSUSDT,1,2026-05-30T08:16:50.0000000Z,0.006967,0.00717378,0.00624327,sl,10,0,-4.5719879431606143246734606001
HFTUSDT,0,2026-05-30T08:38:48.0000000Z,0.01176,0.01135746,0.01316891,sl,2,3,1.3800000000000000000000000000
THEUSDT,0,2026-05-30T08:38:52.0000000Z,0.0931,0.09045782,0.10234762,sl,0,0,-4.3770032223415682062298603651
XTZUSDT,0,2026-05-30T09:03:30.0000000Z,0.3347,0.32977991,0.35192031,sl,0,0,-2.3250000000000000000000000000
XVGUSDT,0,2026-05-30T09:38:04.0000000Z,0.003408,0.0033443,0.00363093,sl,6,0,-2.9236971830985915492957746479
TOWNSUSDT,0,2026-05-30T09:47:50.0000000Z,0.003149,0.00300012,0.00348771,sl,2,1,-0.12
STGUSDT,0,2026-05-30T09:47:58.0000000Z,0.2134,0.20644743,0.237734,sl,0,0,-5.0069985941893158388003748828
THEUSDT,0,2026-05-30T11:06:36.0000000Z,0.0927,0.08731598,0.10494864,sl,65,1,-0.12
BLESSUSDT,0,2026-05-30T11:16:49.0000000Z,0.00524,0.00509475,0.00557045,sl,0,0,-4.2779198473282442748091603053
1000000BOBUSDT,1,2026-05-30T11:42:17.0000000Z,0.01445,0.01476559,0.01344012,sl,11,0,-3.3960207612456747404844290656
DYDXUSDT,0,2026-05-30T16:19:22.0000000Z,0.1903,0.1826271,0.20775584,sl,36,0,-6.1680031529164477141355754073
1000CATUSDT,0,2026-05-30T19:15:57.0000000Z,0.001927,0.00187601,0.00210546,sl,4,3,1.3800000000000000000000000000
BULLAUSDT,0,2026-05-30T19:48:12.0000000Z,0.005983,0.00579705,0.00663383,sl,10,0,-4.7819588835032592344977436069
IOUSDT,0,2026-05-30T20:09:57.0000000Z,0.1976,0.19302358,0.21224453,sl,0,0,-3.5940030364372469635627530364
BULLAUSDT,0,2026-05-30T20:35:25.0000000Z,0.005981,0.00560922,0.0068268,sl,91,0,-9.444026082594883798695870256
USUSDT,0,2026-05-30T21:24:31.0000000Z,0.007992,0.00775032,0.00883787,sl,1,2,0.6300000000000000000000000000
TRUTHUSDT,0,2026-05-30T21:48:18.0000000Z,0.011663,0.01132571,0.01243034,sl,18,0,-4.4579490697076223956100488726
STGUSDT,0,2026-05-30T22:15:37.0000000Z,0.2094,0.19679831,0.24972541,tp,9,3,28.766396848137535816618911175
我踏马来了USDT,0,2026-05-30T22:45:19.0000000Z,0.009435,0.00903213,0.0107242,sl,0,0,-6.5249284578696343402225755168
STGUSDT,0,2026-05-31T00:00:31.0000000Z,0.2105,0.1957208,0.25779346,tp,10,3,33.580802850356294536817102138
EDGEUSDT,0,2026-05-31T01:00:31.0000000Z,1.396,1.37036944,1.45430952,sl,4,2,0.6300000000000000000000000000
HOMEUSDT,0,2026-05-31T01:51:47.0000000Z,0.029199,0.02872948,0.03084232,sl,0,0,-2.5320004109729785266618719819
龙虾USDT,0,2026-05-31T02:00:47.0000000Z,0.006595,0.00613282,0.00764645,sl,12,0,-10.632054586808188021228203184
1000RATSUSDT,0,2026-05-31T02:07:09.0000000Z,0.03252,0.03185854,0.03463666,sl,7,2,0.6300000000000000000000000000
1000RATSUSDT,0,2026-05-31T02:07:11.0000000Z,0.03252,0.03119709,0.03527166,sl,7,2,0.6300000000000000000000000000
HIVEUSDT,0,2026-05-31T03:44:06.0000000Z,0.07124,0.06858204,0.08054288,sl,0,0,-5.7164907355418304323413812466
EVAAUSDT,0,2026-05-31T04:06:54.0000000Z,0.4125,0.39699412,0.46677056,sl,0,0,-5.7585018181818181818181818182
EVAAUSDT,0,2026-05-31T04:07:02.0000000Z,0.4175,0.40369745,0.46580892,sl,0,0,-5.0790000000000000000000000000
STEEMUSDT,0,2026-05-31T04:34:38.0000000Z,0.0547,0.05353161,0.05878937,sl,0,0,-3.3239945155393053016453382084
STEEMUSDT,0,2026-05-31T04:34:42.0000000Z,0.05497,0.05360015,0.05976448,sl,0,0,-3.8579934509732581408040749499
STEEMUSDT,0,2026-05-31T04:59:00.0000000Z,0.0547,0.05236322,0.06001618,sl,0,0,-6.5279890310786106032906764168
STEEMUSDT,0,2026-05-31T05:05:16.0000000Z,0.05334,0.05201823,0.05796618,sl,0,0,-3.8370134983127109111361079865
STEEMUSDT,0,2026-05-31T05:05:19.0000000Z,0.05338,0.05183678,0.05878126,sl,0,0,-4.4565118021730985387785687523
LAUSDT,0,2026-05-31T05:38:27.0000000Z,0.1274,0.12172051,0.14557437,sl,0,0,-6.8069976452119309262166405026
LAUSDT,0,2026-05-31T05:38:31.0000000Z,0.1277,0.12105832,0.14895337,sl,0,0,-7.9215035238841033672670321064
LAUSDT,0,2026-05-31T06:02:57.0000000Z,0.1273,0.11594993,0.15090814,sl,0,0,-13.494002356637863315003927729
CROSSUSDT,0,2026-05-31T06:18:52.0000000Z,0.11709,0.11368971,0.12797094,sl,0,0,-4.4759953881629515757109915449
CROSSUSDT,0,2026-05-31T06:18:56.0000000Z,0.11691,0.11294909,0.12958491,sl,0,0,-5.2019989735694123684885809597
CYSUSDT,0,2026-05-31T06:25:43.0000000Z,0.4579,0.44449269,0.48840163,sl,13,0,-4.5119993448351168377374972701
LABUSDT,0,2026-05-31T06:51:29.0000000Z,8.274,7.94444658,9.42743697,sl,11,3,1.3800000000000000000000000000
LABUSDT,0,2026-05-31T07:00:34.0000000Z,8.2778,7.99519591,9.26691432,sl,10,3,1.3800000000000000000000000000
QUSDT,0,2026-05-31T07:34:07.0000000Z,0.018579,0.01820668,0.01988213,sl,0,0,-3.1259744873243985144518004198
BANKUSDT,0,2026-05-31T08:06:09.0000000Z,0.03823,0.03776436,0.03972005,sl,0,0,-1.9469945069317290086319644258
GUNUSDT,0,2026-05-31T10:02:35.0000000Z,0.00751,0.00733697,0.00811561,sl,0,0,-3.5759920106524633821571238349
GUNUSDT,0,2026-05-31T10:09:27.0000000Z,0.00751,0.00730813,0.00821654,sl,0,0,-4.1520239680426098535286284953
BROCCOLIF3BUSDT,0,2026-05-31T10:59:59.0000000Z,0.005631,0.00529382,0.00639809,sl,13,0,-9.101885988279168886521044220
QUSDT,0,2026-05-31T11:08:26.0000000Z,0.018589,0.01784395,0.02028398,sl,11,0,-6.1320232395502716660390553550
TRADOORUSDT,0,2026-05-31T11:08:33.0000000Z,0.4781,0.46906391,0.50701549,sl,0,0,-2.9550000000000000000000000000
MERLUSDT,0,2026-05-31T11:21:23.0000000Z,0.02562,0.02525107,0.02691125,sl,0,0,-2.2800117096018735362997658079
ZORAUSDT,0,2026-05-31T12:19:17.0000000Z,0.01054,0.01020135,0.01162368,sl,1,3,1.3800000000000000000000000000
HUSDT,1,2026-05-31T13:05:48.0000000Z,0.39349,0.41277101,0.33179077,sl,5,3,1.3800000000000000000000000000
HUSDT,1,2026-05-31T13:16:52.0000000Z,0.39451,0.42764884,0.32558121,sl,4,3,1.3800000000000000000000000000
币安人生USDT,0,2026-05-31T17:14:30.0000000Z,0.55541,0.52071909,0.66642091,tp,11,3,29.860800669775481176068129850
QUSDT,0,2026-05-31T18:18:45.0000000Z,0.019786,0.0188149,0.02180588,sl,4,2,0.6300000000000000000000000000
DYDXUSDT,0,2026-05-31T20:48:16.0000000Z,0.19288,0.19009096,0.20264166,sl,0,0,-2.2889962671090833678971381170
UBUSDT,0,2026-05-31T22:31:58.0000000Z,0.17029,0.15676216,0.20106583,sl,9,3,1.3800000000000000000000000000
XLMUSDT,0,2026-06-01T11:00:13.0000000Z,0.26039,0.24789128,0.28638734,sl,1,3,1.3800000000000000000000000000
XNYUSDT,0,2026-06-01T11:46:28.0000000Z,0.00684,0.00649937,0.00761494,sl,4,1,-0.12
PTBUSDT,0,2026-06-01T16:04:50.0000000Z,0.0008213,0.00079738,0.00090501,sl,0,0,-4.4886837939851455010349446000
PARTIUSDT,0,2026-06-01T16:12:28.0000000Z,0.05002,0.0485104,0.05530361,sl,1,3,1.3800000000000000000000000000
NOTUSDT,0,2026-06-01T18:07:38.0000000Z,0.0004921,0.0004781,0.00054108,sl,15,0,-4.3874253200568990042674253201
COTIUSDT,0,2026-06-01T18:48:42.0000000Z,0.01277,0.01247118,0.01381586,sl,1,3,1.3800000000000000000000000000
TONUSDT,0,2026-06-01T21:32:44.0000000Z,2.0711,1.94360308,2.36115548,sl,1,3,1.3800000000000000000000000000
AGLDUSDT,0,2026-06-01T21:54:53.0000000Z,0.234,0.22855248,0.25306632,sl,0,0,-3.6120000000000000000000000000
AGLDUSDT,0,2026-06-01T21:54:59.0000000Z,0.2339,0.22754728,0.25613453,sl,0,0,-4.1939974348011970927746900385
ZORAUSDT,0,2026-06-01T23:47:40.0000000Z,0.01069,0.01040522,0.01133788,sl,4,3,1.3800000000000000000000000000
JTOUSDT,0,2026-06-02T05:20:04.0000000Z,0.6039,0.57563748,0.66268604,sl,1,3,1.3800000000000000000000000000
BASEDUSDT,1,2026-06-02T05:53:13.0000000Z,0.07245,0.07531902,0.06592298,sl,9,3,1.3800000000000000000000000000
QNTXUSDT,0,2026-06-02T06:09:18.0000000Z,94.09,91.3124632,100.40889622,sl,29,1,-0.12
BABAUSDT,0,2026-06-02T13:03:42.0000000Z,134.04,133.3000992,136.6296528,sl,0,0,-0.9480000000000000000000000000
BABAUSDT,0,2026-06-02T13:43:27.0000000Z,134.04,132.5601984,137.40654864,sl,0,0,-1.7759999999999999999999999999
USUSDT,1,2026-06-02T18:22:16.0000000Z,0.011472,0.01225668,0.0087256,sl,1,3,1.3800000000000000000000000000
USELESSUSDT,0,2026-06-03T05:12:12.0000000Z,0.10224,0.09804612,0.1169186,sl,1,3,1.3800000000000000000000000000
TAOUSDT,0,2026-06-03T06:44:53.0000000Z,231.8,223.371752,250.9742642,sl,1,2,0.6300000000000000000000000000
AVAXUSDT,0,2026-06-03T06:44:57.0000000Z,8.269,8.16133762,8.64581833,sl,21,1,-0.12
JTOUSDT,1,2026-06-03T10:45:08.0000000Z,0.6402,0.68859912,0.53952983,sl,1,3,1.3800000000000000000000000000
XRPUSDT,0,2026-06-03T10:45:16.0000000Z,1.2285,1.21515849,1.27519528,sl,10,1,-0.12
OPGUSDT,1,2026-06-03T10:45:20.0000000Z,0.1696,0.17264262,0.1598636,sl,3,2,0.6300000000000000000000000000
OPGUSDT,1,2026-06-03T10:52:34.0000000Z,0.1696,0.17568525,0.15694268,sl,3,2,0.6300000000000000000000000000
GPSUSDT,0,2026-06-03T11:30:44.0000000Z,0.009305,0.00886925,0.01083014,sl,3,3,1.3800000000000000000000000000
GPSUSDT,0,2026-06-03T13:07:44.0000000Z,0.009484,0.0090208,0.01110519,sl,0,0,-7.4460227752003374103753690427
QUSDT,1,2026-06-03T14:35:24.0000000Z,0.018186,0.01896072,0.01657457,sl,7,3,1.3800000000000000000000000000
INUSDT,0,2026-06-03T16:59:04.0000000Z,0.10465,0.09920611,0.12370363,sl,36,3,1.3800000000000000000000000000
AGTUSDT,1,2026-06-03T22:04:44.0000000Z,0.014157,0.01497244,0.01130295,sl,7,3,1.3800000000000000000000000000
EIGENUSDT,0,2026-06-03T22:13:04.0000000Z,0.20658,0.20193195,0.22284818,sl,8,3,1.3800000000000000000000000000
EIGENUSDT,0,2026-06-03T22:53:09.0000000Z,0.20629,0.19700695,0.22740894,sl,5,3,1.3800000000000000000000000000
DEEPUSDT,1,2026-06-03T23:06:00.0000000Z,0.02011,0.02055765,0.01854323,sl,0,0,-3.4590104425658876181004475385
ATHUSDT,1,2026-06-04T09:34:57.0000000Z,0.004712,0.00480445,0.00441616,sl,7,1,-0.12
ATHUSDT,1,2026-06-04T09:35:07.0000000Z,0.004716,0.00482395,0.00437056,sl,6,1,-0.12
ATHUSDT,1,2026-06-04T12:08:55.0000000Z,0.004716,0.00490106,0.00433108,sl,11,0,-6.0061323155216284987277353690
USUSDT,1,2026-06-04T23:45:43.0000000Z,0.011766,0.01214722,0.01097307,sl,8,1,-0.12
BEATUSDT,1,2026-06-05T18:14:45.0000000Z,1.7157,1.78436231,1.4959806,sl,4,3,1.3799999999999999999999999999
BEATUSDT,1,2026-06-05T18:14:49.0000000Z,1.7152,1.85248461,1.42964802,sl,4,3,1.3800000000000000000000000001
PTBUSDT,1,2026-06-06T04:11:18.0000000Z,0.0005527,0.00056398,0.00051324,sl,4,3,1.3800000000000000000000000000
PTBUSDT,1,2026-06-06T04:30:55.0000000Z,0.0005521,0.00057463,0.00050085,sl,2,3,1.3800000000000000000000000000
PORTALUSDT,0,2026-06-06T13:06:25.0000000Z,0.0168,0.01626173,0.01868395,sl,0,0,-4.9259821428571428571428571431
INTCUSDT,0,2026-06-06T14:42:59.0000000Z,96.71,95.8512152,99.7157468,tp,60,3,4.5420000000000000000000000000
INTCUSDT,0,2026-06-06T14:43:02.0000000Z,96.71,94.9924304,100.61747084,tp,94,3,5.9406000000000000000000000000
ARCUSDT,0,2026-06-06T18:49:24.0000000Z,0.08275,0.08102218,0.08668079,sl,11,1,-0.12
AGTUSDT,1,2026-06-06T22:32:02.0000000Z,0.015087,0.01623482,0.01269954,sl,5,3,1.3799999999999999999999999999
MAGMAUSDT,0,2026-06-06T23:08:40.0000000Z,0.47574,0.4471956,0.54067851,sl,1,2,0.6300000000000000000000000000
BANKUSDT,0,2026-06-07T07:10:40.0000000Z,0.02953,0.02791766,0.03468948,tp,14,3,26.087991872671859126312224856
PENGUUSDT,0,2026-06-07T09:18:44.0000000Z,0.006674,0.00649941,0.00703715,sl,2,3,1.3800000000000000000000000000
EVAAUSDT,0,2026-06-07T09:18:47.0000000Z,0.3382,0.33365459,0.35410893,sl,5,2,0.6300000000000000000000000000
CHRUSDT,0,2026-06-07T09:34:56.0000000Z,0.01618,0.01560529,0.0173754,sl,3,3,1.3800000000000000000000000000
MEMEUSDT,0,2026-06-07T10:12:13.0000000Z,0.0006437,0.00061303,0.00075103,sl,12,0,-7.2669628709025943762622339599
IDOLUSDT,0,2026-06-07T10:12:19.0000000Z,0.0309,0.02887543,0.0351111,sl,76,0,-9.948009708737864077669902913
CRMUSDT,0,2026-06-07T14:58:58.0000000Z,193.3,191.281948,197.8910683,sl,16,0,-1.6860000000000000000000000001
PLAYUSDT,0,2026-06-07T15:09:23.0000000Z,0.08629,0.08281079,0.09846724,sl,30,1,-0.12
NOMUSDT,0,2026-06-07T15:37:37.0000000Z,0.001823,0.00179587,0.00191794,sl,0,0,-2.3523093801426220515633571036
PLAYUSDT,0,2026-06-07T15:50:41.0000000Z,0.08635,0.07938674,0.10219143,sl,27,1,-0.12
BILLUSDT,1,2026-06-07T16:05:13.0000000Z,0.08,0.0818768,0.07399424,tp,11,3,11.14080000
NOMUSDT,0,2026-06-07T16:05:25.0000000Z,0.001826,0.00177166,0.00194963,sl,0,0,-4.5838554216867469879518072291
BULLAUSDT,0,2026-06-07T16:16:10.0000000Z,0.004658,0.00457648,0.00491885,sl,4,3,1.3800000000000000000000000000
BANKUSDT,1,2026-06-07T20:31:49.0000000Z,0.04195,0.04434367,0.03357217,sl,1,3,1.3800000000000000000000000000
SANTOSUSDT,0,2026-06-07T21:29:03.0000000Z,0.6405,0.61874862,0.68998439,sl,4,2,0.6300000000000000000000000000
FHEUSDT,0,2026-06-07T22:02:37.0000000Z,0.01929,0.01819973,0.02177037,sl,1,3,1.3800000000000000000000000000
SANTOSUSDT,0,2026-06-07T22:20:32.0000000Z,0.6388,0.62795318,0.67676388,sl,1,1,-0.12
MEGAUSDT,0,2026-06-08T07:26:07.0000000Z,0.05083,0.04950639,0.05546265,sl,0,0,-4.0259905567578201849301593547
SAPIENUSDT,0,2026-06-08T09:18:12.0000000Z,0.08206,0.08018903,0.08860839,sl,0,0,-3.5400036558615647087496953449
MEGAUSDT,0,2026-06-08T09:35:39.0000000Z,0.05082,0.04817329,0.05684126,sl,14,1,-0.12
SFPUSDT,0,2026-06-08T13:11:39.0000000Z,0.2415,0.23663136,0.25854024,sl,0,0,-3.1440000000000000000000000000
TRUTHUSDT,0,2026-06-08T13:29:22.0000000Z,0.012615,0.01238415,0.01342299,sl,0,0,-2.8649464922711058263971462544
KASUSDT,0,2026-06-08T14:04:47.0000000Z,0.03249,0.03207088,0.03395692,sl,5,1,-0.12
KASUSDT,0,2026-06-08T14:04:51.0000000Z,0.03249,0.03165176,0.034397,sl,5,1,-0.12
CHZUSDT,0,2026-06-08T15:38:05.0000000Z,0.02752,0.02691071,0.02965252,sl,0,0,-3.4409847383720930232558139535
TRUTHUSDT,0,2026-06-08T16:45:12.0000000Z,0.012626,0.01216389,0.0136773,sl,10,0,-5.6099809916046253762078251227
MELANIAUSDT,0,2026-06-08T19:12:25.0000000Z,0.08052,0.07696424,0.08860936,sl,11,0,-6.7439940387481371087928464978
TAGUSDT,0,2026-06-08T19:49:11.0000000Z,0.0011588,0.00114406,0.00121039,sl,0,0,-2.0280082844321712115982050397
TAGUSDT,0,2026-06-08T21:30:52.0000000Z,0.0011571,0.00112766,0.00122407,sl,1,2,0.6300000000000000000000000000
MEUSDT,0,2026-06-08T23:34:08.0000000Z,0.06363,0.06118661,0.06918872,sl,0,0,-5.8799952852428099952852428100
EWTUSDT,0,2026-06-09T00:48:27.0000000Z,99.65,98.848814,102.454151,tp,11,3,4.1010000000000000000000000000
COAIUSDT,0,2026-06-09T04:23:48.0000000Z,0.2481,0.24388726,0.26284458,sl,0,0,-2.6670012091898428053204353084
ZBTUSDT,0,2026-06-09T04:33:38.0000000Z,0.13782,0.1348679,0.14815237,sl,0,0,-3.3329952111449717022202873313
BANANAS31USDT,1,2026-06-09T07:20:43.0000000Z,0.011589,0.01182182,0.01084397,sl,0,0,-3.1334610406419880921563551643
COAIUSDT,0,2026-06-09T07:40:37.0000000Z,0.2482,0.23977113,0.26737568,sl,25,0,-5.2139987912973408541498791297
ZBTUSDT,0,2026-06-09T08:10:34.0000000Z,0.13785,0.13194451,0.151285,sl,24,0,-6.5459956474428726877040261152
COAIUSDT,0,2026-06-09T09:25:36.0000000Z,0.2437,0.23892348,0.26041782,sl,6,1,-0.12
AAOIUSDT,0,2026-06-09T10:35:31.0000000Z,201.61,199.4689018,209.1038437,sl,10,3,1.3800000000000000000000000001
AAOIUSDT,0,2026-06-09T10:35:34.0000000Z,201.72,197.4354672,211.46731212,sl,10,3,1.3800000000000000000000000000
WALUSDT,0,2026-06-09T11:00:29.0000000Z,0.0328,0.03231981,0.03448067,sl,0,0,-2.3159908536585365853658536585
FLNCUSDT,0,2026-06-09T11:00:34.0000000Z,25.3,24.891658,26.729197,sl,0,0,-2.5410000000000000000000000000
FLNCUSDT,0,2026-06-09T11:00:38.0000000Z,25.3,24.483316,27.1579561,sl,8,0,-4.9620000000000000000000000000
WALUSDT,0,2026-06-09T11:20:29.0000000Z,0.0328,0.03183962,0.03498487,sl,11,0,-4.5119817073170731707317073171
WLDUSDT,0,2026-06-09T11:30:28.0000000Z,0.5443,0.5273505,0.60362326,sl,0,0,-4.7909994488333639537020025721
HMSTRUSDT,0,2026-06-09T12:40:28.0000000Z,0.0001796,0.00017645,0.00019061,sl,0,0,-2.7508463251670378619153674832
HMSTRUSDT,0,2026-06-09T13:10:28.0000000Z,0.0001796,0.00017331,0.00019392,sl,0,0,-5.3733407572383073496659242761
1000RATSUSDT,0,2026-06-09T16:55:49.0000000Z,0.03378,0.03280511,0.03719212,sl,1,1,-0.12
KATUSDT,1,2026-06-09T23:09:25.0000000Z,0.006564,0.00688196,0.00554653,sl,9,3,1.3800000000000000000000000000
MEMEUSDT,0,2026-06-09T23:14:19.0000000Z,0.0005845,0.0005757,0.00061531,sl,0,0,-2.3783404619332763045337895638
MEMEUSDT,0,2026-06-09T23:14:30.0000000Z,0.0005845,0.00057423,0.00062044,sl,0,0,-2.7555859709153122326775021386
SIRENUSDT,0,2026-06-10T00:44:42.0000000Z,0.8765,0.8578,0.9139,sl,4,2,0.6300000000000000000000000000
SIRENUSDT,0,2026-06-10T00:44:45.0000000Z,0.8765,0.8578,0.92512,sl,4,2,0.6300000000000000000000000000
SIRENUSDT,0,2026-06-10T00:44:50.0000000Z,0.8736,0.8578,0.9052,sl,1,2,0.6300000000000000000000000000
SKYAIUSDT,0,2026-06-10T00:54:20.0000000Z,0.1715,0.1681,0.18034,sl,6,3,1.3800000000000000000000000000
SKYAIUSDT,0,2026-06-10T00:54:27.0000000Z,0.17145,0.1681,0.17815,tp,5,3,5.7417672790901137357830271217
SKYAIUSDT,0,2026-06-10T00:55:58.0000000Z,0.1715,0.1681,0.1783,tp,5,3,5.8275218658892128279883381924
CLOUSDT,0,2026-06-10T00:56:07.0000000Z,0.11023,0.1006,0.135268,sl,4,2,0.6300000000000000000000000000
CLOUSDT,0,2026-06-10T00:56:29.0000000Z,0.11021,0.1006,0.12943,sl,4,2,0.6300000000000000000000000000
BSBUSDT,0,2026-06-10T01:00:01.0000000Z,0.25354,0.25117,0.259702,tp,0,0,3.5255786069259288475191291315
SAHARAUSDT,0,2026-06-10T01:01:10.0000000Z,0.01832,0.01742,0.02012,sl,6,3,1.3799999999999999999999999999
BSBUSDT,0,2026-06-10T01:01:43.0000000Z,0.26139,0.25117,0.28183,sl,1,3,1.3800000000000000000000000000
USUSDT,0,2026-06-10T01:40:47.0000000Z,0.011777,0.01176522,0.01180055,sl,0,0,-0.2700382100704763522119385242
MRVLUSDT,0,2026-06-10T01:55:54.0000000Z,255.7,254.1320476,258.8359048,tp,0,0,1.7195999999999999999999999999
COHRUSDT,0,2026-06-10T02:10:51.0000000Z,346.92,345.25311878,350.25376243,tp,0,0,1.3214399991352473192666897269
USUSDT,0,2026-06-10T02:15:47.0000000Z,0.011765,0.0115064,0.01210118,tp,0,0,4.1661878453038674033149171269
WALUSDT,0,2026-06-10T02:20:49.0000000Z,0.03457,0.03335452,0.03845954,sl,0,0,-5.3939947931732716227943303442
MYXUSDT,0,2026-06-10T02:58:34.0000000Z,0.2291,0.2280717,0.23177358,tp,0,0,1.6304888694893059799214316892
DEXEUSDT,0,2026-06-10T03:00:07.0000000Z,19.557,18.86112,21.99258,sl,2,1,-0.12
LIGHTUSDT,0,2026-06-10T03:04:45.0000000Z,0.1024,0.099231,0.1134915,sl,2,3,1.38000000000
HIGHUSDT,1,2026-06-10T03:22:15.0000000Z,0.06319,0.06579848,0.05776435,sl,8,2,0.6300000000000000000000000000
DEXEUSDT,0,2026-06-10T03:40:24.0000000Z,19.56,18.86112,22.00608,sl,11,3,1.3800000000000000000000000000
HYPEUSDT,0,2026-06-10T03:40:40.0000000Z,55.471,53.79329,61.342985,sl,2,3,1.3800000000000000000000000000
XAGUSDT,0,2026-06-10T03:41:25.0000000Z,65.03,63.0791,71.85815,sl,44,1,-0.12
HYPEUSDT,0,2026-06-10T04:00:44.0000000Z,55.457,53.79329,61.279985,sl,1,2,0.6300000000000000000000000000
CLUSDT,0,2026-06-10T04:00:53.0000000Z,87.17,84.5549,96.32285,sl,33,3,1.3800000000000000000000000000
DEXEUSDT,0,2026-06-10T04:01:08.0000000Z,19.557,18.86112,21.99258,sl,9,3,1.3800000000000000000000000000
CLUSDT,0,2026-06-10T04:31:09.0000000Z,87.19,84.5743,96.34495,sl,31,3,1.3800000000000000000000000000
SOXLUSDT,0,2026-06-10T04:31:18.0000000Z,193.02,185.852,218.108,sl,7,3,1.3799999999999999999999999999
ENAUSDT,0,2026-06-10T04:31:41.0000000Z,0.0793,0.076921,0.0876265,sl,3,1,-0.12
SOXLUSDT,0,2026-06-10T05:06:14.0000000Z,193.08,185.852,218.378,sl,5,3,1.3799999999999999999999999999
LIGHTUSDT,0,2026-06-10T05:06:25.0000000Z,0.102,0.09894,0.11271,sl,11,3,1.3800000000000000000000000000
MOVEUSDT,0,2026-06-10T05:26:01.0000000Z,0.01312,0.0122877,0.01603305,sl,43,2,0.6300000000000000000000000000
MOVEUSDT,0,2026-06-10T05:26:08.0000000Z,0.01312,0.0122877,0.01603305,sl,43,2,0.6300000000000000000000000000
MOVEUSDT,0,2026-06-10T05:31:31.0000000Z,0.01312,0.0122877,0.01603305,sl,42,2,0.6300000000000000000000000000
MAGMAUSDT,0,2026-06-10T05:31:50.0000000Z,0.4644,0.37293669,0.78452159,sl,12,3,1.3800000000000000000000000000
USELESSUSDT,0,2026-06-10T05:42:25.0000000Z,0.05851,0.0567547,0.06465355,sl,9,3,1.3800000000000000000000000000
AXTIUSDT,0,2026-06-10T05:42:34.0000000Z,77.15,74.8355,85.25075,sl,9,3,1.3800000000000000000000000000
AXTIUSDT,0,2026-06-10T05:42:45.0000000Z,77.15,74.8355,85.25075,sl,9,3,1.3800000000000000000000000000
ALLOUSDT,0,2026-06-10T06:24:22.0000000Z,0.40268,0.37774188,0.48996342,sl,1,1,-0.12
HAEDALUSDT,0,2026-06-10T06:39:11.0000000Z,0.01867,0.01826673,0.01996047,sl,0,0,-3.3599839314408141403320835566
HAEDALUSDT,0,2026-06-10T06:39:14.0000000Z,0.01867,0.01786346,0.02034761,sl,0,0,-6.5999678628816282806641671132
CUSDT,0,2026-06-10T08:07:50.0000000Z,0.09581,0.0925574,0.1071941,sl,1,2,0.6300000000000000000000000000
AAOIUSDT,0,2026-06-10T09:15:26.0000000Z,165.0,159.759,183.3435,sl,3,1,-0.12
AAOIUSDT,0,2026-06-10T09:15:55.0000000Z,165.12,159.759,183.8835,sl,3,1,-0.12
BUSDT,0,2026-06-10T10:36:21.0000000Z,0.2275,0.20850129,0.29399549,sl,1,3,1.3800000000000000000000000000
BUSDT,0,2026-06-10T10:36:27.0000000Z,0.22749,0.20850129,0.29395048,sl,1,3,1.3800000000000000000000000000
IRENUSDT,0,2026-06-10T10:38:29.0000000Z,54.46,52.98958,57.8052055,sl,0,0,-4.1700000000000000000000000000
CTRUSDT,0,2026-06-10T11:12:01.0000000Z,0.01302,0.0126294,0.0143871,sl,1,2,0.6300000000000000000000000000
CTRUSDT,0,2026-06-10T11:12:13.0000000Z,0.01302,0.0126294,0.0143871,sl,1,2,0.6300000000000000000000000000
CTRUSDT,0,2026-06-10T11:12:22.0000000Z,0.01302,0.0126294,0.0143871,sl,1,2,0.6300000000000000000000000000
AIGENSYNUSDT,0,2026-06-10T11:21:43.0000000Z,0.02603,0.02537248,0.02833131,sl,0,0,-3.9090126776796004610065309259
ZBTUSDT,0,2026-06-10T11:21:52.0000000Z,0.11034,0.1070298,0.1219257,sl,2,3,1.3800000000000000000000000000
ZBTUSDT,0,2026-06-10T11:22:06.0000000Z,0.11041,0.107088,0.122037,sl,2,3,1.3800000000000000000000000000
MAGMAUSDT,0,2026-06-10T11:46:41.0000000Z,0.46437,0.37293669,0.78438659,sl,65,3,1.3800000000000000000000000000
MBOXUSDT,0,2026-06-10T11:51:39.0000000Z,0.005274,0.00507407,0.00597376,sl,10,3,1.3800000000000000000000000000
MBOXUSDT,0,2026-06-10T11:51:43.0000000Z,0.005277,0.00507407,0.00598725,sl,10,3,1.3800000000000000000000000000
GUAUSDT,0,2026-06-10T12:04:03.0000000Z,0.5962,0.5509485,0.75458025,sl,6,1,-0.12
GUAUSDT,0,2026-06-10T12:08:26.0000000Z,0.5959,0.5509485,0.75323025,sl,6,1,-0.12
APRUSDT,0,2026-06-10T12:08:40.0000000Z,0.19919,0.1932143,0.22010495,sl,1,2,0.6300000000000000000000000000
SLXUSDT,0,2026-06-10T12:13:45.0000000Z,0.1917,0.18238743,0.22429399,sl,9,1,-0.12
APRUSDT,0,2026-06-10T12:13:53.0000000Z,0.19934,0.1933598,0.2202707,sl,1,2,0.6300000000000000000000000000
SLXUSDT,0,2026-06-10T12:14:00.0000000Z,0.19147,0.18238743,0.22325899,sl,7,1,-0.12
VVVUSDT,0,2026-06-10T13:46:46.0000000Z,13.482,13.00964,15.13526,sl,3,3,1.3800000000000000000000000000
VVVUSDT,0,2026-06-10T14:21:48.0000000Z,13.509,13.00964,15.25676,sl,1,3,1.3800000000000000000000000000
SLXUSDT,0,2026-06-10T14:23:45.0000000Z,0.19144,0.18238743,0.22312399,sl,4,3,1.3800000000000000000000000000
XRPUSDT,0,2026-06-10T15:22:45.0000000Z,1.12,1.0864,1.2376,sl,3,1,-0.12
SOLUSDT,0,2026-06-10T15:22:49.0000000Z,64.64,62.7008,71.4272,sl,3,2,0.6300000000000000000000000000
SOLUSDT,0,2026-06-10T15:39:46.0000000Z,64.7,62.7493,71.52745,sl,2,2,0.6300000000000000000000000000
WLDUSDT,0,2026-06-10T15:49:40.0000000Z,0.4473,0.433687,0.4949455,sl,1,3,1.3800000000000000000000000000
OPNUSDT,0,2026-06-10T17:42:38.0000000Z,0.099,0.083916,0.151794,sl,11,3,1.3800000000000000000000000000
OPNUSDT,0,2026-06-10T17:42:41.0000000Z,0.0995,0.083916,0.154044,sl,11,3,1.3800000000000000000000000000
OPNUSDT,0,2026-06-10T17:42:49.0000000Z,0.0995,0.083916,0.154044,sl,11,3,1.3800000000000000000000000000
AIOUSDT,0,2026-06-10T18:52:33.0000000Z,0.11956,0.10992996,0.15326514,tp,21,3,42.166475409836065573770491803
AIOUSDT,0,2026-06-10T18:52:37.0000000Z,0.1197,0.10992996,0.15389514,tp,21,3,42.731052631578947368421052632
AIOUSDT,0,2026-06-10T18:52:43.0000000Z,0.1197,0.10992996,0.15389514,tp,21,3,42.731052631578947368421052632
UAIUSDT,0,2026-06-10T22:11:44.0000000Z,0.3546,0.33106874,0.40813361,sl,5,3,1.3800000000000000000000000000
ZBTUSDT,0,2026-06-11T00:17:45.0000000Z,0.10134,0.0982998,0.1119807,sl,1,3,1.3800000000000000000000000000
ZBTUSDT,0,2026-06-11T00:22:31.0000000Z,0.10134,0.0982998,0.1119807,sl,1,3,1.3800000000000000000000000000
CTRUSDT,0,2026-06-11T00:22:39.0000000Z,0.01262,0.0121832,0.0141488,sl,1,2,0.6300000000000000000000000000
HIGHUSDT,0,2026-06-11T00:38:06.0000000Z,0.0553,0.052947,0.0635355,sl,9,1,-0.12
HIGHUSDT,0,2026-06-11T00:38:13.0000000Z,0.0553,0.052947,0.0635355,sl,9,1,-0.12
PIPPINUSDT,0,2026-06-11T00:42:34.0000000Z,0.02003,0.01902096,0.02356164,sl,6,3,1.3800000000000000000000000000
SKRUSDT,0,2026-06-11T00:43:04.0000000Z,0.009232,0.00860738,0.01141816,sl,2,2,0.6300000000000000000000000000
SIRENUSDT,0,2026-06-11T00:43:26.0000000Z,0.6731,0.6402591,0.78804315,sl,6,3,1.3800000000000000000000000000
SIRENUSDT,0,2026-06-11T01:26:45.0000000Z,0.6724,0.6402591,0.78489315,sl,3,3,1.3800000000000000000000000000
MBOXUSDT,0,2026-06-11T01:58:18.0000000Z,0.0052,0.00509735,0.00552847,sl,0,0,-3.0810576923076923076923076923
SPORTFUNUSDT,0,2026-06-11T01:58:26.0000000Z,0.04494,0.0435918,0.0496587,sl,1,1,-0.12
ZBTUSDT,0,2026-06-11T03:19:28.0000000Z,0.10125,0.0982125,0.11188125,sl,14,3,1.3800000000000000000000000000
BANKUSDT,0,2026-06-11T03:25:58.0000000Z,0.04482,0.04321186,0.04996605,sl,0,0,-5.5019946452476572958500669344
BSBUSDT,0,2026-06-11T03:26:05.0000000Z,0.29408,0.28032939,0.34220713,sl,6,1,-0.12
CVXUSDT,0,2026-06-11T03:26:12.0000000Z,1.311,1.26575739,1.46934913,sl,0,0,-5.2965000000000000000000000002
BLESSUSDT,0,2026-06-11T03:40:58.0000000Z,0.005748,0.00557342,0.00635903,sl,4,1,-0.12
BSBUSDT,0,2026-06-11T04:38:10.0000000Z,0.29464,0.28032939,0.34472714,sl,1,1,-0.12
LABUSDT,0,2026-06-11T04:38:42.0000000Z,7.287,6.570423,9.7950195,sl,3,3,1.3800000000000000000000000000
CLOUSDT,0,2026-06-11T09:31:19.0000000Z,0.13505,0.10728261,0.23223587,sl,175,3,1.3800000000000000000000000000
CLOUSDT,0,2026-06-11T09:31:24.0000000Z,0.13517,0.10728261,0.23277587,sl,175,3,1.3799999999999999999999999999
SKYAIUSDT,0,2026-06-11T09:31:32.0000000Z,0.19173,0.17798184,0.23984856,tp,13,3,37.525564074479737130339539978
NAORISUSDT,0,2026-06-11T09:38:04.0000000Z,0.03312,0.03178858,0.03588936,tp,0,0,12.422391304347826086956521739
CRDOUSDT,1,2026-06-11T10:52:34.0000000Z,250.27,260.4134431,217.81098208,sl,2,3,1.3800000000000000000000000001
NAORISUSDT,0,2026-06-11T11:02:25.0000000Z,0.03312,0.03245429,0.03525028,tp,0,0,9.528007246376811594202898551
FLNCUSDT,0,2026-06-11T11:17:35.0000000Z,22.8,22.329408,24.447072,sl,0,0,-3.2160000000000000000000000000
HFTUSDT,0,2026-06-11T13:04:28.0000000Z,0.01036,0.01019155,0.01094959,sl,0,0,-2.5589478764478764478764478765
PIPPINUSDT,0,2026-06-11T13:04:42.0000000Z,0.02004,0.01902096,0.02360664,sl,1,2,0.6300000000000000000000000000
ASTRUSDT,1,2026-06-11T13:14:27.0000000Z,0.00611,0.0064667,0.00486154,sl,17,1,-0.12
UBUSDT,0,2026-06-11T13:59:32.0000000Z,0.11577,0.1122872,0.1279598,sl,1,2,0.6300000000000000000000000000
POWERUSDT,0,2026-06-11T14:39:32.0000000Z,0.09443,0.09194271,0.10238932,sl,1,1,-0.12
USELESSUSDT,0,2026-06-11T15:25:30.0000000Z,0.06337,0.06194037,0.06794481,sl,0,0,-3.5040066277418336752406501499
BANANAS31USDT,0,2026-06-11T15:25:36.0000000Z,0.00847,0.00766033,0.01130384,sl,2,3,1.3800000000000000000000000000
BASEDUSDT,0,2026-06-11T16:19:27.0000000Z,0.06879,0.06716724,0.07398282,sl,7,3,1.3800000000000000000000000000
XANUSDT,1,2026-06-11T18:34:26.0000000Z,0.008463,0.00882454,0.007711,sl,9,0,-6.5280113434952144629563984403
MAGMAUSDT,0,2026-06-11T19:24:16.0000000Z,0.39911,0.37389573,0.48735995,sl,4,1,-0.12
MAGMAUSDT,0,2026-06-11T20:26:03.0000000Z,0.39971,0.37389573,0.49005995,sl,21,1,-0.12
MEMEUSDT,0,2026-06-11T20:46:07.0000000Z,0.0005954,0.00057447,0.00063894,sl,34,0,-5.3929257641921397379912663756
XANUSDT,0,2026-06-11T21:31:05.0000000Z,0.008667,0.00847043,0.00929602,sl,6,3,1.3800000000000000000000000000
TAUSDT,0,2026-06-11T21:38:14.0000000Z,0.07562,0.07280694,0.08147117,sl,4,0,-5.6999920655911134620470774926
MAGMAUSDT,0,2026-06-11T21:42:50.0000000Z,0.38854,0.3767286,0.4298799,sl,1,2,0.6300000000000000000000000000
HIGHUSDT,0,2026-06-11T21:52:52.0000000Z,0.0478,0.046366,0.052819,tp,0,0,15.630000000000000000000000000
HIGHUSDT,0,2026-06-11T21:53:00.0000000Z,0.0478,0.046366,0.052819,tp,0,0,15.630000000000000000000000000
HIGHUSDT,0,2026-06-11T21:53:07.0000000Z,0.0478,0.046366,0.052819,tp,0,0,15.630000000000000000000000000
SIRENUSDT,0,2026-06-11T22:06:12.0000000Z,0.5841,0.561533,0.6630845,sl,8,3,1.3800000000000000000000000000
SIRENUSDT,0,2026-06-11T22:06:16.0000000Z,0.5886,0.561533,0.6833345,sl,8,2,0.6300000000000000000000000000
SIRENUSDT,0,2026-06-11T22:06:23.0000000Z,0.5876,0.561533,0.6788345,sl,8,2,0.6300000000000000000000000000
ASTSUSDT,0,2026-06-11T23:11:30.0000000Z,103.46,95.8494824,120.77392754,sl,3,1,-0.12
MAGMAUSDT,0,2026-06-11T23:56:09.0000000Z,0.38837,0.3763891,0.43030315,sl,1,2,0.6300000000000000000000000000
MAGMAUSDT,0,2026-06-11T23:56:17.0000000Z,0.38842,0.3767674,0.4292041,sl,1,2,0.6300000000000000000000000000
HIGHUSDT,0,2026-06-12T00:23:45.0000000Z,0.0478,0.046366,0.052819,sl,1,3,1.3800000000000000000000000000
USARUSDT,0,2026-06-12T01:01:42.0000000Z,23.26,23.0129788,24.05046784,sl,0,0,-1.7130000000000000000000000000
MAGMAUSDT,0,2026-06-12T02:16:51.0000000Z,0.42458,0.38516445,0.56253443,sl,2,3,1.3800000000000000000000000000
ENSOUSDT,0,2026-06-12T02:36:53.0000000Z,0.6556,0.61870283,0.73234611,sl,1,1,-0.12
HIGHUSDT,0,2026-06-12T02:41:43.0000000Z,0.0478,0.046366,0.052819,sl,1,3,1.3800000000000000000000000000
UAIUSDT,0,2026-06-12T04:42:58.0000000Z,0.35547,0.34576567,0.38943516,sl,0,0,-4.2149995780234618955186091653
DEXEUSDT,0,2026-06-12T05:37:49.0000000Z,21.545,20.9064062,23.58850016,sl,2,3,1.3800000000000000000000000000
JELLYJELLYUSDT,0,2026-06-12T05:47:55.0000000Z,0.05929,0.05882042,0.06093352,sl,0,0,-1.3080080958003035925113847192
FOLKSUSDT,0,2026-06-12T05:57:57.0000000Z,2.1817,2.0901995,2.50195174,sl,0,0,-6.4110001375074483201173396892
FOLKSUSDT,0,2026-06-12T05:58:04.0000000Z,2.1897,2.08255798,2.56469707,sl,0,0,-7.4594999314974654062200301411
TAUSDT,0,2026-06-12T06:13:37.0000000Z,0.07974,0.07620672,0.09210648,sl,11,0,-6.7665011286681715575620767495
DEXEUSDT,0,2026-06-12T06:18:19.0000000Z,21.58,20.3007376,24.24086579,sl,5,3,1.3800000000000000000000000000
FOLKSUSDT,0,2026-06-12T07:13:34.0000000Z,2.1825,1.9994319,2.59897993,sl,5,2,0.6300000000000000000000000000
POWERUSDT,0,2026-06-12T07:18:51.0000000Z,0.09945,0.09675888,0.10806157,sl,0,0,-4.1790045248868778280542986426
BANANAS31USDT,0,2026-06-12T07:23:30.0000000Z,0.008479,0.00766033,0.01134434,sl,2,3,1.3800000000000000000000000000
EDENUSDT,0,2026-06-12T07:23:51.0000000Z,0.04546,0.04352886,0.05163965,sl,0,0,-6.4919973603167619885613726354
NILUSDT,0,2026-06-12T07:28:38.0000000Z,0.03827,0.03748929,0.04076827,sl,0,0,-3.1800078390384112882153122550
EVAAUSDT,0,2026-06-12T07:58:50.0000000Z,0.4073,0.39882001,0.43443596,sl,4,3,1.3800000000000000000000000000
RLCUSDT,0,2026-06-12T08:13:18.0000000Z,0.3654,0.35573152,0.39923969,sl,7,3,1.3800000000000000000000000000
KITEUSDT,0,2026-06-12T08:44:29.0000000Z,0.18968,0.18658442,0.1961188,sl,5,2,0.6300000000000000000000000000
KITEUSDT,0,2026-06-12T08:49:12.0000000Z,0.18968,0.18813221,0.19463292,sl,4,2,0.6300000000000000000000000000
ARCUSDT,0,2026-06-12T09:00:19.0000000Z,0.10004,0.09744896,0.10833132,sl,0,0,-4.0050059976009596161535385846
NILUSDT,0,2026-06-12T09:19:14.0000000Z,0.03833,0.03676614,0.04158284,sl,34,0,-6.2399843464649099921732324549
EVAAUSDT,0,2026-06-12T09:34:11.0000000Z,0.4073,0.39034003,0.44257674,sl,34,0,-6.3659992634421802111465750061
KMNOUSDT,0,2026-06-12T09:39:24.0000000Z,0.01679,0.01616474,0.01879083,tp,11,3,17.755193567599761762954139368
LITUSDT,0,2026-06-12T10:38:14.0000000Z,1.6142,1.56228733,1.72217836,sl,5,1,-0.12
SENTUSDT,0,2026-06-12T14:42:39.0000000Z,0.016211,0.0159299,0.01711052,sl,9,3,1.3800000000000000000000000000
SENTUSDT,0,2026-06-12T14:42:43.0000000Z,0.016211,0.0156488,0.01738037,sl,9,3,1.3800000000000000000000000000
PYTHUSDT,0,2026-06-12T21:35:02.0000000Z,0.0378,0.0383,0.0352,sl,0,0,1.8641269841269841269841269842
PYTHUSDT,1,2026-06-12T21:39:46.0000000Z,0.0379,0.03891079,0.03466546,sl,11,3,1.3800000000000000000000000000
EPICUSDT,0,2026-06-13T00:44:46.0000000Z,0.5381,0.521375,0.6133625,sl,12,1,-0.12
SAHARAUSDT,0,2026-06-13T01:13:37.0000000Z,0.01566,0.0151902,0.0173043,sl,11,0,-4.6200000000000000000000000000
ICNTUSDT,0,2026-06-13T01:13:41.0000000Z,0.2013,0.1870238,0.23377835,sl,5,3,1.3800000000000000000000000000
UAIUSDT,0,2026-06-13T01:15:10.0000000Z,0.2773,0.268981,0.3147355,sl,4,3,1.3800000000000000000000000000
EPICUSDT,0,2026-06-13T01:15:36.0000000Z,0.5382,0.521375,0.6139125,sl,9,1,-0.12
ASTSUSDT,0,2026-06-13T01:15:46.0000000Z,85.27,82.7119,96.78145,sl,55,2,0.6300000000000000000000000000
EPICUSDT,0,2026-06-13T01:23:40.0000000Z,0.538,0.521375,0.6128125,sl,9,1,-0.12
MAGMAUSDT,0,2026-06-13T01:25:06.0000000Z,0.32555,0.3157835,0.36949925,sl,4,1,-0.12
MYXUSDT,0,2026-06-13T01:25:47.0000000Z,0.1815,0.176055,0.2060025,sl,1,3,1.3799999999999999999999999999
RKLBUSDT,0,2026-06-13T01:30:01.0000000Z,104.27,101.1419,118.34645,sl,6,1,-0.12
HEMIUSDT,0,2026-06-13T01:30:22.0000000Z,0.006102,0.00598924,0.00649668,sl,0,0,-2.8918780727630285152409046214
XNYUSDT,0,2026-06-13T01:38:46.0000000Z,0.006225,0.00608077,0.00672982,sl,3,0,-3.5954216867469879518072289157
SPORTFUNUSDT,0,2026-06-13T01:53:45.0000000Z,0.04083,0.0396051,0.04634205,sl,7,3,1.3800000000000000000000000000
SPORTFUNUSDT,0,2026-06-13T01:53:47.0000000Z,0.04086,0.0396342,0.0463761,sl,7,3,1.3800000000000000000000000000
SPORTFUNUSDT,0,2026-06-13T01:53:52.0000000Z,0.04078,0.0395566,0.0462853,sl,7,3,1.3800000000000000000000000000
COLLECTUSDT,0,2026-06-13T03:05:50.0000000Z,0.0516,0.0500326,0.0586533,sl,2,3,1.3800000000000000000000000000
MYXUSDT,0,2026-06-13T03:07:18.0000000Z,0.181,0.17557,0.205435,sl,1,1,-0.12
RKLBUSDT,0,2026-06-13T05:14:28.0000000Z,104.27,101.1419,118.34645,sl,64,1,-0.12
HMSTRUSDT,0,2026-06-13T05:14:36.0000000Z,0.0001934,0.0001876,0.00021951,sl,2,3,1.3800000000000000000000000000
HMSTRUSDT,0,2026-06-13T08:21:12.0000000Z,0.0001933,0.0001875,0.0002194,sl,1,3,1.3800000000000000000000000000
ARMUSDT,0,2026-06-14T10:35:40.0000000Z,359.56,348.0073372,396.52852096,tp,44,3,15.302399999999999999999999998
EPICUSDT,0,2026-06-14T18:23:49.0000000Z,0.5165,0.501005,0.5862275,sl,41,2,0.6300000000000000000000000000
ENSOUSDT,0,2026-06-16T22:23:03.0000000Z,0.6604,0.64547687,0.70948096,sl,8,3,1.3800000000000000000000000000
HEMIUSDT,0,2026-06-16T22:32:57.0000000Z,0.005536,0.00559778,0.0053383,sl,0,0,1.5539523121387283236994219653
我踏马来了USDT,0,2026-06-17T01:19:09.0000000Z,0.009502,0.00931785,0.01009128,sl,0,0,-3.0270195748263523468743422438
METUSDT,0,2026-06-17T02:29:06.0000000Z,0.1147,0.11147234,0.12502851,sl,2,2,0.6300000000000000000000000000
BEATUSDT,1,2026-06-17T02:34:05.0000000Z,2.9601,3.15475618,2.27880338,sl,6,3,1.3800000000000000000000000000
AXTIUSDT,0,2026-06-17T03:34:07.0000000Z,98.3,96.937562,102.6598016,sl,3,0,-2.1990000000000000000000000000
TRUTHUSDT,0,2026-06-17T04:54:09.0000000Z,0.012959,0.01271874,0.01372783,sl,0,0,-2.9010016204954085963423103635
UMAUSDT,0,2026-06-17T05:34:05.0000000Z,0.4375,0.4229575,0.47058419,sl,5,3,1.3800000000000000000000000000
VELODROMEUSDT,0,2026-06-17T08:34:08.0000000Z,0.01901,0.01857201,0.02054297,sl,0,0,-3.5759968437664387164650184113
PLAYUSDT,0,2026-06-17T08:48:59.0000000Z,0.0338,0.03281149,0.03734979,tp,11,3,15.633505917159763313609467456
PLAYUSDT,0,2026-06-17T08:49:07.0000000Z,0.03383,0.03278238,0.03731666,tp,11,3,15.339621637599763523499852202
BANANAS31USDT,0,2026-06-17T08:49:19.0000000Z,0.01122,0.01096688,0.01210593,sl,0,0,-3.5039572192513368983957219252
USUSDT,0,2026-06-17T09:39:01.0000000Z,0.012852,0.01245256,0.01413021,tp,11,3,14.798417366946778711484593838
USUSDT,0,2026-06-17T09:39:11.0000000Z,0.012852,0.01245256,0.01413021,tp,11,3,14.798417366946778711484593838
LITEUSDT,0,2026-06-17T10:14:14.0000000Z,885.71,879.6511926,907.6358259,sl,11,1,-0.12
LITEUSDT,0,2026-06-17T10:34:00.0000000Z,885.71,873.2746316,914.00046311,sl,9,1,-0.12
HIMSUSDT,0,2026-06-17T10:44:05.0000000Z,32.1,31.861176,32.8642368,sl,0,0,-1.2360000000000000000000000000
VELODROMEUSDT,0,2026-06-17T14:14:03.0000000Z,0.01899,0.01811494,0.02098076,sl,8,3,1.3800000000000000000000000000
SAGAUSDT,0,2026-06-17T15:04:01.0000000Z,0.01436,0.01406619,0.01538832,sl,2,1,-0.12
SAGAUSDT,0,2026-06-17T15:04:12.0000000Z,0.01438,0.01403675,0.01558138,sl,2,1,-0.12
SAGAUSDT,0,2026-06-17T15:04:22.0000000Z,0.01439,0.01404651,0.01559221,sl,5,1,-0.12
SYNUSDT,0,2026-06-17T15:04:29.0000000Z,0.05837,0.05663291,0.06444982,sl,0,0,-4.5839969162240877162926160698
REDUSDT,0,2026-06-17T15:04:59.0000000Z,0.1032,0.10158389,0.10837156,sl,0,0,-2.4689970930232558139534883721
REDUSDT,0,2026-06-17T15:05:11.0000000Z,0.1033,0.10141271,0.10933933,sl,0,0,-2.8604985479186834462729912875
REDUSDT,0,2026-06-17T15:05:20.0000000Z,0.1036,0.10170723,0.10965687,sl,0,0,-2.8604971042471042471042471043
UVXYUSDT,0,2026-06-17T20:37:04.0000000Z,27.1,26.519518,29.131687,sl,13,0,-3.3330000000000000000000000000
UVXYUSDT,0,2026-06-17T20:42:01.0000000Z,27.12,25.9581792,29.76314232,sl,45,0,-6.5460000000000000000000000000
UVXYUSDT,0,2026-06-17T21:52:04.0000000Z,27.14,26.4617714,29.5138001,sl,8,0,-3.8685000000000000000000000000
UVXYUSDT,0,2026-06-17T21:52:14.0000000Z,27.14,26.4617714,29.5138001,sl,8,0,-3.8685000000000000000000000000
SPXUSDT,0,2026-06-17T23:52:08.0000000Z,0.4389,0.42799772,0.47705797,sl,0,0,-3.8460013670539986329460013671
SPXUSDT,0,2026-06-18T00:12:25.0000000Z,0.4371,0.42443284,0.48143505,sl,2,0,-4.4670006863417982155113246397
SPXUSDT,0,2026-06-18T00:12:35.0000000Z,0.4373,0.42462705,0.48165534,sl,0,0,-4.4669986279442030642579464898
KOMAUSDT,1,2026-06-18T01:27:34.0000000Z,0.008676,0.00888527,0.00800635,sl,5,3,1.3800000000000000000000000000
XLMUSDT,0,2026-06-18T02:27:53.0000000Z,0.23724,0.22756061,0.25926062,sl,2,1,-0.12
EVAAUSDT,0,2026-06-18T02:42:40.0000000Z,0.6322,0.60985173,0.70371446,sl,0,0,-5.4225000000000000000000000000
BANANAS31USDT,0,2026-06-18T04:47:55.0000000Z,0.0112,0.01094733,0.01208435,sl,2,1,-0.12
CRVUSDT,0,2026-06-18T07:09:02.0000000Z,0.2252,0.2230651,0.23267214,sl,11,0,-1.5420026642984014209591474245
PORTALUSDT,0,2026-06-18T07:39:53.0000000Z,0.015097,0.01460348,0.01667627,sl,0,0,-5.0234907597535934291581108829
PORTALUSDT,0,2026-06-18T07:40:02.0000000Z,0.015047,0.01455511,0.01662104,sl,0,0,-5.0235355884893998803748255465
CRVUSDT,0,2026-06-18T09:19:51.0000000Z,0.2251,0.2208321,0.23480946,sl,16,2,0.6300000000000000000000000000
XPINUSDT,1,2026-06-18T09:39:51.0000000Z,0.0012597,0.00128079,0.00118589,sl,0,0,-2.6313122171945701357466063349
MEGAUSDT,1,2026-06-18T10:15:07.0000000Z,0.0651,0.06745141,0.05757548,sl,6,1,-0.12
ZEREBROUSDT,1,2026-06-18T10:29:53.0000000Z,0.033557,0.03479324,0.02923016,sl,1,3,1.3800000000000000000000000000
REDUSDT,0,2026-06-18T10:39:49.0000000Z,0.1033,0.10006464,0.11002954,sl,5,3,1.3800000000000000000000000000
QNTXUSDT,0,2026-06-18T10:59:49.0000000Z,66.07,64.4763916,71.16954688,sl,0,0,-3.7380000000000000000000000001
QNTXUSDT,0,2026-06-18T10:59:58.0000000Z,65.92,62.7400192,72.53436006,sl,10,0,-7.3560000000000000000000000001
AIOTUSDT,1,2026-06-18T13:08:35.0000000Z,0.07389,0.07574759,0.0679457,sl,0,0,-3.8909906617945594803085667885
AIOTUSDT,1,2026-06-18T13:48:37.0000000Z,0.07385,0.07756318,0.06612659,sl,8,1,-0.12
COAIUSDT,0,2026-06-19T04:43:39.0000000Z,0.345,0.3296406,0.37994263,sl,1,1,-0.12
WLDUSDT,0,2026-06-19T06:08:40.0000000Z,0.6523,0.63613601,0.70887398,sl,0,0,-3.8369990801778322857580867700
WLDUSDT,0,2026-06-19T06:08:50.0000000Z,0.653,0.63412177,0.71907381,sl,3,3,1.3800000000000000000000000000
WLDUSDT,0,2026-06-19T06:08:58.0000000Z,0.6525,0.63363622,0.71852321,sl,3,3,1.3800000000000000000000000000
WLDUSDT,0,2026-06-19T06:18:40.0000000Z,0.6521,0.61978192,0.72562362,sl,2,3,1.3800000000000000000000000000
IOUSDT,0,2026-06-19T07:03:42.0000000Z,0.18405,0.18057145,0.19622491,sl,0,0,-2.9550040749796251018744906277
IOUSDT,0,2026-06-19T07:08:42.0000000Z,0.18324,0.17919956,0.19738155,sl,0,0,-3.4274983628028814669286182058
SNDKUSDT,0,2026-06-19T10:25:00.0000000Z,2210.74,2196.4144048,2260.8795832,sl,0,0,-1.0920000000000000000000000003
HIMSUSDT,0,2026-06-19T11:59:39.0000000Z,35.56,35.1930208,36.8444272,sl,1,3,1.3800000000000000000000000000
POLUSDT,0,2026-06-19T13:20:31.0000000Z,0.08008,0.07938811,0.08250162,sl,0,0,-1.4159977522477522477522477522
IOUSDT,0,2026-06-19T13:24:38.0000000Z,0.18344,0.17650597,0.19921492,sl,2,1,-0.12
HIMSUSDT,0,2026-06-19T13:24:46.0000000Z,35.56,34.8260416,37.22975536,sl,2,2,0.6300000000000000000000000000
CBRSUSDT,0,2026-06-19T14:04:37.0000000Z,236.0,233.93264,242.615552,sl,11,0,-1.4340000000000000000000000000
AIOUSDT,0,2026-06-19T18:34:40.0000000Z,0.12975,0.12577965,0.14364623,sl,11,3,1.3800000000000000000000000000
MEGAUSDT,0,2026-06-19T21:34:47.0000000Z,0.05821,0.05702834,0.06234582,sl,0,0,-3.1649922693695241367462635285
MEGAUSDT,0,2026-06-19T21:34:56.0000000Z,0.05828,0.05709692,0.06242079,sl,0,0,-3.1649897048730267673301304050
HUMAUSDT,0,2026-06-19T23:25:01.0000000Z,0.02446,0.02417969,0.025357,sl,11,1,-0.12
PORTALUSDT,0,2026-06-19T23:49:53.0000000Z,0.01622,0.01540251,0.01807979,sl,4,3,1.3799999999999999999999999999
PORTALUSDT,0,2026-06-19T23:59:53.0000000Z,0.01625,0.01577225,0.01792213,sl,4,3,1.3800000000000000000000000000
AIOUSDT,0,2026-06-20T00:19:53.0000000Z,0.12956,0.12493471,0.14574852,sl,10,3,1.3800000000000000000000000000
1000SATSUSDT,1,2026-06-20T00:40:05.0000000Z,0.00001025,0.00001046,0.00000959,sl,1,2,0.6300000000000000000000000000
1000SATSUSDT,1,2026-06-20T00:50:07.0000000Z,0.00001025,0.00001066,0.00000939,sl,5,3,1.3800000000000000000000000000
PORTALUSDT,0,2026-06-20T01:20:17.0000000Z,0.01625,0.01577225,0.01792213,sl,4,3,1.3800000000000000000000000000
BANKUSDT,0,2026-06-20T05:20:08.0000000Z,0.04032,0.039766,0.04225899,sl,17,0,-2.1810119047619047619047619047
BANKUSDT,0,2026-06-20T05:30:08.0000000Z,0.04036,0.03925091,0.04288319,sl,24,0,-4.2419895936570862239841427155
POLUSDT,0,2026-06-20T07:15:08.0000000Z,0.08366,0.08174251,0.08802228,sl,21,0,-3.5580050203203442505378914654
OPUSDT,0,2026-06-20T07:55:11.0000000Z,0.1036,0.10226356,0.10787661,sl,15,0,-2.0550000000000000000000000000
ENJUSDT,0,2026-06-20T09:00:13.0000000Z,0.034799,0.0343835,0.03625325,sl,2,1,-0.12
AVAXUSDT,0,2026-06-20T09:30:24.0000000Z,6.203,6.08055278,6.5948311,sl,14,0,-3.0810000000000000000000000000
AVAXUSDT,0,2026-06-20T09:55:10.0000000Z,6.203,6.08055278,6.5948311,sl,13,0,-3.0810000000000000000000000000
AEROUSDT,0,2026-06-20T14:00:15.0000000Z,0.5025,0.4857366,0.54063673,sl,0,0,-5.1240000000000000000000000000
HEIUSDT,0,2026-06-20T16:30:09.0000000Z,0.11427,0.10731896,0.13859865,sl,1,2,0.6300000000000000000000000000
USELESSUSDT,0,2026-06-20T16:30:16.0000000Z,0.077,0.0739046,0.08404204,sl,1,3,1.3800000000000000000000000000
TOWNSUSDT,0,2026-06-20T17:05:11.0000000Z,0.002203,0.0021767,0.00229506,sl,0,0,-1.9107399001361779391738538357
RESOLVUSDT,0,2026-06-20T20:15:56.0000000Z,0.01621,0.01543387,0.01782436,tp,10,3,14.818556446637877853177051203
TOWNSUSDT,0,2026-06-20T21:25:55.0000000Z,0.002203,0.00215039,0.00232268,sl,23,3,1.3800000000000000000000000000
CARVUSDT,0,2026-06-20T21:50:57.0000000Z,0.04169,0.04119472,0.04342347,sl,0,0,-1.9020100743583593187814823699
KOMAUSDT,1,2026-06-20T23:05:55.0000000Z,0.00868,0.00909872,0.00780906,sl,9,3,1.3800000000000000000000000000
BTRUSDT,0,2026-06-20T23:16:02.0000000Z,0.0218,0.02137621,0.02328327,sl,0,0,-3.0359862385321100917431192661
AEVOUSDT,0,2026-06-21T00:05:57.0000000Z,0.02002,0.01980378,0.02077676,sl,0,0,-1.7400299700299700299700299700
CARVUSDT,0,2026-06-21T01:30:54.0000000Z,0.04158,0.04059206,0.04382757,sl,27,0,-3.6839971139971139971139971140
MMTUSDT,0,2026-06-21T03:50:13.0000000Z,0.1599,0.15673398,0.17098107,sl,0,0,-3.0900000000000000000000000000
MMTUSDT,0,2026-06-21T03:50:23.0000000Z,0.1603,0.15659707,0.17326026,sl,0,0,-3.5850000000000000000000000000
MMTUSDT,0,2026-06-21T03:50:34.0000000Z,0.1604,0.15669476,0.17336834,sl,0,0,-3.5850000000000000000000000001
CTRUSDT,0,2026-06-21T08:28:38.0000000Z,0.01144,0.01111465,0.01218018,sl,8,0,-4.3859527972027972027972027972
TONUSDT,0,2026-06-21T08:53:40.0000000Z,1.6953,1.68034745,1.74763391,sl,0,0,-1.4430003539196602371261723589
龙虾USDT,0,2026-06-21T10:18:40.0000000Z,0.009746,0.00954952,0.01037473,sl,0,0,-3.1440098501949517750872152678
SPORTFUNUSDT,0,2026-06-21T12:49:00.0000000Z,0.02984,0.02893764,0.03299827,sl,1,0,-4.6559919571045576407506702413
THEUSDT,0,2026-06-21T13:19:49.0000000Z,0.06993,0.06848245,0.07499643,sl,0,0,-3.2249978549978549978549978550
SPORTFUNUSDT,0,2026-06-21T15:00:19.0000000Z,0.02978,0.02797891,0.03387749,sl,24,0,-9.191977837474815312290127602
MUBARAKUSDT,0,2026-06-21T16:15:21.0000000Z,0.01117,0.01100446,0.01174939,sl,1,2,0.6300000000000000000000000000
GALAUSDT,1,2026-06-21T18:10:17.0000000Z,0.002734,0.00279076,0.00261594,tp,10,3,6.3573226042428675932699341624
CHZUSDT,1,2026-06-21T21:41:37.0000000Z,0.02069,0.02088862,0.01999482,sl,0,0,-1.5599710004833252779120347994
CHZUSDT,1,2026-06-21T22:26:38.0000000Z,0.02069,0.02108725,0.01978626,sl,11,0,-3.0000144997583373610439826003
TAIKOUSDT,0,2026-06-21T23:01:34.0000000Z,0.0917,0.08736718,0.10556504,sl,1,3,1.3800000000000000000000000000
NAORISUSDT,0,2026-06-22T00:21:37.0000000Z,0.03716,0.03497499,0.04213089,sl,23,3,1.3800000000000000000000000000
JCTUSDT,0,2026-06-22T01:44:32.0000000Z,0.005872,0.00565779,0.00662174,sl,0,0,-5.5919856948228882833787465939
JCTUSDT,0,2026-06-22T01:44:40.0000000Z,0.005837,0.00558858,0.00670648,sl,0,0,-6.5039301010793215692992975843
JCTUSDT,0,2026-06-22T06:58:17.0000000Z,0.005848,0.00542133,0.00681867,sl,66,0,-11.063997948016415868673050616
EVAAUSDT,0,2026-06-22T07:58:19.0000000Z,0.8143,0.79480566,0.8825302,sl,0,0,-3.7109996315854107822669777724
EVAAUSDT,0,2026-06-22T08:03:36.0000000Z,0.8159,0.79311191,0.8956583,sl,0,0,-4.3095005515381786983698982719
EVAAUSDT,0,2026-06-22T08:03:50.0000000Z,0.8155,0.79272308,0.8952192,sl,0,0,-4.3095009196811771919068056407
CRDOUSDT,0,2026-06-22T08:13:22.0000000Z,283.31,280.165259,294.3165935,sl,0,0,-1.7850000000000000000000000001
LUMIAUSDT,1,2026-06-22T10:08:32.0000000Z,0.12359,0.12703816,0.11255588,sl,8,2,0.6300000000000000000000000000
CTRUSDT,0,2026-06-22T10:13:12.0000000Z,0.0112,0.01102797,0.0117505,sl,11,3,1.3800000000000000000000000000
WUSDT,0,2026-06-22T10:28:29.0000000Z,0.01231,0.0118352,0.01382935,sl,1,1,-0.12
USARUSDT,0,2026-06-22T10:48:23.0000000Z,25.9,25.514608,27.248872,sl,0,0,-2.3520000000000000000000000000
EULUSDT,0,2026-06-22T11:13:26.0000000Z,1.097,1.08377018,1.14330437,sl,0,0,-1.9290000000000000000000000000
EVAAUSDT,0,2026-06-22T11:33:13.0000000Z,0.8142,0.7752161,0.90288836,sl,16,3,1.3800000000000000000000000000
AKEUSDT,0,2026-06-22T11:33:21.0000000Z,0.0003771,0.00036789,0.00040934,sl,2,0,-3.7834844868735083532219570405
AKEUSDT,0,2026-06-22T11:33:30.0000000Z,0.0003768,0.00036759,0.00040902,sl,6,1,-0.12
NOMUSDT,0,2026-06-22T14:28:49.0000000Z,0.001776,0.00173966,0.00190318,sl,1,3,1.3800000000000000000000000000
PORTALUSDT,0,2026-06-22T14:39:14.0000000Z,0.0163,0.01589609,0.0177137,sl,0,0,-3.8369631901840490797546012271
PORTALUSDT,0,2026-06-22T14:43:58.0000000Z,0.01612,0.01577761,0.01731836,sl,0,0,-3.3060111662531017369727047147
PORTALUSDT,0,2026-06-22T14:44:07.0000000Z,0.01617,0.01576931,0.01757242,sl,0,0,-3.8369758812615955473098330241
ZROUSDT,0,2026-06-22T16:27:43.0000000Z,0.9706,0.95842868,1.01319963,sl,3,3,1.3800000000000000000000000000
PORTALUSDT,0,2026-06-22T18:32:41.0000000Z,0.01615,0.01546395,0.01771077,sl,5,0,-6.4919814241486068111455108362
4USDT,0,2026-06-22T19:01:41.0000000Z,0.008886,0.0086674,0.0093833,sl,5,3,1.3800000000000000000000000000
ROBOUSDT,0,2026-06-22T19:31:40.0000000Z,0.02006,0.01986381,0.02074665,sl,0,0,-1.5870239282153539381854436690
APEUSDT,0,2026-06-22T19:41:40.0000000Z,0.1417,0.14016114,0.14708602,sl,0,0,-1.7489978828510938602681721948
ROBOUSDT,0,2026-06-22T22:51:36.0000000Z,0.02006,0.01966763,0.02095265,sl,11,0,-3.0539730807577268195413758724
APEUSDT,0,2026-06-22T23:41:39.0000000Z,0.1417,0.13862228,0.14870182,sl,15,0,-3.3779957657021877205363443895
LAYERUSDT,0,2026-06-23T01:51:51.0000000Z,0.07567,0.07331818,0.08390138,sl,1,2,0.6300000000000000000000000000
LAYERUSDT,0,2026-06-23T01:52:02.0000000Z,0.07534,0.07299843,0.08353549,sl,1,2,0.6300000000000000000000000000
AVAAIUSDT,0,2026-06-23T03:02:56.0000000Z,0.005786,0.00566068,0.00622464,sl,1,3,1.3800000000000000000000000000
SAGAUSDT,0,2026-06-23T03:23:43.0000000Z,0.01466,0.01436651,0.01568723,sl,10,3,1.3800000000000000000000000000
ESPORTSUSDT,0,2026-06-23T04:18:51.0000000Z,0.02902,0.02778375,0.03334688,sl,4,3,1.3800000000000000000000000000
SAGAUSDT,0,2026-06-23T05:19:10.0000000Z,0.01466,0.01436651,0.01568723,sl,2,3,1.3800000000000000000000000000
SAGAUSDT,0,2026-06-23T06:03:48.0000000Z,0.01465,0.01414721,0.01579384,sl,1,1,-0.12
龙虾USDT,1,2026-06-23T06:33:47.0000000Z,0.011502,0.01231082,0.00981965,sl,8,3,1.3800000000000000000000000001
BELUSDT,0,2026-06-23T07:38:52.0000000Z,0.18056,0.16977876,0.21505996,sl,1,3,1.3799999999999999999999999999
MMTUSDT,0,2026-06-23T11:33:55.0000000Z,0.2038,0.19548496,0.23290264,sl,1,2,0.6300000000000000000000000000
MMTUSDT,0,2026-06-23T11:43:55.0000000Z,0.204,0.1942896,0.2379864,sl,1,2,0.6300000000000000000000000000
USUSDT,0,2026-06-23T12:59:20.0000000Z,0.015716,0.01493523,0.01734,sl,1,3,1.3800000000000000000000000000
USUSDT,0,2026-06-23T13:03:54.0000000Z,0.0157,0.01531001,0.01694796,sl,1,3,1.3800000000000000000000000000
HEIUSDT,0,2026-06-23T13:43:52.0000000Z,0.08701,0.08505228,0.09386204,sl,7,3,1.3800000000000000000000000000
HEIUSDT,0,2026-06-23T13:44:03.0000000Z,0.087,0.083085,0.09590662,sl,7,3,1.3800000000000000000000000000
USUSDT,0,2026-06-23T13:58:48.0000000Z,0.015702,0.01524696,0.01715814,sl,1,1,-0.12
USUSDT,0,2026-06-23T15:03:51.0000000Z,0.015734,0.01527803,0.01719311,sl,13,0,-4.4669874157874666327697978899
XLMUSDT,0,2026-06-23T15:34:29.0000000Z,0.19385,0.19010482,0.20237029,sl,41,2,0.6300000000000000000000000000
NAORISUSDT,0,2026-06-23T17:15:49.0000000Z,0.03409,0.03335366,0.0364463,tp,0,0,10.247996479906130830155470813
AVAAIUSDT,0,2026-06-23T21:37:29.0000000Z,0.00608,0.00586592,0.00682927,sl,10,3,1.3800000000000000000000000000
SWARMSUSDT,1,2026-06-23T22:44:14.0000000Z,0.007021,0.00711789,0.00668189,sl,2,3,1.3800000000000000000000000000
POPCATUSDT,0,2026-06-23T23:54:45.0000000Z,0.05246,0.05002376,0.05752738,sl,2,3,1.3800000000000000000000000000
POPCATUSDT,0,2026-06-23T23:59:23.0000000Z,0.05248,0.05126141,0.05637947,sl,2,3,1.3800000000000000000000000000
POPCATUSDT,0,2026-06-23T23:59:33.0000000Z,0.05251,0.0510875,0.05706199,sl,2,3,1.3800000000000000000000000000
POPCATUSDT,0,2026-06-23T23:59:45.0000000Z,0.05245,0.05102913,0.05699679,sl,2,3,1.3800000000000000000000000000
SAHARAUSDT,0,2026-06-24T02:49:24.0000000Z,0.01268,0.0123985,0.01366524,sl,0,0,-3.4500473186119873817034700315
AIOUSDT,0,2026-06-24T03:39:30.0000000Z,0.12986,0.12665765,0.14106822,sl,0,0,-3.8190027722162328661635607577
SYNUSDT,0,2026-06-24T03:44:26.0000000Z,0.3076,0.28503446,0.38657938,sl,2,1,-0.12
AIOUSDT,0,2026-06-24T03:59:32.0000000Z,0.12913,0.12541493,0.14213275,sl,0,0,-4.4354998838379927205142104855
AIOUSDT,0,2026-06-24T04:09:26.0000000Z,0.12964,0.12324616,0.144186,sl,0,0,-7.5179944461585930268435668003
BILLUSDT,0,2026-06-24T10:49:14.0000000Z,0.05129,0.05011443,0.05396441,sl,6,3,1.3800000000000000000000000000
GUSDT,0,2026-06-24T10:49:19.0000000Z,0.003248,0.00290228,0.00403451,sl,8,0,-16.086133004926108374384236453
NAORISUSDT,0,2026-06-24T13:48:03.0000000Z,0.03407,0.03259818,0.03713139,tp,0,0,13.358382741414734370413853830
NAORISUSDT,0,2026-06-24T13:48:07.0000000Z,0.03412,0.03326018,0.03687144,tp,0,0,11.976014067995310668229777257
NAORISUSDT,0,2026-06-24T13:48:16.0000000Z,0.03398,0.0331237,0.03672015,tp,0,0,11.976012360211889346674514420
USELESSUSDT,0,2026-06-24T13:53:03.0000000Z,0.0717,0.06780239,0.08056707,sl,2,3,1.3800000000000000000000000000
BSBUSDT,0,2026-06-24T17:34:09.0000000Z,0.30858,0.29013926,0.35053269,sl,77,3,1.3800000000000000000000000000
BSBUSDT,0,2026-06-24T18:31:31.0000000Z,0.30753,0.2968095,0.34505174,sl,6,1,-0.12
SLXUSDT,1,2026-06-24T18:41:26.0000000Z,0.28049,0.2943406,0.23616809,sl,9,3,1.3800000000000000000000000000
KAIAUSDT,0,2026-06-25T00:16:27.0000000Z,0.03471,0.03438928,0.03583252,sl,0,0,-1.5059982713915298184961106310
KAIAUSDT,0,2026-06-25T03:11:27.0000000Z,0.03472,0.03407837,0.0361797,sl,29,0,-2.8920190092165898617511520738
ESPORTSUSDT,0,2026-06-25T04:11:31.0000000Z,0.03421,0.03280431,0.0387082,sl,0,0,-6.2835048231511254019292604501
AVAAIUSDT,0,2026-06-25T05:26:26.0000000Z,0.005378,0.00529894,0.00563098,sl,19,3,1.3800000000000000000000000000
AVAAIUSDT,0,2026-06-25T05:26:30.0000000Z,0.005378,0.00521989,0.00570688,sl,19,3,1.3800000000000000000000000000
NMRUSDT,1,2026-06-25T05:56:25.0000000Z,8.51,8.68871,8.10343475,sl,32,3,1.3800000000000000000000000000
1000PEPEUSDT,0,2026-06-25T06:26:28.0000000Z,0.0025289,0.00251357,0.00257794,sl,16,0,-1.0292886235121989797935861442
BLESSUSDT,0,2026-06-25T06:56:30.0000000Z,0.009005,0.00874025,0.00993161,sl,0,0,-4.5300499722376457523598001111
WUSDT,0,2026-06-25T07:16:27.0000000Z,0.00993,0.00968811,0.01048031,sl,14,0,-3.7739274924471299093655589125
BLESSUSDT,0,2026-06-25T07:26:28.0000000Z,0.009017,0.0084868,0.0102232,sl,0,0,-8.940006654097815237883996895
BELUSDT,0,2026-06-25T07:51:27.0000000Z,0.15422,0.14663238,0.17148184,sl,1,0,-7.4999961094540267150823498899
FIDAUSDT,0,2026-06-25T08:11:26.0000000Z,0.02265,0.02235374,0.02368692,sl,0,0,-2.0819867549668874172185430464
FIDAUSDT,0,2026-06-25T10:46:31.0000000Z,0.02262,0.02202826,0.02396621,sl,4,1,-0.12
MEGAUSDT,0,2026-06-25T21:27:37.0000000Z,0.04679,0.04533015,0.05011115,sl,11,3,1.3800000000000000000000000000
MEGAUSDT,0,2026-06-25T21:32:35.0000000Z,0.04678,0.04605023,0.04933419,sl,10,3,1.3800000000000000000000000000
TACUSDT,0,2026-06-25T21:47:39.0000000Z,0.023452,0.02305519,0.02484083,sl,0,0,-2.6580138154528398430837455228
MEGAUSDT,0,2026-06-25T22:27:38.0000000Z,0.04678,0.0459286,0.04975989,sl,7,3,1.3800000000000000000000000000
MEGAUSDT,0,2026-06-25T22:32:39.0000000Z,0.04676,0.04590897,0.04973861,sl,6,3,1.3800000000000000000000000000
BICOUSDT,1,2026-06-26T01:01:01.0000000Z,0.02059,0.02101621,0.01922612,sl,1,2,0.6300000000000000000000000000
BICOUSDT,1,2026-06-26T01:01:10.0000000Z,0.02058,0.02143201,0.01880782,sl,1,2,0.6300000000000000000000000000
TACUSDT,0,2026-06-26T02:13:31.0000000Z,0.023421,0.02262843,0.02522409,sl,1,2,0.6300000000000000000000000000
CGPTUSDT,0,2026-06-26T02:48:33.0000000Z,0.01934,0.01896055,0.02066808,sl,0,0,-3.0629937952430196483971044468
CGPTUSDT,0,2026-06-26T03:03:55.0000000Z,0.01933,0.01888754,0.02087862,sl,0,0,-3.5534712881531298499741334713
CGPTUSDT,0,2026-06-26T03:04:05.0000000Z,0.01931,0.01886799,0.02085702,sl,0,0,-3.5535318487830139823925427240
CGPTUSDT,0,2026-06-26T05:49:23.0000000Z,0.0193,0.01854267,0.02102293,sl,26,0,-6.0059844559585492227979274611
PUNDIXUSDT,0,2026-06-26T13:18:04.0000000Z,0.0797,0.07813629,0.085173,sl,0,0,-3.0629924717691342534504391468
SCRTUSDT,0,2026-06-26T15:23:07.0000000Z,0.05416,0.05294465,0.05841373,sl,4,3,1.3800000000000000000000000000
SCRTUSDT,0,2026-06-26T15:43:25.0000000Z,0.05411,0.0526934,0.0590681,sl,3,3,1.3800000000000000000000000000
SCRTUSDT,0,2026-06-26T15:43:34.0000000Z,0.05415,0.05273235,0.05911176,sl,3,3,1.3800000000000000000000000000
SCRTUSDT,0,2026-06-26T16:08:09.0000000Z,0.05411,0.05168154,0.05963474,sl,1,3,1.3800000000000000000000000000
FUSDT,0,2026-06-26T21:33:30.0000000Z,0.003599,0.00353425,0.00382561,sl,0,0,-2.8186662961933870519588774660
WAXPUSDT,0,2026-06-26T21:33:40.0000000Z,0.00427,0.00418272,0.00457548,sl,0,0,-3.1860421545667447306791569087
WAXPUSDT,0,2026-06-26T21:33:49.0000000Z,0.00427,0.00418272,0.00457548,sl,0,0,-3.1860421545667447306791569087
SLXUSDT,0,2026-06-27T06:18:58.0000000Z,0.45018,0.42900353,0.52429764,sl,4,3,1.3800000000000000000000000000
SLXUSDT,0,2026-06-27T06:19:09.0000000Z,0.45024,0.42553083,0.5367221,sl,4,3,1.3800000000000000000000000000
MEWUSDT,0,2026-06-27T07:28:56.0000000Z,0.000369,0.00036497,0.0003831,sl,0,0,-1.7582113821138211382113821138
BROCCOLIF3BUSDT,0,2026-06-27T09:54:41.0000000Z,0.005618,0.00543766,0.00619508,sl,0,0,-4.9350587397650409398362406551
PIPPINUSDT,1,2026-06-27T13:00:00.0000000Z,0.01692,0.01771998,0.01525605,sl,10,3,1.3800000000000000000000000000
EIGENUSDT,0,2026-06-27T16:31:22.0000000Z,0.2336,0.22991379,0.24539587,sl,1,2,0.6300000000000000000000000000
STGUSDT,0,2026-06-27T20:07:59.0000000Z,0.1692,0.16304789,0.18319605,sl,10,3,1.3800000000000000000000000000
TACUSDT,1,2026-06-27T22:09:39.0000000Z,0.020778,0.02114577,0.0194908,sl,2,1,-0.12
PIPPINUSDT,1,2026-06-27T22:14:26.0000000Z,0.01694,0.01734046,0.01565852,sl,8,3,1.3800000000000000000000000000
POWRUSDT,0,2026-06-27T23:29:39.0000000Z,0.05342,0.05166996,0.05954514,sl,0,0,-5.0340022463496817671284163234
ACTUSDT,0,2026-06-27T23:39:32.0000000Z,0.00835,0.0080975,0.00892445,sl,0,0,-4.6559281437125748502994011975
XANUSDT,0,2026-06-28T00:52:41.0000000Z,0.010515,0.01029986,0.01126798,sl,0,0,-3.1890442225392296718972895864
TACUSDT,0,2026-06-28T03:06:36.0000000Z,0.021537,0.02124625,0.0224674,sl,0,0,-2.1450034823791614430979245020
CELOUSDT,0,2026-06-28T06:06:25.0000000Z,0.06607,0.06498777,0.06985779,tp,11,3,8.479492962009989405176328137
TACUSDT,0,2026-06-28T06:51:46.0000000Z,0.021537,0.0209555,0.02274652,sl,4,1,-0.12
INJUSDT,0,2026-06-28T06:51:54.0000000Z,4.744,4.69219552,4.92531568,sl,11,0,-1.7580000000000000000000000000
SXTUSDT,0,2026-06-28T10:23:54.0000000Z,0.006881,0.00681618,0.00710787,sl,0,0,-1.5330213631739572736520854527
ORCAUSDT,0,2026-06-28T11:04:20.0000000Z,1.156,1.12783984,1.22006436,sl,42,2,0.6300000000000000000000000000
CTRUSDT,0,2026-06-28T14:41:08.0000000Z,0.01085,0.01055184,0.01152831,sl,1,3,1.3800000000000000000000000000
DKNGUSDT,0,2026-06-28T16:22:43.0000000Z,25.11,24.5254392,26.43987582,sl,203,3,1.3800000000000000000000000000
POWRUSDT,0,2026-06-28T16:37:42.0000000Z,0.04995,0.04790005,0.05712482,sl,18,2,0.6300000000000000000000000000
DKNGUSDT,0,2026-06-28T17:18:20.0000000Z,25.11,24.8177196,26.1329814,sl,203,3,1.3800000000000000000000000000
BILLUSDT,0,2026-06-28T21:37:28.0000000Z,0.04418,0.04306666,0.04807668,sl,0,0,-3.9000135808057944771389769126
TRIAUSDT,0,2026-06-28T22:27:27.0000000Z,0.01807,0.01779787,0.01902247,sl,0,0,-2.3789651355838406198118428335
TRIAUSDT,0,2026-06-29T00:48:17.0000000Z,0.01807,0.01752573,0.01930821,sl,15,2,0.6300000000000000000000000000
ACTUSDT,1,2026-06-29T04:00:53.0000000Z,0.01321,0.0157273,0.00748315,sl,5,3,1.3800000000000000000000000000
ACTUSDT,1,2026-06-29T04:05:36.0000000Z,0.01323,0.01449055,0.00881806,sl,5,3,1.3800000000000000000000000000
TACUSDT,0,2026-06-29T04:21:15.0000000Z,0.022743,0.02242778,0.02384626,sl,0,0,-2.1990133227806358000263817438
CELOUSDT,0,2026-06-29T04:55:45.0000000Z,0.0708,0.06508295,0.08163,sl,6,0,-12.232394067796610169491525424
ATOMUSDT,0,2026-06-29T05:06:01.0000000Z,1.586,1.543245,1.805,sl,33,0,-4.1636633039092055485498108449
AVAAIUSDT,0,2026-06-29T05:25:44.0000000Z,0.005326,0.00522406,0.00568279,sl,6,3,1.3800000000000000000000000000
AVAAIUSDT,0,2026-06-29T05:45:48.0000000Z,0.005331,0.00512693,0.00579526,sl,4,3,1.3800000000000000000000000000
AGLDUSDT,0,2026-06-29T06:21:21.0000000Z,0.1902,0.18417446,0.21128938,sl,0,0,-4.8720031545741324921135646688
TURBOUSDT,0,2026-06-29T06:30:56.0000000Z,0.0009203,0.00087955,0.00101301,sl,2,3,1.3800000000000000000000000000
SWARMSUSDT,0,2026-06-29T06:50:56.0000000Z,0.007244,0.00704754,0.0079316,sl,0,0,-4.1880563224737713970182219768
SWARMSUSDT,0,2026-06-29T06:51:08.0000000Z,0.007226,0.00699737,0.00802621,sl,0,0,-4.8659867146415721007473014115
SWARMSUSDT,0,2026-06-29T07:46:01.0000000Z,0.007229,0.0068369,0.00812103,sl,3,1,-0.12
DOGSUSDT,0,2026-06-29T08:11:06.0000000Z,0.00003911,0.00003818,0.00004123,sl,5,3,1.3800000000000000000000000000
COAIUSDT,0,2026-06-29T09:21:25.0000000Z,0.3016,0.29309488,0.33136792,sl,0,0,-4.3500000000000000000000000000
COAIUSDT,0,2026-06-29T09:21:39.0000000Z,0.304,0.2939984,0.3390056,sl,0,0,-5.0550000000000000000000000000
NBISUSDT,0,2026-06-29T10:56:37.0000000Z,256.63,253.319473,268.2168445,sl,0,0,-2.0549999999999999999999999999
FARTCOINUSDT,0,2026-06-29T12:27:06.0000000Z,0.1429,0.13964903,0.15427841,sl,1,3,1.3800000000000000000000000000
AIXBTUSDT,0,2026-06-29T13:16:48.0000000Z,0.01879,0.01811895,0.02243,sl,262,3,1.3800000000000000000000000000
MITOUSDT,0,2026-06-29T17:32:52.0000000Z,0.02476,0.02431283,0.02632508,sl,4,1,-0.12
我踏马来了USDT,0,2026-06-29T18:14:15.0000000Z,0.007816,0.00754775,0.00837395,sl,9,3,1.3800000000000000000000000000
BLESSUSDT,0,2026-06-29T18:18:32.0000000Z,0.008149,0.00746946,0.011133,sl,2,2,0.6300000000000000000000000000
HIVEUSDT,0,2026-06-29T18:24:05.0000000Z,0.05035,0.04924255,0.0527,sl,30,1,-0.12
STRKUSDT,0,2026-06-29T19:04:04.0000000Z,0.03112,0.03067996,0.03266013,sl,0,0,-2.2410154241645244215938303342
BASUSDT,0,2026-06-29T19:08:31.0000000Z,0.049961,0.046112,0.05796691,tp,11,3,23.916478453193490922919877504
CRWDUSDT,0,2026-06-29T20:09:05.0000000Z,746.64,730.3333824,803.7131616,sl,71,3,1.3799999999999999999999999998
我踏马来了USDT,0,2026-06-29T20:30:53.0000000Z,0.007816,0.00768188,0.00824519,sl,16,0,-2.6939508700102354145342886387
BILLUSDT,0,2026-06-29T21:17:11.0000000Z,0.04901,0.04623995,0.05531185,tp,10,3,19.167441338502346459906141604
DRIFTUSDT,0,2026-06-29T21:26:22.0000000Z,0.01636,0.01613031,0.01709502,sl,0,0,-2.2259596577017114914425427873
DRIFTUSDT,0,2026-06-29T21:31:21.0000000Z,0.01636,0.01590061,0.01731553,sl,5,0,-4.3320110024449877750611246943
BILLUSDT,0,2026-06-29T22:22:37.0000000Z,0.05211,0.05024238,0.05808639,sl,10,3,1.3800000000000000000000000000
CARVUSDT,0,2026-06-30T00:49:16.0000000Z,0.03626,0.03529265,0.04587,sl,13,3,1.3800000000000000000000000000
TAIKOUSDT,0,2026-06-30T00:49:33.0000000Z,0.0758,0.07330087,0.08454694,sl,0,0,-5.0655079155672823218997361478
DASHUSDT,0,2026-06-30T01:24:27.0000000Z,33.3,31.84,36.98,sl,94,0,-6.6965765765765765765765765766
METUSDT,0,2026-06-30T03:16:39.0000000Z,0.1718,0.16850488,0.18333293,sl,4,3,1.3799999999999999999999999999
SIRENUSDT,0,2026-06-30T04:14:56.0000000Z,0.0406,0.03961098,0.04376485,sl,0,0,-3.7740147783251231527093596059
BANANAS31USDT,0,2026-06-30T04:34:19.0000000Z,0.008353,0.00806846,0.009785,sl,30,3,1.3800000000000000000000000000
TQQQUSDT,0,2026-06-30T05:20:41.0000000Z,78.03,76.7471868,80.69825146,tp,42,3,5.0092800076893502499038831218
TQQQUSDT,0,2026-06-30T05:35:33.0000000Z,77.98,77.3390044,80.03118592,sl,11,0,-1.3530000000000000000000000000
RKLBUSDT,0,2026-06-30T05:50:42.0000000Z,102.29,100.510154,106.33914965,sl,11,0,-2.7299999999999999999999999999
IDUSDT,0,2026-06-30T06:11:44.0000000Z,0.03592,0.03502344,0.03905797,sl,5,3,1.3800000000000000000000000000
IDUSDT,0,2026-06-30T06:12:02.0000000Z,0.03579,0.0347478,0.03943772,sl,5,3,1.3800000000000000000000000000
BEUSDT,0,2026-06-30T07:17:10.0000000Z,280.13,259.2174,351.7,sl,24,1,-0.12
RIVERUSDT,0,2026-06-30T08:22:34.0000000Z,3.672,3.509365,4.433,sl,66,3,1.3800000000000000000000000000
PTBUSDT,0,2026-06-30T08:42:56.0000000Z,0.0004911,0.00046934,0.0005318,sl,10,1,-0.12
IDUSDT,0,2026-06-30T08:52:48.0000000Z,0.03587,0.03407937,0.03994368,sl,29,2,0.6300000000000000000000000000
MANTAUSDT,0,2026-06-30T10:58:29.0000000Z,0.06977,0.06700013,0.07807961,sl,4,3,1.3800000000000000000000000000
BTWUSDT,0,2026-06-30T11:18:27.0000000Z,0.06044,0.05691514,0.07277701,sl,6,3,1.3800000000000000000000000000
LLYUSDT,0,2026-06-30T11:18:56.0000000Z,1228.51,1199.0745,1286.53,sl,9,0,-3.7140488884909361747157125292
XNYUSDT,0,2026-06-30T11:24:52.0000000Z,0.005543,0.00542,0.0059366,sl,3,3,1.3800000000000000000000000000
MVLLUSDT,0,2026-06-30T11:25:01.0000000Z,52.45,51.219523,56.7566695,sl,0,0,-3.6390000000000000000000000000
CRDOUSDT,0,2026-06-30T11:25:13.0000000Z,256.76,252.5542712,271.4800508,sl,0,0,-2.5769999999999999999999999998
BTWUSDT,0,2026-06-30T12:04:34.0000000Z,0.06053,0.05346978,0.076592,sl,3,3,1.3800000000000000000000000000
ENSOUSDT,0,2026-06-30T22:18:08.0000000Z,0.6151,0.595806,0.6699,sl,10,3,1.3800000000000000000000000000
TRIAUSDT,0,2026-06-30T22:48:08.0000000Z,0.01985,0.01873284,0.02239153,sl,8,3,1.3800000000000000000000000000
AGTUSDT,0,2026-07-01T00:21:22.0000000Z,0.019953,0.01899554,0.026601,sl,7,3,1.3800000000000000000000000000
SMCIUSDT,0,2026-07-01T01:04:52.0000000Z,29.275,27.6212,34.39,sl,54,0,-8.593783091374893253629376601
ESPORTSUSDT,0,2026-07-01T02:55:57.0000000Z,0.02841,0.02560135,0.03609,sl,60,0,-14.949197465681098204857444562
CYSUSDT,0,2026-07-01T03:46:06.0000000Z,0.3738,0.36082166,0.41922418,sl,9,3,1.3800000000000000000000000000
ZBTUSDT,0,2026-07-01T04:31:33.0000000Z,0.12741,0.12059102,0.14292319,sl,1,3,1.3800000000000000000000000000
RESOLVUSDT,0,2026-07-01T06:13:00.0000000Z,0.02092,0.02031876,0.02302434,sl,1,1,-0.12
ZBTUSDT,0,2026-07-01T07:32:43.0000000Z,0.12741,0.12400051,0.13934322,sl,4,3,1.3800000000000000000000000000
ZBTUSDT,0,2026-07-01T07:32:55.0000000Z,0.12739,0.12341288,0.14130991,sl,4,3,1.3800000000000000000000000001
MUSDT,0,2026-07-01T07:47:56.0000000Z,0.7995,0.7520097,0.96571605,sl,0,0,-9.030000000000000000000000000
CYSUSDT,0,2026-07-01T09:03:40.0000000Z,0.3585,0.34831143,0.39415999,sl,2,3,1.3800000000000000000000000000
FLUIDUSDT,0,2026-07-01T09:18:41.0000000Z,0.98,0.9291968,1.09557728,sl,0,0,-7.8960000000000000000000000002
FLUIDUSDT,0,2026-07-01T09:18:50.0000000Z,0.986,0.95618336,1.09035824,sl,0,0,-4.6560000000000000000000000001
NOKUSDT,0,2026-07-01T09:43:34.0000000Z,13.15,12.82555,14.4,sl,9,2,0.6300000000000000000000000000
MVLLUSDT,0,2026-07-01T09:48:27.0000000Z,52.75,50.27497,58.38069325,sl,11,3,1.3800000000000000000000000000
RESOLVUSDT,0,2026-07-01T09:58:30.0000000Z,0.02098,0.01977407,0.02372349,sl,1,3,1.3800000000000000000000000000
RESOLVUSDT,0,2026-07-01T09:58:37.0000000Z,0.02098,0.02027654,0.02344211,sl,1,3,1.3800000000000000000000000000
SKRUSDT,0,2026-07-01T10:03:34.0000000Z,0.009035,0.00866312,0.01033658,sl,1,3,1.3800000000000000000000000000
METUSDT,0,2026-07-01T10:53:18.0000000Z,0.1703,0.16684632,0.18238789,sl,0,0,-3.1619964768056371109806224310
MANTAUSDT,1,2026-07-01T11:58:58.0000000Z,0.06099,0.06226652,0.05690513,sl,2,1,-0.12
HEIUSDT,0,2026-07-01T13:20:24.0000000Z,0.13539,0.12935161,0.15350518,sl,0,0,-6.8099955683580766674052736542
WETUSDT,0,2026-07-01T16:18:47.0000000Z,0.06728,0.06475094,0.07537298,sl,1,3,1.3800000000000000000000000000
ENSOUSDT,0,2026-07-01T18:32:14.0000000Z,0.6244,0.604164,0.6699,sl,22,3,1.3800000000000000000000000000
EPICUSDT,0,2026-07-01T19:42:17.0000000Z,0.4814,0.4543742,0.56788255,sl,25,0,-8.541001246364769422517656834
ZROUSDT,0,2026-07-01T20:52:24.0000000Z,0.8184,0.791025,0.8856,sl,6,3,1.3800000000000000000000000000
ZKCUSDT,0,2026-07-01T21:17:52.0000000Z,0.04533,0.04468541,0.04758607,sl,0,0,-2.2529913964262078093977498345
CTRUSDT,0,2026-07-01T22:34:50.0000000Z,0.01182,0.01138148,0.01335483,sl,5,3,1.3800000000000000000000000000
ZEREBROUSDT,0,2026-07-02T00:05:33.0000000Z,0.038631,0.03654735,0.044699,sl,10,3,1.3800000000000000000000000000
HMSTRUSDT,0,2026-07-02T13:52:04.0000000Z,0.0001889,0.00018199,0.000198,tp,75,3,7.1060455267337215457914240342
PARTIUSDT,0,2026-07-02T22:50:03.0000000Z,0.04499,0.04386955,0.05449,sl,425,3,1.3800000000000000000000000000
ZKPUSDT,0,2026-07-02T23:36:02.0000000Z,0.04885,0.04812604,0.05138385,sl,0,0,-2.3430092118730808597748208802
ZKPUSDT,0,2026-07-02T23:36:09.0000000Z,0.04893,0.04747971,0.0522294,sl,0,0,-4.5660147148988350705088902514
FLOCKUSDT,0,2026-07-03T00:26:42.0000000Z,0.03624,0.03572902,0.03802844,sl,0,0,-2.2349834437086092715231788079
FLOCKUSDT,0,2026-07-03T01:36:52.0000000Z,0.03623,0.03520831,0.03855434,sl,5,3,1.3800000000000000000000000000
MORPHOUSDT,0,2026-07-03T01:51:31.0000000Z,2.04,1.991448,2.209932,sl,2,1,-0.12
WLDUSDT,0,2026-07-03T02:06:53.0000000Z,0.4209,0.40397982,0.45939341,sl,1,3,1.3800000000000000000000000000
WLDUSDT,0,2026-07-03T02:57:10.0000000Z,0.4215,0.41302785,0.45115252,sl,4,3,1.3800000000000000000000000000
CHIPUSDT,0,2026-07-03T03:07:05.0000000Z,0.03065,0.02944205,0.03286,sl,40,1,-0.12
BLESSUSDT,0,2026-07-03T03:57:22.0000000Z,0.007929,0.00771492,0.00867829,sl,1,0,-4.1699432463110102156640181611
BLESSUSDT,0,2026-07-03T03:57:29.0000000Z,0.007937,0.0075084,0.00891206,sl,3,0,-8.220037797656545294191760111
BLESSUSDT,0,2026-07-03T03:57:38.0000000Z,0.00793,0.0076802,0.00880428,sl,2,0,-4.8450945775535939470365699874
ZKUSDT,0,2026-07-03T04:07:03.0000000Z,0.01081,0.0104844,0.01155073,sl,2,3,1.3800000000000000000000000000
IOUSDT,0,2026-07-03T05:22:42.0000000Z,0.182,0.17859296,0.19392464,sl,0,0,-2.9280000000000000000000000001
IOUSDT,0,2026-07-03T05:22:50.0000000Z,0.1819,0.1779273,0.19580444,sl,0,0,-3.3960032985156679494227597583
IOUSDT,0,2026-07-03T05:23:04.0000000Z,0.182,0.17802512,0.19591208,sl,0,0,-3.3960000000000000000000000001
SANDUSDT,0,2026-07-03T05:52:44.0000000Z,0.05036,0.04982518,0.05223188,sl,0,0,-1.7129904686258935663224781573
KMNOUSDT,0,2026-07-03T06:49:23.0000000Z,0.0196,0.01908138,0.02141516,sl,21,3,1.3800000000000000000000000000
POPCATUSDT,0,2026-07-03T08:39:59.0000000Z,0.04893,0.04661072,0.05420637,sl,8,1,-0.12
IOUSDT,0,2026-07-03T08:40:09.0000000Z,0.1819,0.17508966,0.19739351,sl,19,0,-5.7360032985156679494227597584
POPCATUSDT,0,2026-07-03T08:50:00.0000000Z,0.0488,0.0468724,0.0545828,sl,6,2,0.6300000000000000000000000000
POPCATUSDT,0,2026-07-03T08:59:49.0000000Z,0.04894,0.04778012,0.05299957,sl,7,1,-0.12
LISTAUSDT,0,2026-07-03T09:00:01.0000000Z,0.051,0.04965972,0.05404914,sl,17,1,-0.12
IOTAUSDT,0,2026-07-03T09:09:30.0000000Z,0.03693,0.03607175,0.03967641,tp,45,3,11.035199025182778229082047116
KITEUSDT,0,2026-07-03T09:14:51.0000000Z,0.11744,0.11467076,0.12713232,sl,0,0,-3.6570061307901907356948228884
ROBOUSDT,0,2026-07-03T09:19:31.0000000Z,0.01537,0.0147061,0.01817,sl,9,1,-0.12
KITEUSDT,0,2026-07-03T09:25:06.0000000Z,0.11746,0.11422868,0.12876964,sl,0,0,-4.2464941256597990805380555084
ZKUSDT,0,2026-07-03T09:29:31.0000000Z,0.0108,0.01061024,0.01146415,sl,11,1,-0.12
POPCATUSDT,0,2026-07-03T09:34:31.0000000Z,0.0488,0.04745068,0.05352262,sl,3,2,0.6300000000000000000000000000
NAORISUSDT,0,2026-07-03T11:09:35.0000000Z,0.0399,0.03910759,0.04267345,sl,0,0,-3.0989849624060150375939849624
SXTUSDT,0,2026-07-03T11:49:43.0000000Z,0.007347,0.00720506,0.0078438,sl,50,3,1.3800000000000000000000000000
DOGSUSDT,0,2026-07-03T14:04:44.0000000Z,0.00003761,0.00003626,0.00004085,tp,11,3,12.802095187450146237702738633
SENTUSDT,0,2026-07-03T15:20:12.0000000Z,0.01489,0.01461037,0.01586872,sl,0,0,-2.9369576897246474143720617865
DODOXUSDT,0,2026-07-03T16:00:04.0000000Z,0.018999,0.01824034,0.021152,sl,54,2,0.6300000000000000000000000000
SENTUSDT,0,2026-07-03T16:40:29.0000000Z,0.01487,0.01431148,0.01614063,sl,11,0,-5.7540282447881640887693342299
NAORISUSDT,0,2026-07-03T17:06:33.0000000Z,0.0399,0.03831517,0.04350548,tp,11,3,13.434436090225563909774436090
VELODROMEUSDT,0,2026-07-03T17:06:59.0000000Z,0.02354,0.02306214,0.02521252,sl,0,0,-3.1649872557349192863211554800
ROBOUSDT,0,2026-07-03T17:31:20.0000000Z,0.01548,0.01483545,0.01817,sl,129,0,-6.3656395348837209302325581392
TAIKOUSDT,1,2026-07-03T19:12:08.0000000Z,0.1173,0.1278007,0.09341092,sl,3,3,1.3800000000000000000000000000
MIRAUSDT,0,2026-07-03T21:18:05.0000000Z,0.04851,0.04776489,0.0511179,sl,0,0,-2.4239888682745825602968460111
TAIKOUSDT,1,2026-07-03T21:37:24.0000000Z,0.1173,0.12255035,0.09892378,sl,1,2,0.6300000000000000000000000000
CHILLGUYUSDT,0,2026-07-03T22:12:37.0000000Z,0.0106,0.01013445,0.01165913,sl,24,3,1.3800000000000000000000000001
TAIKOUSDT,1,2026-07-03T22:57:18.0000000Z,0.11718,0.12329914,0.09576301,sl,5,3,1.3800000000000000000000000000
COHRUSDT,0,2026-07-04T00:02:21.0000000Z,348.43,324.5491,400.1,sl,250,2,0.6300000000000000000000000001
BASEDUSDT,0,2026-07-04T01:32:54.0000000Z,0.10102,0.09846217,0.10997239,sl,0,0,-3.9180053454761433379528806177
ARPAUSDT,1,2026-07-04T02:28:34.0000000Z,0.01032,0.01081268,0.00874343,sl,2,3,1.3800000000000000000000000000
ALTUSDT,0,2026-07-04T03:28:38.0000000Z,0.006428,0.00629533,0.00672983,sl,1,3,1.3800000000000000000000000000
MMTUSDT,0,2026-07-04T03:28:47.0000000Z,0.1615,0.15644667,0.17918667,sl,11,0,-4.8134953560371517027863777092
AWEUSDT,0,2026-07-04T04:19:35.0000000Z,0.05843,0.05782467,0.06036707,sl,9,3,1.3800000000000000000000000000
AWEUSDT,0,2026-07-04T04:34:30.0000000Z,0.0607,0.05971848,0.06413532,sl,0,0,-2.5455024711696869851729818781
1000BONKUSDT,0,2026-07-04T04:39:25.0000000Z,0.004877,0.00478107,0.00521276,sl,2,3,1.3800000000000000000000000000
SAFEUSDT,0,2026-07-04T04:49:35.0000000Z,0.0944,0.09328419,0.09797059,sl,0,0,-1.8930031779661016949152542373
YBUSDT,0,2026-07-04T05:39:55.0000000Z,0.078,0.07549386,0.08677149,sl,2,1,-0.12
BELUSDT,0,2026-07-04T05:44:27.0000000Z,0.11591,0.10870503,0.1323013,sl,0,0,-9.444005694072987662841860064
PRLUSDT,0,2026-07-04T06:54:52.0000000Z,0.1888,0.1857471,0.19856927,sl,0,0,-2.5455031779661016949152542373
CAPUSDT,1,2026-07-04T07:04:26.0000000Z,0.01829,0.01954213,0.01428317,sl,32,0,-10.388972115910333515582285402
OGNUSDT,0,2026-07-04T08:04:39.0000000Z,0.01635,0.01619402,0.01689593,sl,0,0,-1.5510091743119266055045871560
NILUSDT,0,2026-07-04T08:15:59.0000000Z,0.03878,0.03710005,0.0422743,sl,68,0,-6.6180015471892728210417741103
SIRENUSDT,0,2026-07-04T08:20:56.0000000Z,0.03484,0.0329743,0.04402,sl,4,3,1.3800000000000000000000000000
NOKUSDT,0,2026-07-04T08:45:30.0000000Z,12.33,11.89025,13.54,sl,156,1,-0.12
CLOUSDT,0,2026-07-04T09:35:38.0000000Z,0.14193,0.13919785,0.15149253,sl,1,3,1.3800000000000000000000000000
SKLUSDT,0,2026-07-04T09:40:46.0000000Z,0.00378,0.00367749,0.00401322,sl,0,0,-4.1878571428571428571428571429
POPCATUSDT,0,2026-07-04T10:11:14.0000000Z,0.05137,0.04914465,0.05599872,sl,9,1,-0.12
GWEIUSDT,1,2026-07-04T10:46:09.0000000Z,0.1393,0.14599894,0.11585372,tp,10,3,25.127250538406317300789662599
JCTUSDT,1,2026-07-04T11:51:10.0000000Z,0.004243,0.00431632,0.00400838,tp,11,3,8.174367193023803912326184304
SAMSUNGUSDT,0,2026-07-04T13:41:05.0000000Z,205.53,201.37805,228.31,sl,137,3,1.3800000000000000000000000000
MEGAUSDT,0,2026-07-04T13:51:11.0000000Z,0.05575,0.05328139,0.06136609,sl,1,2,0.6300000000000000000000000000
SPXUSDT,0,2026-07-04T14:06:06.0000000Z,0.4195,0.41051431,0.45094991,sl,2,3,1.3800000000000000000000000000
AIOTUSDT,0,2026-07-04T14:46:43.0000000Z,0.05581,0.05419263,0.06147081,sl,70,0,-4.4669897867765633399032431464
SPXUSDT,0,2026-07-04T15:26:40.0000000Z,0.4189,0.411209,0.44581851,sl,4,3,1.3800000000000000000000000000
TRIAUSDT,0,2026-07-04T15:56:55.0000000Z,0.02269,0.02215792,0.02439266,sl,3,3,1.3800000000000000000000000000
MMTUSDT,0,2026-07-04T16:01:42.0000000Z,0.1558,0.1507425,0.20408,sl,28,0,-4.9892233632862644415917843387
SPXUSDT,0,2026-07-04T16:11:43.0000000Z,0.4182,0.40289388,0.45302142,sl,1,3,1.3800000000000000000000000000
TRBUSDT,0,2026-07-04T16:51:46.0000000Z,16.45,16.10455,17.55544,sl,11,0,-3.2700000000000000000000000001
SPELLUSDT,0,2026-07-04T18:17:13.0000000Z,0.0000982,0.0000968,0.00010309,sl,0,0,-2.2584928716904276985743380855
TRBUSDT,0,2026-07-04T18:21:55.0000000Z,16.41,16.007955,17.696544,sl,19,0,-3.7950000000000000000000000001
COINUSDT,0,2026-07-04T18:31:48.0000000Z,165.96,162.85165,173.21,tp,10,3,6.4327838033261026753434562544
1000BONKUSDT,0,2026-07-04T19:22:35.0000000Z,0.005036,0.00497647,0.00522648,sl,0,0,-1.8931334392374900714853057983
HEIUSDT,0,2026-07-04T19:42:13.0000000Z,0.13601,0.11804036,0.17338685,sl,37,0,-19.937998676567899419160355856
FOLKSUSDT,0,2026-07-04T19:51:56.0000000Z,1.9183,1.8382625,2.275,sl,11,0,-6.3784710420684981494031173435
HBARUSDT,0,2026-07-04T20:17:22.0000000Z,0.07709,0.0762343,0.08008495,sl,0,0,-1.7850019457776624724348164483
CLOUSDT,0,2026-07-04T21:07:43.0000000Z,0.15253,0.14928416,0.16291668,sl,0,0,-3.3120015734609584999672195633
我踏马来了USDT,0,2026-07-04T22:32:24.0000000Z,0.00886,0.00873188,0.0093084,sl,7,3,1.3800000000000000000000000000
REUSDT,0,2026-07-04T22:52:28.0000000Z,0.6578,0.64430194,0.70099378,sl,0,0,-3.1980009121313469139556096078
REUSDT,0,2026-07-04T22:52:39.0000000Z,0.6594,0.64361396,0.70991532,sl,0,0,-3.7110009099181073703366696997
REUSDT,0,2026-07-04T22:52:47.0000000Z,0.6607,0.64488284,0.71131491,sl,0,0,-3.7110004540638716512789465719
ALLOUSDT,0,2026-07-04T23:42:44.0000000Z,0.35987,0.35270139,0.38496014,sl,0,0,-3.1079998332731264067579959430
IOTXUSDT,0,2026-07-04T23:47:33.0000000Z,0.003025,0.00295893,0.0031753,sl,11,0,-3.3961983471074380165289256199
MAGICUSDT,0,2026-07-04T23:57:18.0000000Z,0.04421,0.04261585,0.05494,sl,38,0,-5.5287876046143406469124632437
AGTUSDT,0,2026-07-05T00:52:33.0000000Z,0.013785,0.01244645,0.023596,sl,9,3,1.3800000000000000000000000000
REUSDT,0,2026-07-05T03:43:59.0000000Z,0.6569,0.62994082,0.71297509,sl,1,3,1.3800000000000000000000000000
ALLOUSDT,0,2026-07-05T04:14:02.0000000Z,0.35969,0.3513308,0.38894718,sl,1,1,-0.12
ALLOUSDT,0,2026-07-05T04:23:40.0000000Z,0.35987,0.35150662,0.38914183,sl,1,1,-0.12
TAGUSDT,0,2026-07-05T05:28:45.0000000Z,0.000911,0.00089974,0.00095041,sl,16,0,-1.9740065861690450054884742042
TAGUSDT,0,2026-07-05T05:33:54.0000000Z,0.000911,0.00088848,0.00096223,sl,47,1,-0.12
龙虾USDT,0,2026-07-05T06:25:02.0000000Z,0.014377,0.01396639,0.01581412,sl,1,3,1.3800000000000000000000000000
龙虾USDT,0,2026-07-05T06:34:49.0000000Z,0.014362,0.01365884,0.0159617,sl,5,3,1.3800000000000000000000000001
龙虾USDT,0,2026-07-05T07:05:05.0000000Z,0.014407,0.01399554,0.01584712,sl,1,3,1.3800000000000000000000000000
AGTUSDT,0,2026-07-05T07:14:58.0000000Z,0.01376,0.01244645,0.023596,sl,4,3,1.3800000000000000000000000000
龙虾USDT,0,2026-07-05T07:24:33.0000000Z,0.014344,0.01399286,0.01557299,sl,2,3,1.3800000000000000000000000001
2ZUSDT,0,2026-07-05T07:39:42.0000000Z,0.07209,0.07068208,0.07701771,sl,0,0,-3.0495047856845609654598418643
PYTHUSDT,0,2026-07-05T11:15:05.0000000Z,0.04066,0.03986022,0.04345924,sl,0,0,-3.0704918839153959665518937531
PTBUSDT,0,2026-07-05T12:05:12.0000000Z,0.0005317,0.00052148,0.0006703,sl,68,0,-3.0032048147451570434455520030
HUSDT,1,2026-07-05T12:40:34.0000000Z,0.07129,0.07445884,0.06019906,sl,4,3,1.3800000000000000000000000000
CROSSUSDT,0,2026-07-05T13:50:27.0000000Z,0.08601,0.08390878,0.09336429,sl,4,3,1.3800000000000000000000000000
AIGENSYNUSDT,0,2026-07-05T14:05:22.0000000Z,0.02863,0.02731875,0.03256376,sl,1,2,0.6300000000000000000000000000
BELUSDT,0,2026-07-05T14:15:44.0000000Z,0.11232,0.10809003,0.12585591,sl,3,1,-0.12
HOTUSDT,0,2026-07-05T14:35:48.0000000Z,0.0003923,0.00037228,0.00046237,sl,4,1,-0.12
ACTUSDT,0,2026-07-05T15:51:05.0000000Z,0.00928,0.00903389,0.00983989,sl,37,2,0.6300000000000000000000000000
HOODUSDT,0,2026-07-05T15:55:30.0000000Z,114.06,111.64895,120.22,sl,40,1,-0.12
1000000BOBUSDT,0,2026-07-05T16:30:29.0000000Z,0.01967,0.01917786,0.0213925,sl,10,3,1.3800000000000000000000000000
HOTUSDT,0,2026-07-05T19:59:13.0000000Z,0.0003923,0.00035798,0.00047037,sl,16,0,-13.242610247259750191180219220
BREVUSDT,0,2026-07-05T21:04:47.0000000Z,0.08413,0.07974925,0.11352,sl,6,2,0.6300000000000000000000000000
POWERUSDT,0,2026-07-05T21:24:59.0000000Z,0.07203,0.07031569,0.0780301,sl,2,3,1.3800000000000000000000000000
4USDT,0,2026-07-05T21:25:13.0000000Z,0.011778,0.01136824,0.01321215,tp,11,3,18.144773306164034640855832909
NEIROUSDT,0,2026-07-05T21:35:03.0000000Z,0.00006955,0.00006736,0.00007452,sl,1,1,-0.12
CHILLGUYUSDT,1,2026-07-05T21:49:41.0000000Z,0.010739,0.01108855,0.00951556,sl,5,3,1.3800000000000000000000000000
B2USDT,1,2026-07-05T22:15:10.0000000Z,0.5232,0.52781462,0.5084332,sl,0,0,-1.4429988532110091743119266055
SCRTUSDT,0,2026-07-05T23:21:31.0000000Z,0.05283,0.05005959,0.05913267,sl,3,3,1.3800000000000000000000000000
SCRTUSDT,0,2026-07-05T23:36:18.0000000Z,0.05291,0.0515227,0.05776555,sl,2,3,1.3800000000000000000000000000
SCRTUSDT,0,2026-07-06T00:21:10.0000000Z,0.05278,0.05116546,0.05843089,sl,1,2,0.6300000000000000000000000000
JCTUSDT,0,2026-07-06T01:17:32.0000000Z,0.00361,0.00352228,0.00391703,sl,3,3,1.3800000000000000000000000000
HMSTRUSDT,0,2026-07-06T02:22:51.0000000Z,0.0003227,0.00031223,0.00035622,sl,0,0,-4.9867493027579795475674000620
FOLKSUSDT,0,2026-07-06T02:33:31.0000000Z,1.862,1.81289,2.275,sl,11,0,-4.0762298603651987110633727177
KITEUSDT,0,2026-07-06T02:37:45.0000000Z,0.11965,0.11673533,0.12628088,sl,2,0,-3.7739949853740075219389887172
HMSTRUSDT,0,2026-07-06T04:07:52.0000000Z,0.0003223,0.00030138,0.00036582,sl,1,1,-0.12
ARPAUSDT,1,2026-07-06T04:22:55.0000000Z,0.00911,0.00924838,0.00866718,sl,4,1,-0.12
AGTUSDT,0,2026-07-06T05:25:44.0000000Z,0.01216,0.011874,0.01316101,sl,0,0,-3.6479605263157894736842105264
DEEPUSDT,0,2026-07-06T05:40:40.0000000Z,0.01835,0.01803658,0.01944696,sl,0,0,-2.6820163487738419618528610355
NOMUSDT,1,2026-07-06T07:16:24.0000000Z,0.001656,0.00168336,0.00156846,sl,11,0,-2.5982608695652173913043478261
MAGMAUSDT,0,2026-07-06T08:01:42.0000000Z,0.49825,0.44720275,0.83581,sl,1,3,1.3800000000000000000000000000
CHILLGUYUSDT,0,2026-07-06T08:11:34.0000000Z,0.010951,0.01055676,0.01184789,sl,10,3,1.3800000000000000000000000000
CHILLGUYUSDT,0,2026-07-06T08:11:45.0000000Z,0.010946,0.01071613,0.01175053,tp,4,3,10.904986296363968572994701261
NEARUSDT,0,2026-07-06T10:06:44.0000000Z,1.9812,1.92632,2.115,sl,6,3,1.3800000000000000000000000000
IDUSDT,0,2026-07-06T10:16:43.0000000Z,0.04042,0.03912979,0.04454866,sl,2,1,-0.12
SCRTUSDT,0,2026-07-06T10:36:57.0000000Z,0.05577,0.0538649,0.06243786,sl,1,3,1.3800000000000000000000000000
AIGENSYNUSDT,1,2026-07-06T10:57:02.0000000Z,0.02727,0.02771859,0.02583451,sl,5,2,0.6300000000000000000000000000
IDUSDT,0,2026-07-06T11:58:03.0000000Z,0.04029,0.03918767,0.04381747,sl,17,0,-4.2239836187639612807148175726
AAVEUSDT,0,2026-07-06T12:47:57.0000000Z,91.49,89.458922,96.11070245,tp,11,3,7.4557500000000000000000000001
BROCCOLIUSDT,1,2026-07-06T13:13:57.0000000Z,0.01308,0.01330615,0.01235631,tp,19,3,8.179197247706422018348623853
ALABUSDT,0,2026-07-06T14:34:37.0000000Z,440.61,432.3882174,469.3862391,sl,1,3,1.3799999999999999999999999999
ALABUSDT,0,2026-07-06T14:34:49.0000000Z,443.0,433.35589,476.754385,sl,1,2,0.6300000000000000000000000001
ALABUSDT,0,2026-07-06T14:34:58.0000000Z,443.0,433.35589,476.754385,sl,1,2,0.6300000000000000000000000001
CRWDUSDT,0,2026-07-06T14:59:59.0000000Z,202.83,197.8647216,214.12600836,sl,3,2,0.6300000000000000000000000000
ALABUSDT,0,2026-07-06T15:15:02.0000000Z,440.61,424.1664348,478.01911083,sl,4,2,0.6300000000000000000000000000
PLAYUSDT,0,2026-07-06T16:05:01.0000000Z,0.03658,0.03502901,0.04123298,sl,3,3,1.3800000000000000000000000000
XNYUSDT,0,2026-07-06T17:51:12.0000000Z,0.0068,0.00663313,0.00738405,sl,1,3,1.3800000000000000000000000000
DYDXUSDT,0,2026-07-06T17:55:49.0000000Z,0.13188,0.12139,0.24541,sl,193,3,1.3800000000000000000000000000
PLAYUSDT,0,2026-07-06T18:05:41.0000000Z,0.03656,0.0354749,0.04035785,sl,1,3,1.3800000000000000000000000000
XANUSDT,0,2026-07-06T20:15:54.0000000Z,0.012396,0.01189619,0.01353306,sl,1,1,-0.12
RIFUSDT,0,2026-07-06T20:51:02.0000000Z,0.12961,0.12263309,0.1519361,sl,21,2,0.6300000000000000000000000000
KORUUSDT,0,2026-07-06T21:16:45.0000000Z,613.91,573.36875,794.18,sl,4,3,1.3799999999999999999999999997
ALABUSDT,0,2026-07-06T22:11:35.0000000Z,430.6,419.055614,471.005351,sl,5,1,-0.12
STOUSDT,0,2026-07-06T22:30:52.0000000Z,0.04974,0.0489939,0.05235135,sl,0,0,-2.3700000000000000000000000000
STOUSDT,0,2026-07-06T22:31:06.0000000Z,0.04974,0.04886955,0.05278658,sl,0,0,-2.7450000000000000000000000000
ANIMEUSDT,0,2026-07-06T22:45:28.0000000Z,0.002856,0.00279083,0.00308411,sl,4,3,1.3800000000000000000000000000
PHAROSUSDT,0,2026-07-07T00:17:28.0000000Z,0.418,0.40641304,0.44436033,tp,11,3,9.339448564593301435406698565
XNYUSDT,0,2026-07-07T01:53:08.0000000Z,0.0068,0.00646626,0.00755927,sl,2,2,0.6300000000000000000000000000
FOGOUSDT,0,2026-07-07T03:38:12.0000000Z,0.00981,0.00956195,0.01026,sl,41,0,-3.9128134556574923547400611620
SKRUSDT,0,2026-07-07T03:48:26.0000000Z,0.009678,0.00954502,0.01010352,sl,3,3,1.3800000000000000000000000000
BEUSDT,0,2026-07-07T06:24:36.0000000Z,282.73,275.22695,334.86,sl,6,3,1.3799999999999999999999999999
MINAUSDT,0,2026-07-07T07:46:20.0000000Z,0.04955,0.04890486,0.05161445,sl,2,0,-2.0729969727547931382441977800
AXTIUSDT,0,2026-07-07T08:16:45.0000000Z,61.79,58.81445,72.57,sl,21,3,1.3800000000000000000000000000
MOVRUSDT,0,2026-07-07T08:36:51.0000000Z,1.418,1.37422634,1.57120781,sl,9,3,1.3800000000000000000000000000
RAVEUSDT,0,2026-07-07T08:36:59.0000000Z,0.307,0.29928202,0.33401293,sl,9,3,1.3800000000000000000000000000
SENTUSDT,0,2026-07-07T08:37:28.0000000Z,0.01519,0.01467536,0.01699123,sl,11,0,-5.2020276497695852534562211984
DEXEUSDT,0,2026-07-07T09:26:40.0000000Z,28.814,28.3212806,30.5385179,sl,0,0,-2.6850000000000000000000000000
DEXEUSDT,0,2026-07-07T09:26:51.0000000Z,28.779,28.20485895,30.78849367,sl,0,0,-3.1125000000000000000000000000
RAVEUSDT,0,2026-07-07T09:41:53.0000000Z,0.3066,0.29760742,0.33807402,sl,5,3,1.3800000000000000000000000000
SIGNUSDT,0,2026-07-07T10:22:15.0000000Z,0.009041,0.00886362,0.00960863,sl,0,0,-3.0629266674040482247538989049
MOVRUSDT,0,2026-07-07T10:56:57.0000000Z,1.422,1.37810286,1.57563999,sl,1,2,0.6300000000000000000000000000
MINAUSDT,0,2026-07-07T11:01:51.0000000Z,0.0496,0.04830842,0.05228649,sl,8,0,-4.0259879032258064516129032258
MOVRUSDT,0,2026-07-07T11:21:41.0000000Z,1.421,1.3583339,1.6089983,sl,4,1,-0.12
PYTHUSDT,0,2026-07-07T11:36:45.0000000Z,0.04581,0.04433675,0.04916164,sl,2,1,-0.12
BLUAIUSDT,0,2026-07-07T12:11:54.0000000Z,0.015988,0.01555728,0.01749551,sl,0,0,-4.1610307730798098573930447835
BSPUSDT,0,2026-07-07T12:32:02.0000000Z,35.9,35.2538,38.1617,sl,0,0,-2.8200000000000000000000000000
BSPUSDT,0,2026-07-07T12:32:11.0000000Z,35.9,35.1461,38.53865,sl,0,0,-3.2700000000000000000000000000
ICNTUSDT,0,2026-07-07T12:36:35.0000000Z,0.182,0.17351516,0.21169694,sl,1,2,0.6300000000000000000000000000
SIGNUSDT,0,2026-07-07T13:56:56.0000000Z,0.009044,0.00868911,0.00978216,sl,2,0,-6.0060570544007076514816452896
REUSDT,0,2026-07-07T14:06:48.0000000Z,0.69,0.6618894,0.7883871,sl,6,3,1.3800000000000000000000000000
BLUAIUSDT,0,2026-07-07T17:57:05.0000000Z,0.015962,0.01510197,0.01791857,sl,11,0,-8.201975942864302718957524120
PIEVERSEUSDT,0,2026-07-07T18:17:02.0000000Z,0.68662,0.65272,0.7467,sl,42,1,-0.12
TERUSDT,0,2026-07-07T20:47:14.0000000Z,349.07,342.4306886,372.3075899,sl,4,0,-2.9730000000000000000000000003
TERUSDT,0,2026-07-07T20:52:09.0000000Z,349.07,341.3241367,376.18052155,sl,11,0,-3.4485000000000000000000000004
TERUSDT,0,2026-07-07T21:12:10.0000000Z,349.07,335.7913772,379.27886687,sl,17,1,-0.12
TRUMPUSDT,0,2026-07-07T22:26:54.0000000Z,1.667,1.614885,1.877,sl,12,0,-4.8094121175764847030593881225
OUSDT,0,2026-07-08T01:57:43.0000000Z,0.5645,0.535708,0.6832,sl,19,0,-7.7706643046944198405668733394
TERUSDT,0,2026-07-08T03:08:01.0000000Z,348.31,340.5810011,375.36149615,sl,3,2,0.6300000000000000000000000000
4USDT,1,2026-07-08T03:57:43.0000000Z,0.008184,0.00832321,0.00769677,sl,11,0,-2.6715029325513196480938416423
OUSDT,0,2026-07-08T04:02:37.0000000Z,0.5477,0.5298375,0.6832,sl,3,3,1.3800000000000000000000000000
KMNOUSDT,0,2026-07-08T06:22:35.0000000Z,0.02147,0.02077566,0.02369189,sl,1,0,-4.9710013972985561248253376805
SPELLUSDT,1,2026-07-08T07:07:34.0000000Z,0.0001013,0.00010736,0.0000819,sl,5,2,0.6300000000000000000000000000
SYNUSDT,0,2026-07-08T10:12:51.0000000Z,0.4288,0.40798605,0.50164883,sl,0,0,-7.4009993003731343283582089552
AMATUSDT,0,2026-07-08T11:27:29.0000000Z,539.82,526.2356,681.23,sl,758,3,1.3799999999999999999999999998
POWERUSDT,0,2026-07-08T12:37:27.0000000Z,0.08472,0.08174124,0.09425202,tp,11,3,16.756805949008498583569405099
ALLOUSDT,0,2026-07-08T13:37:35.0000000Z,0.39105,0.37908778,0.43291777,sl,1,0,-4.7085001917913310318373609513
XPLUSDT,1,2026-07-08T17:52:59.0000000Z,0.09102,0.09293142,0.08433003,sl,27,0,-3.2700000000000000000000000000
TAKEUSDT,0,2026-07-08T17:58:02.0000000Z,0.02212,0.02025661,0.02635921,sl,1,1,-0.12
PLAYUSDT,0,2026-07-08T20:28:00.0000000Z,0.03416,0.0302281,0.04064,sl,1,3,1.3800000000000000000000000000
SKHYNIXUSDT,0,2026-07-08T22:57:47.0000000Z,1486.12,1466.7707176,1553.8424884,sl,0,0,-2.0729999999999999999999999991
SKHYNIXUSDT,0,2026-07-08T23:02:50.0000000Z,1484.96,1446.2916416,1572.93051536,sl,0,0,-4.0260000000000000000000000011
MORPHOUSDT,0,2026-07-08T23:58:04.0000000Z,2.0256,1.935275,2.2048,sl,6,3,1.3800000000000000000000000000
BABAUSDT,0,2026-07-09T02:22:14.0000000Z,112.87,110.5268188,118.20073723,sl,11,0,-3.2340000000000000000000000000
PEOPLEUSDT,0,2026-07-09T02:42:36.0000000Z,0.005722,0.00562106,0.00607528,sl,0,0,-2.7661027612722824187347081440
TAGUSDT,1,2026-07-09T12:06:23.0000000Z,0.000683,0.00079283,0.00035819,sl,0,0,-24.240790629575402635431918009
TAGUSDT,1,2026-07-09T12:06:30.0000000Z,0.000677,0.00073143,0.00048649,sl,0,0,-12.179822747415066469719350074
HMSTRUSDT,1,2026-07-09T12:07:02.0000000Z,0.0001941,0.00020165,0.0001784,sl,0,0,-5.9546213292117465224111282844
HMSTRUSDT,1,2026-07-09T12:07:08.0000000Z,0.0001939,0.00019767,0.00018184,sl,0,0,-3.0364517792676637441980402269
ONGUSDT,0,2026-07-09T12:16:02.0000000Z,0.04808,0.04476505,0.05378,sl,48,3,1.3800000000000000000000000000
TAGUSDT,1,2026-07-09T12:21:05.0000000Z,0.00068,0.00074264,0.00046075,sl,0,0,-13.937647058823529411764705882
MMTUSDT,0,2026-07-09T12:36:08.0000000Z,0.1422,0.13731,0.165,tp,0,0,23.930632911392405063291139239
JCTUSDT,0,2026-07-09T12:36:37.0000000Z,0.003395,0.0032683,0.00365854,sl,10,1,-0.12
JCTUSDT,0,2026-07-09T12:51:23.0000000Z,0.003395,0.00333165,0.00359772,sl,9,1,-0.12
DOLOUSDT,0,2026-07-09T13:28:19.0000000Z,0.02415,0.02359214,0.02610253,sl,0,0,-3.5849689440993788819875776397
JCTUSDT,0,2026-07-09T13:58:03.0000000Z,0.003395,0.00332109,0.00363151,sl,5,1,-0.12
CATIUSDT,1,2026-07-09T14:07:40.0000000Z,0.03993,0.04142258,0.03515373,sl,1,2,0.6300000000000000000000000000
TUTUSDT,0,2026-07-09T16:14:11.0000000Z,0.01097,0.0106567,0.01197257,sl,11,0,-4.4039562443026435733819507749
DOLOUSDT,0,2026-07-09T18:31:17.0000000Z,0.0232,0.02265712,0.02493722,sl,79,0,-3.6300000000000000000000000000
FIGHTUSDT,0,2026-07-09T19:30:26.0000000Z,0.003288,0.00323809,0.00346269,sl,7,3,1.3800000000000000000000000000
MOVEUSDT,1,2026-07-09T23:16:01.0000000Z,0.01134,0.01150352,0.01081673,sl,6,3,1.3800000000000000000000000001
BANANAS31USDT,0,2026-07-10T00:31:46.0000000Z,0.008568,0.00804569,0.01011272,sl,24,0,-9.264082633053221288515406162
SIRENUSDT,0,2026-07-10T00:40:17.0000000Z,0.02842,0.02591975,0.04033,sl,5,3,1.3800000000000000000000000000
POWERUSDT,0,2026-07-10T02:06:23.0000000Z,0.08626,0.08370325,0.09520861,sl,11,0,-4.5660062601437514491073498725
RVNUSDT,0,2026-07-10T03:03:35.0000000Z,0.004077,0.00396276,0.00447683,sl,3,3,1.3800000000000000000000000000
KATUSDT,0,2026-07-10T03:48:49.0000000Z,0.0052,0.00506714,0.00562515,sl,0,0,-3.9525000000000000000000000000
VIRTUALUSDT,0,2026-07-10T04:04:57.0000000Z,0.5356,0.513022,0.586,sl,39,3,1.3800000000000000000000000000
VVVUSDT,0,2026-07-10T04:16:01.0000000Z,11.392,10.25845,14.5,sl,5,1,-0.12
SLXUSDT,0,2026-07-10T04:23:29.0000000Z,0.1674,0.16239641,0.18341148,tp,26,3,14.227204301075268817204301076
STBLUSDT,0,2026-07-10T06:08:20.0000000Z,0.0236,0.02277872,0.02602894,sl,6,1,-0.12
MUSDT,0,2026-07-10T08:05:21.0000000Z,1.2612,1.23327703,1.3505535,sl,0,0,-3.4410002378686964795432921028
SEIUSDT,0,2026-07-10T08:40:02.0000000Z,0.05074,0.05033154,0.05204706,sl,0,0,-1.3275088687426093811588490343
MUSDT,0,2026-07-10T10:02:35.0000000Z,1.2603,1.20449392,1.37637665,sl,3,3,1.3800000000000000000000000000
HPEUSDT,0,2026-07-10T10:53:34.0000000Z,47.6,46.808888,50.368892,tp,11,3,8.605500000000000000000000000
KGENUSDT,0,2026-07-10T10:54:00.0000000Z,0.1741,0.17066327,0.18509755,sl,13,0,-3.0809965537047673750717978172
BERAUSDT,0,2026-07-10T11:10:03.0000000Z,0.1988,0.1949205,0.2246,sl,11,1,-0.12
POPCATUSDT,0,2026-07-10T14:56:53.0000000Z,0.04564,0.04438695,0.05341,sl,6,2,0.6300000000000000000000000000
龙虾USDT,0,2026-07-10T15:17:37.0000000Z,0.014416,0.01406915,0.01562997,tp,6,3,12.511485849056603773584905660
CRWVUSDT,0,2026-07-10T15:50:03.0000000Z,87.72,84.95682,97.39113,sl,44,3,1.3800000000000000000000000000
NAORISUSDT,0,2026-07-10T17:01:17.0000000Z,0.03539,0.0344189,0.03849753,sl,2,3,1.3800000000000000000000000000
RVNUSDT,0,2026-07-10T17:02:01.0000000Z,0.004033,0.00388588,0.00433902,sl,66,0,-5.5918571782791966278204810315
APRUSDT,0,2026-07-10T22:58:46.0000000Z,0.2179,0.21308877,0.23473931,sl,11,0,-3.4319986232216613125286828821
BLESSUSDT,0,2026-07-10T23:39:20.0000000Z,0.008323,0.00796345,0.00938638,sl,1,3,1.3800000000000000000000000000
TAKEUSDT,0,2026-07-11T00:54:13.0000000Z,0.02025,0.01990685,0.02187,sl,5,1,-0.12
NAORISUSDT,0,2026-07-11T01:35:36.0000000Z,0.03541,0.03457716,0.0380751,tp,11,3,11.169607455521039254447896075
KATUSDT,0,2026-07-11T01:36:15.0000000Z,0.005747,0.00556879,0.00637075,sl,0,0,-4.7713833304332695319297024535
KATUSDT,0,2026-07-11T01:36:26.0000000Z,0.005753,0.0055746,0.0063774,sl,0,0,-4.7714861811228924039631496611
KATUSDT,0,2026-07-11T01:36:37.0000000Z,0.005751,0.00544528,0.00665518,sl,0,0,-8.093917579551382368283776734
KATUSDT,0,2026-07-11T01:36:49.0000000Z,0.005741,0.0055884,0.00627509,sl,0,0,-4.1071102595366660860477268769
NAORISUSDT,0,2026-07-11T01:48:57.0000000Z,0.03537,0.0337062,0.03883071,tp,10,3,14.556463104325699745547073791
XANUSDT,0,2026-07-11T11:08:07.0000000Z,0.010844,0.01064588,0.01153742,sl,27,2,0.6300000000000000000000000000
MOVEUSDT,0,2026-07-11T16:04:08.0000000Z,0.01115,0.0108455,0.01303,sl,31,0,-4.2164125560538116591928251120
B2USDT,0,2026-07-11T16:43:10.0000000Z,0.5572,0.54737099,0.59160153,sl,28,1,-0.12
CLOUSDT,0,2026-07-11T17:53:47.0000000Z,0.26122,0.24924568,0.29953784,sl,3,3,1.3800000000000000000000000000
CLOUSDT,0,2026-07-11T17:54:26.0000000Z,0.26096,0.23703519,0.31072361,sl,3,3,1.3800000000000000000000000000
COOKIEUSDT,0,2026-07-11T18:24:46.0000000Z,0.00947,0.00926261,0.01019588,sl,5,0,-3.4049524815205913410770855333
CHZUSDT,0,2026-07-11T19:23:11.0000000Z,0.01762,0.01746142,0.01817503,sl,11,0,-1.4699999999999999999999999999
RIVERUSDT,0,2026-07-11T20:16:01.0000000Z,3.724,3.63924,4.02192,sl,7,0,-3.5340708915145005370569280343
ORDIUSDT,0,2026-07-11T20:24:53.0000000Z,3.566,3.393325,4.084025,sl,11,0,-7.3833903533370723499719573752
COINUSDT,0,2026-07-11T20:25:06.0000000Z,161.67,158.4239,175.12,sl,102,0,-3.1317832622007793653739098164
DRIFTUSDT,0,2026-07-11T20:25:16.0000000Z,0.01516,0.01482345,0.01615535,sl,2,3,1.3800000000000000000000000000
CLOUSDT,0,2026-07-11T20:50:31.0000000Z,0.26096,0.24700386,0.30561965,sl,4,3,1.3800000000000000000000000000
B2USDT,0,2026-07-11T21:07:11.0000000Z,0.5559,0.54609392,0.59022127,sl,11,1,-0.12
ANKRUSDT,0,2026-07-11T21:07:25.0000000Z,0.003902,0.00381132,0.00419218,sl,0,0,-3.6059046642747309072270630446
ANKRUSDT,0,2026-07-11T21:07:31.0000000Z,0.003896,0.00374078,0.00421885,sl,11,0,-6.0961293634496919917864476385
ENSOUSDT,0,2026-07-11T21:07:40.0000000Z,0.6998,0.685166,0.755784,sl,11,0,-3.2567533581023149471277507859
TRADOORUSDT,0,2026-07-11T21:31:59.0000000Z,0.431,0.4170356,0.47229971,sl,8,2,0.6300000000000000000000000000
MAVUSDT,0,2026-07-11T21:42:22.0000000Z,0.009342,0.0092324,0.01008936,sl,3,3,1.3800000000000000000000000000
HMSTRUSDT,0,2026-07-11T21:53:07.0000000Z,0.000205,0.00020093,0.00021803,sl,2,0,-3.0980487804878048780487804878
SKLUSDT,0,2026-07-12T02:48:47.0000000Z,0.004756,0.004671,0.00635465,sl,0,0,-2.8008242220353238015138772077
MITOUSDT,0,2026-07-12T03:15:12.0000000Z,0.02165,0.0215725,0.02478421,sl,5,3,1.3800000000000000000000000000
BEUSDT,0,2026-07-12T03:19:47.0000000Z,241.03,237.19805,305.9,sl,17,0,-2.5047342654441355847819773472
VANRYUSDT,1,2026-07-12T03:20:10.0000000Z,0.006451,0.00659165,0.00549872,sl,7,3,1.3800000000000000000000000000
RAREUSDT,0,2026-07-12T03:29:23.0000000Z,0.012678,0.012585,0.01577262,sl,8,0,-1.2203312825366777094178892570
TACUSDT,0,2026-07-12T03:29:38.0000000Z,0.003538,0.0035001,0.00494821,sl,0,0,-1.7268400226116449971735443754
UMAUSDT,0,2026-07-12T03:29:50.0000000Z,0.3831,0.38285,0.43398028,sl,5,0,-0.2178856695379796397807361002
MMTUSDT,1,2026-07-12T03:39:09.0000000Z,0.18667,0.188065,0.17167237,sl,3,3,1.3800000000000000000000000000
C98USDT,0,2026-07-12T03:50:43.0000000Z,0.013743,0.01368761,0.0151173,sl,1,1,-0.12
TLMUSDT,1,2026-07-12T03:50:59.0000000Z,0.001946,0.0019626,0.0017719,sl,10,3,1.3800000000000000000000000000
BANANAUSDT,0,2026-07-12T04:15:58.0000000Z,3.247,3.11833,4.173,sl,435,3,1.3800000000000000000000000000
HOTUSDT,0,2026-07-12T04:16:40.0000000Z,0.0003596,0.00035885,0.00038749,sl,0,0,-0.4328476084538375973303670745
GUNUSDT,0,2026-07-12T04:53:39.0000000Z,0.004071,0.0040585,0.00486923,sl,0,0,-0.5805747973470891672807663965
AWEUSDT,0,2026-07-12T05:02:58.0000000Z,0.06066,0.05562295,0.07577115,sl,5,3,1.3800000000000000000000000000
TUTUSDT,0,2026-07-12T05:58:53.0000000Z,0.012226,0.012101,0.0131201,sl,6,3,1.3800000000000000000000000000
ALTUSDT,0,2026-07-12T07:24:14.0000000Z,0.006428,0.0064185,0.00688786,sl,5,3,1.3800000000000000000000000000
MAGMAUSDT,0,2026-07-12T07:24:20.0000000Z,0.39884,0.398788,0.42637671,sl,0,0,-0.1395567144719687092568448501
UBUSDT,0,2026-07-12T08:58:55.0000000Z,0.073,0.06970624,0.0827413,sl,3,1,-0.12
UBUSDT,0,2026-07-12T08:59:02.0000000Z,0.073,0.07135312,0.07876408,sl,3,1,-0.12
UBUSDT,0,2026-07-12T10:51:18.0000000Z,0.07319,0.07043806,0.08144583,sl,41,3,1.3800000000000000000000000000
SYRUPUSDT,0,2026-07-12T11:31:48.0000000Z,0.18199,0.17576594,0.20190699,sl,63,3,1.3799999999999999999999999999
GRASSUSDT,0,2026-07-12T11:44:11.0000000Z,0.3737,0.35621995,0.5795,sl,104,3,1.3800000000000000000000000000
UBUSDT,0,2026-07-12T11:56:28.0000000Z,0.07313,0.07120522,0.07986674,sl,37,3,1.3800000000000000000000000000
CLOUSDT,0,2026-07-12T12:09:01.0000000Z,0.2724,0.26155031,0.30711901,sl,2,3,1.3800000000000000000000000000
CLOUSDT,0,2026-07-12T12:09:11.0000000Z,0.27233,0.25373531,0.31100696,sl,2,3,1.3800000000000000000000000000
CLOUSDT,0,2026-07-12T12:09:21.0000000Z,0.27274,0.26342866,0.3025363,sl,2,3,1.3800000000000000000000000000
HMSTRUSDT,0,2026-07-12T13:03:47.0000000Z,0.0002165,0.00021256,0.0002291,sl,0,0,-2.8497921478060046189376443418
ELSAUSDT,1,2026-07-12T13:22:18.0000000Z,0.05629,0.0566115,0.05130822,tp,9,3,13.155306448747557292591934625
HBARUSDT,0,2026-07-12T13:38:56.0000000Z,0.06943,0.0658746,0.0800962,sl,127,0,-7.8012617024341062941091747082
EVAAUSDT,0,2026-07-12T13:39:38.0000000Z,1.3184,1.3085,1.66905089,sl,1,3,1.3800000000000000000000000000
CHRUSDT,0,2026-07-12T13:52:46.0000000Z,0.01523,0.015117,0.01798361,sl,8,3,1.3800000000000000000000000000
2ZUSDT,1,2026-07-12T14:04:43.0000000Z,0.07405,0.074199,0.06874432,sl,2,3,1.3800000000000000000000000000
REDUSDT,0,2026-07-12T14:25:38.0000000Z,0.11578,0.115385,0.12217893,sl,0,0,-0.6317464156158231128001381931
HEIUSDT,0,2026-07-12T14:34:25.0000000Z,0.10483,0.104785,0.1161225,sl,7,3,1.3800000000000000000000000000
PUNDIXUSDT,1,2026-07-12T14:44:54.0000000Z,0.09208,0.093415,0.08171732,sl,1,0,-2.2947393570807993049522154649
ARBUSDT,0,2026-07-12T14:56:36.0000000Z,0.09434,0.094285,0.09863728,sl,7,2,0.6300000000000000000000000000
USUALUSDT,1,2026-07-12T14:56:46.0000000Z,0.009889,0.0099815,0.00925229,tp,9,3,9.537852158964506016786328243
STEEMUSDT,0,2026-07-12T14:57:03.0000000Z,0.04096,0.0407965,0.0444366,sl,10,0,-0.7187548828125
WLDUSDT,1,2026-07-12T16:19:41.0000000Z,0.4234,0.42838,0.39411385,sl,0,0,-1.8842890883325460557392536608
FHEUSDT,1,2026-07-12T17:06:13.0000000Z,0.02142,0.0214775,0.01859999,sl,0,0,-0.5226610644257703081232492997
BILLUSDT,1,2026-07-12T17:25:01.0000000Z,0.05068,0.0512195,0.04707559,sl,2,3,1.3800000000000000000000000000
BILLUSDT,1,2026-07-12T17:25:11.0000000Z,0.05061,0.0514585,0.04177931,sl,2,3,1.3800000000000000000000000000
TWTUSDT,1,2026-07-12T18:10:42.0000000Z,0.3558,0.357895,0.34662072,sl,9,2,0.6300000000000000000000000000
NILUSDT,0,2026-07-12T18:35:14.0000000Z,0.0356,0.035512,0.03758719,sl,8,3,1.3800000000000000000000000000
BEATUSDT,0,2026-07-12T19:18:12.0000000Z,2.2423,2.2114,3.02580222,sl,818,3,1.3800000000000000000000000000
XPLUSDT,0,2026-07-12T19:59:23.0000000Z,0.08886,0.088525,0.09212818,sl,7,3,1.3800000000000000000000000000
UAIUSDT,0,2026-07-12T21:33:42.0000000Z,0.34116,0.339595,0.40500878,sl,0,0,-0.8080935631375307773478719662
RVNUSDT,0,2026-07-12T21:45:15.0000000Z,0.003764,0.00370951,0.00406512,sl,1,0,-2.2914930924548352816153028693
KITEUSDT,1,2026-07-12T21:45:47.0000000Z,0.12185,0.122545,0.11646106,sl,8,3,1.3800000000000000000000000000
VELVETUSDT,0,2026-07-12T22:23:10.0000000Z,0.4352,0.429905,0.73490657,sl,1064,3,1.3800000000000000000000000000
AXLUSDT,0,2026-07-12T22:23:40.0000000Z,0.042,0.04187,0.04399525,sl,1,0,-0.5842857142857142857142857143
ENJUSDT,0,2026-07-12T22:32:33.0000000Z,0.02841,0.02818479,0.031251,sl,0,0,-1.3090707497360084477296726505
XRPUSDT,0,2026-07-12T23:04:21.0000000Z,1.0993,1.08249474,1.20923,sl,10,0,-2.4130855999272264168106977167
ERAUSDT,0,2026-07-12T23:04:40.0000000Z,0.07962,0.079485,0.08541419,sl,8,1,-0.12
ESPUSDT,0,2026-07-12T23:14:49.0000000Z,0.06472,0.064553,0.07371472,sl,0,0,-0.5070519159456118665018541409
PARTIUSDT,0,2026-07-12T23:39:23.0000000Z,0.0328,0.03220763,0.03469558,sl,0,0,-2.8290091463414634146341463415
BLESSUSDT,0,2026-07-13T00:08:11.0000000Z,0.007628,0.00741902,0.00825494,sl,7,3,1.3800000000000000000000000000
SNXUSDT,1,2026-07-13T00:08:34.0000000Z,0.2479,0.25015,0.23595296,sl,2,1,-0.12
PARTIUSDT,0,2026-07-13T00:08:55.0000000Z,0.03522,0.03443812,0.03795659,sl,0,0,-3.4499829642248722316865417376
STGUSDT,0,2026-07-13T00:18:51.0000000Z,0.15572,0.1514799,0.1684403,sl,10,0,-4.2043501155920883637297713847
AVGOUSDT,0,2026-07-13T00:19:00.0000000Z,396.71,392.37475,428.4468,sl,6,0,-1.7592011797030576491643770009
XPINUSDT,0,2026-07-13T02:07:44.0000000Z,0.0019312,0.00189132,0.00207078,sl,4,2,0.6300000000000000000000000000
PARTIUSDT,0,2026-07-13T02:19:27.0000000Z,0.03428,0.03342437,0.03701801,sl,2,3,1.3800000000000000000000000000
JCTUSDT,0,2026-07-13T02:28:44.0000000Z,0.003849,0.00370605,0.00434933,sl,11,3,1.3800000000000000000000000000
JTOUSDT,0,2026-07-13T04:16:54.0000000Z,0.5887,0.586395,0.65608849,tp,7,3,17.050500254798709019874299304
ELSAUSDT,0,2026-07-13T05:25:56.0000000Z,0.05705,0.05544119,0.0590075,sl,1,0,-4.3499999999999999999999999999
ELSAUSDT,0,2026-07-13T05:45:16.0000000Z,0.05726,0.05537615,0.059123,sl,0,0,-5.0549895214809640237513098148
ETCUSDT,0,2026-07-13T06:05:28.0000000Z,6.951,6.8685324,7.0356,sl,0,0,-1.8996201985325852395338800173
HUSDT,0,2026-07-13T07:24:29.0000000Z,0.07196,0.07050425,0.07654562,sl,0,0,-3.1544983324068927181767648693
GENIUSUSDT,0,2026-07-13T07:48:35.0000000Z,0.33266,0.33139482,0.352388,sl,2,0,-0.6904833764203691456742620093
BUSDT,0,2026-07-13T08:01:34.0000000Z,0.12568,0.12041904,0.14225204,sl,0,0,-6.3989942711648631444939528961
BUSDT,0,2026-07-13T08:01:47.0000000Z,0.12529,0.12079459,0.13945053,sl,0,0,-5.5020057466677308643946045176
PYTHUSDT,0,2026-07-13T09:30:24.0000000Z,0.04963,0.04894512,0.0540967,sl,0,0,-2.1899576868829337094499294781
TAOUSDT,0,2026-07-13T09:42:49.0000000Z,208.23,203.6765,211.8525,sl,27,0,-3.4001469528886327618498775395
BUSDT,0,2026-07-13T10:54:38.0000000Z,0.1255,0.11649412,0.1494714,sl,0,0,-10.884000000000000000000000000
SOLUSDT,0,2026-07-13T11:31:19.0000000Z,76.98,75.042,83.1384,sl,23,0,-3.8963055339049103663289166017
JTOUSDT,0,2026-07-13T11:52:04.0000000Z,0.6692,0.5847615,0.78683,sl,9,3,1.3800000000000000000000000000
JUPUSDT,0,2026-07-13T13:27:30.0000000Z,0.21825,0.21423202,0.23090664,sl,0,0,-2.8814982817869415807560137457
OGUSDT,0,2026-07-13T13:59:05.0000000Z,2.605,2.5840246,2.6914,sl,11,0,-1.3277965451055662188099808061
SKYAI1USDT,0,2026-07-13T14:19:40.0000000Z,0.0346,0.0314022,0.0387715,sl,17,0,-13.983294797687861271676300578
NVDAUSDT,0,2026-07-13T14:31:47.0000000Z,207.79,204.2693,222.75088,sl,10,0,-2.6615323162808604841426440155
BILLUSDT,0,2026-07-13T14:53:20.0000000Z,0.05767,0.05282572,0.07056426,sl,10,3,1.3800000000000000000000000000
BILLUSDT,0,2026-07-13T14:53:31.0000000Z,0.05775,0.0553245,0.06539032,sl,10,3,1.3800000000000000000000000000
NAORISUSDT,0,2026-07-13T16:07:33.0000000Z,0.03378,0.03276535,0.0376095,sl,6,0,-4.6255506216696269982238010657
PRLUSDT,0,2026-07-13T16:28:56.0000000Z,0.1676,0.164772,0.17678,sl,5,3,1.3800000000000000000000000000
SENTUSDT,0,2026-07-13T16:37:29.0000000Z,0.01354,0.01335023,0.014894,tp,11,3,14.880000000000000000000000000
ZBTUSDT,0,2026-07-13T17:39:26.0000000Z,0.13207,0.12367984,0.133978,sl,0,0,-9.649219353373211175891572651
ZECUSDT,0,2026-07-13T17:51:52.0000000Z,510.0,494.00705,527.7885,sl,11,0,-4.8238088235294117647058823532
AIOUSDT,0,2026-07-13T18:48:22.0000000Z,0.09202,0.0899075,0.12578205,sl,6,1,-0.12
SUIUSDT,0,2026-07-13T18:48:41.0000000Z,0.7257,0.7126475,0.7779504,sl,10,0,-2.8179123604795369987598181066
ALLOUSDT,1,2026-07-13T20:34:55.0000000Z,0.45985,0.46342,0.422,sl,0,0,-1.2845101663585951940850277264
LINEAUSDT,0,2026-07-13T20:35:12.0000000Z,0.002458,0.00245725,0.0024945,tp,0,0,2.1074206672091131000813669650
STGUSDT,0,2026-07-13T21:13:15.0000000Z,0.14111,0.140655,0.14685,sl,0,0,-0.6036652257104386648713769400
TUTUSDT,1,2026-07-13T21:13:21.0000000Z,0.01255,0.012576,0.0122915,tp,0,0,2.9696414342629482071713147411
LAUSDT,0,2026-07-13T21:22:06.0000000Z,0.05533,0.05527,0.05793,sl,0,0,-0.2826604012289896981745888307
TUSDT,0,2026-07-13T21:22:15.0000000Z,0.004941,0.004736,0.005073,sl,0,0,-6.3434365513054037644201578628
EVAAUSDT,0,2026-07-13T21:22:21.0000000Z,0.8541,0.84749,0.964305,sl,0,0,-1.2808710923779416930101861608
VANRYUSDT,0,2026-07-13T21:40:18.0000000Z,0.005395,0.00517553,0.00604408,sl,3,3,1.3800000000000000000000000000
VANRYUSDT,0,2026-07-13T21:40:23.0000000Z,0.00539,0.00528037,0.00577371,sl,0,0,-3.1709276437847866419294990723
DEXEUSDT,1,2026-07-13T22:03:40.0000000Z,41.347,41.8444,39.1069,sl,1,0,-1.9244840012576486806781628655
KAITOUSDT,0,2026-07-13T22:25:23.0000000Z,0.6663,0.663055,0.688155,sl,0,0,-0.8505267897343538946420531292
C98USDT,0,2026-07-13T22:35:29.0000000Z,0.01336,0.01312217,0.013837,tp,11,3,5.2355389221556886227544910177
ETHFIUSDT,0,2026-07-13T22:57:59.0000000Z,0.3834,0.38185,0.39695,sl,0,0,-0.7264162754303599374021909233
APRUSDT,0,2026-07-13T23:19:41.0000000Z,0.21956,0.21729814,0.227939,sl,5,1,-0.12
HYUNDAIUSDT,1,2026-07-13T23:24:35.0000000Z,290.41,293.89492,281.828,sl,1,1,-0.12
SAFEUSDT,0,2026-07-13T23:34:43.0000000Z,0.1131,0.1098275,0.11643,sl,5,1,-0.12
RIVERUSDT,0,2026-07-13T23:43:12.0000000Z,3.332,3.10365,4.01705,sl,68,3,1.3800000000000000000000000000
KGENUSDT,0,2026-07-13T23:43:36.0000000Z,0.16972,0.1662677,0.174076,sl,0,0,-3.1711725194437897713881687484
KITEUSDT,0,2026-07-13T23:50:51.0000000Z,0.12949,0.12402675,0.141316,sl,7,3,1.3800000000000000000000000000
VANRYUSDT,0,2026-07-14T00:15:25.0000000Z,0.005406,0.00527772,0.005855,sl,8,1,-0.12
VANRYUSDT,0,2026-07-14T00:15:38.0000000Z,0.005399,0.00527088,0.00584741,sl,8,1,-0.12
OPGUSDT,0,2026-07-14T00:20:15.0000000Z,0.1129,0.107811,0.12199,sl,28,0,-6.8812931798051372896368467669
BELUSDT,1,2026-07-14T00:31:00.0000000Z,0.10561,0.105815,0.10255,sl,0,0,-0.4111656093172994981535839409
DEXEUSDT,0,2026-07-14T01:08:10.0000000Z,42.772,41.95645,44.71255,sl,0,0,-2.9801070793977368371832039652
ALCHUSDT,0,2026-07-14T02:02:53.0000000Z,0.03573,0.034204,0.043316,sl,4,0,-6.5263811922753988245172124265
SYNUSDT,1,2026-07-14T03:07:28.0000000Z,0.24421,0.2481895,0.2336925,tp,0,0,6.3401162933540805044838458703
CLOUSDT,1,2026-07-14T03:27:22.0000000Z,0.21115,0.211585,0.204868,tp,0,0,4.3427042386928723656168600521
SKHYNIXUSDT,1,2026-07-14T03:44:35.0000000Z,1286.56,1289.371,1235.885,tp,0,0,5.7881970526053973386394727034
MEGAUSDT,1,2026-07-14T03:53:05.0000000Z,0.04837,0.0486155,0.047682,sl,8,1,-0.12
EVAAUSDT,0,2026-07-14T04:12:54.0000000Z,0.7871,0.78135,0.81473,sl,1,1,-0.12
VANRYUSDT,0,2026-07-14T04:33:05.0000000Z,0.005175,0.0051129,0.00533125,sl,1,3,1.3800000000000000000000000000
ZKCUSDT,0,2026-07-14T04:33:17.0000000Z,0.0438,0.043785,0.045385,tp,1,3,5.3080821917808219178082191781
ZBTUSDT,0,2026-07-14T05:10:02.0000000Z,0.14193,0.14029,0.14496,tp,0,0,3.0822828154724159797083069119
AWEUSDT,0,2026-07-14T05:19:44.0000000Z,0.06077,0.06004076,0.06757211,sl,120,3,1.3800000000000000000000000000
SXTUSDT,0,2026-07-14T05:20:28.0000000Z,0.009628,0.00915026,0.0100699,sl,0,0,-7.5629788117989198171998338181
BILLUSDT,1,2026-07-14T05:20:38.0000000Z,0.06242,0.0638675,0.060812,tp,0,0,3.7441461070169817366228772829
UAIUSDT,0,2026-07-14T05:25:42.0000000Z,0.3414,0.318978,0.371685,tp,11,3,13.186239015817223198594024605
WLDUSDT,0,2026-07-14T05:30:56.0000000Z,0.3912,0.38834,0.409955,tp,10,3,7.0713343558282208588957055215
LUMIAUSDT,0,2026-07-14T05:42:48.0000000Z,0.073,0.072755,0.07535,sl,1,3,1.3800000000000000000000000000
UAIUSDT,0,2026-07-14T05:43:00.0000000Z,0.3821,0.37510757,0.40412615,sl,0,0,-2.8650000000000000000000000000
CHIPUSDT,1,2026-07-14T05:50:55.0000000Z,0.03005,0.030159,0.028947,sl,0,0,-0.6640931780366056572379367720
ZROUSDT,0,2026-07-14T05:51:08.0000000Z,0.8599,0.85885,0.8879,sl,0,0,-0.3031608326549598790557041516
ATUSDT,0,2026-07-14T06:07:48.0000000Z,0.1534,0.152455,0.16081934,tp,11,3,7.1348956975228161668839634944
LABUSDT,0,2026-07-14T06:08:24.0000000Z,0.267,0.260715,0.305155,tp,0,0,21.315393258426966292134831460
BZUSDT,0,2026-07-14T06:14:20.0000000Z,85.51,84.8840668,87.48168958,sl,0,0,-1.2180000000000000000000000000
CAPUSDT,0,2026-07-14T06:24:15.0000000Z,0.01729,0.017267,0.0176815,sl,0,0,-0.3195373048004626951995373048
EPICUSDT,1,2026-07-14T07:21:54.0000000Z,0.3918,0.39215,0.3721,sl,0,0,-0.2539969372128637059724349158
ZAMAUSDT,0,2026-07-14T07:50:18.0000000Z,0.03317,0.03275464,0.03407,sl,11,0,-1.9983237865541151643050949653
GPSUSDT,1,2026-07-14T07:50:44.0000000Z,0.009548,0.0095915,0.009319,sl,10,0,-0.8033891914537075827398408044
MANAUSDT,0,2026-07-14T07:57:30.0000000Z,0.07077,0.0676003,0.0727995,tp,224,3,4.1816108520559559135226791013
MUSDT,0,2026-07-14T08:11:03.0000000Z,1.3812,1.34283026,1.50206467,sl,0,0,-4.2870004344048653344917463074
MANTRAUSDT,0,2026-07-14T08:35:37.0000000Z,0.007069,0.0061255,0.0098995,sl,223,3,1.3800000000000000000000000000
EGLDUSDT,0,2026-07-14T08:36:00.0000000Z,3.19,3.1785,3.289,sl,0,0,-0.6607523510971786833855799373
MAGMAUSDT,0,2026-07-14T08:50:25.0000000Z,0.26664,0.26379,0.2947245,tp,1,3,15.679111161116111611161116112
BSBUSDT,0,2026-07-14T09:04:49.0000000Z,0.147,0.14278404,0.1501815,sl,0,0,-4.4219999999999999999999999998
ALCHUSDT,0,2026-07-14T09:12:14.0000000Z,0.03302,0.0326145,0.041765,sl,0,0,-1.9620654149000605693519079346
MUBARAKUSDT,0,2026-07-14T09:16:58.0000000Z,0.012695,0.01254266,0.0130935,sl,13,1,-0.12
VELVETUSDT,1,2026-07-14T09:27:12.0000000Z,0.54182,0.56032,0.4906,tp,1,3,14.059985973201432209959026983
XLMUSDT,0,2026-07-14T09:31:52.0000000Z,0.1832,0.1822437,0.18595416,sl,0,0,-0.9029967248908296943231441048
XAUUSDT,0,2026-07-14T09:32:10.0000000Z,4014.52,3949.2684,4070.1445,tp,11,0,1.9583742514671741578071600115
B3USDT,0,2026-07-14T09:32:35.0000000Z,0.0005499,0.00052832,0.00058144,sl,0,0,-6.0065248226950354609929078015
BLESSUSDT,1,2026-07-14T09:32:40.0000000Z,0.00786,0.0079625,0.00758275,sl,6,0,-2.0761068702290076335877862596
KAITOUSDT,1,2026-07-14T09:50:34.0000000Z,0.6852,0.691195,0.676335,tp,0,0,1.8206742556917688266199649737
IBMUSDT,0,2026-07-14T09:59:34.0000000Z,226.96,225.7125,254.4055,tp,0,0,18.018989249206908706379978851
COOKIEUSDT,1,2026-07-14T10:25:44.0000000Z,0.008835,0.00903,0.00844,sl,3,1,-0.12
JSTUSDT,0,2026-07-14T10:42:41.0000000Z,0.10154,0.10044496,0.103097,sl,11,0,-1.7376482174512507386251723459
FFUSDT,0,2026-07-14T10:43:03.0000000Z,0.06354,0.06277752,0.065235,sl,5,1,-0.12
LITUSDT,0,2026-07-14T10:55:14.0000000Z,2.4162,2.31037044,2.568975,tp,11,3,9.364417680655574869629997517
POWERUSDT,0,2026-07-14T11:42:20.0000000Z,0.07919,0.07576925,0.082781,tp,11,3,6.6819952014143199898977143577
AIGENSYNUSDT,0,2026-07-14T11:49:53.0000000Z,0.02351,0.023247,0.0243865,sl,0,0,-1.7980093577201190982560612505
TREEUSDT,1,2026-07-14T12:02:07.0000000Z,0.04476,0.045115,0.04347,tp,0,0,4.2030563002680965147453083110
HEIUSDT,0,2026-07-14T12:13:40.0000000Z,0.11689,0.11144059,0.13405565,sl,1,3,1.3800000000000000000000000000
HOMEUSDT,0,2026-07-14T12:20:18.0000000Z,0.013089,0.0127611,0.01413612,sl,6,1,-0.12
MANTAUSDT,0,2026-07-14T12:35:17.0000000Z,0.05835,0.05694285,0.059718,tp,11,3,3.3967095115681233933161953728
BUSDT,0,2026-07-14T12:59:31.0000000Z,0.115,0.11464,0.11978,sl,0,0,-0.5895652173913043478260869565
SNXXUSDT,1,2026-07-14T13:22:40.0000000Z,23.04,23.093,21.3645,sl,0,0,-0.4650520833333333333333333333
SOXLUSDT,1,2026-07-14T13:43:52.0000000Z,178.13,178.6935,169.6165,sl,0,0,-0.5945129961264245214169426823
APRUSDT,0,2026-07-14T14:06:21.0000000Z,0.21575,0.20816005,0.2258435,sl,4,3,1.3800000000000000000000000000
KITEUSDT,0,2026-07-14T14:36:38.0000000Z,0.12059,0.1202835,0.126931,sl,4,3,1.3800000000000000000000000000
JUPUSDT,0,2026-07-14T14:42:49.0000000Z,0.20689,0.196812,0.2124475,sl,4,3,1.3800000000000000000000000000
SLXUSDT,0,2026-07-14T14:51:14.0000000Z,0.1386,0.137838,0.1431105,sl,0,0,-0.9446753246753246753246753247
LAUSDT,0,2026-07-14T15:29:50.0000000Z,0.05615,0.05561,0.05738,sl,16,0,-1.5625645592163846838824577026
PAXGUSDT,0,2026-07-14T15:53:08.0000000Z,4074.0,4019.069,4180.552,sl,54,0,-2.1424963181148748159057437393
TOWNSUSDT,0,2026-07-14T15:53:30.0000000Z,0.002097,0.00206915,0.00218775,sl,0,0,-2.1121316165951359084406294707
EDUUSDT,0,2026-07-14T16:15:54.0000000Z,0.03213,0.03139551,0.0326115,tp,0,0,2.1278991596638655462184873950
BEATUSDT,0,2026-07-14T16:41:50.0000000Z,2.5723,2.472973,2.790415,sl,5,3,1.3800000000000000000000000000
HOODUSDT,1,2026-07-14T16:48:16.0000000Z,112.75,113.09,111.3075,sl,1,1,-0.12
HUSDT,1,2026-07-14T16:48:25.0000000Z,0.06711,0.067596,0.064782,sl,0,0,-1.2062762628520339740724184175
BTRUSDT,0,2026-07-14T17:34:22.0000000Z,0.01769,0.01726756,0.01902068,sl,32,0,-3.7020237422272470322215941208
ALPINEUSDT,1,2026-07-14T18:16:51.0000000Z,0.3226,0.33362,0.31576,tp,0,0,3.0604091754494730316181029138
TLMUSDT,0,2026-07-14T18:21:52.0000000Z,0.0016947,0.00167436,0.0017501,sl,2,1,-0.12
ALPINEUSDT,0,2026-07-14T18:26:49.0000000Z,0.3221,0.31464016,0.34559848,sl,0,0,-3.5940018627755355479664700404
BTWUSDT,0,2026-07-14T18:31:46.0000000Z,0.05999,0.05771995,0.062753,sl,31,0,-5.7960710118353058843140523420
BASEDUSDT,1,2026-07-14T21:08:08.0000000Z,0.08741,0.0875315,0.08557,sl,0,0,-0.3285001716050795103535064638
HEMIUSDT,1,2026-07-14T21:13:11.0000000Z,0.004655,0.00467585,0.0044515,sl,1,1,-0.12
KORUUSDT,1,2026-07-14T21:57:31.0000000Z,481.83,485.158,449.373,sl,2,2,0.6300000000000000000000000000
SNXUSDT,1,2026-07-14T22:08:05.0000000Z,0.2382,0.23833,0.234815,tp,11,1,2.0116120906801007556675062972
MORPHOUSDT,0,2026-07-14T22:41:14.0000000Z,2.016,1.92831,2.142495,sl,9,3,1.3800000000000000000000000000
USDCUSDT,0,2026-07-14T23:01:12.0000000Z,1.000399,0.98494878,1.07242773,time,2880,0,-0.1286965300844962859818932246
PYTHUSDT,1,2026-07-14T23:01:43.0000000Z,0.04847,0.048534,0.0475265,tp,0,0,2.7998473282442748091603053435
AUSDT,1,2026-07-14T23:13:54.0000000Z,0.07507,0.075545,0.074165,tp,0,0,1.6883122419075529505794591714
ZECUSDT,0,2026-07-14T23:18:55.0000000Z,554.33,553.9735,561.6345,tp,0,0,1.8565753251673191059477206714
SKHYUSDT,0,2026-07-14T23:28:44.0000000Z,190.37,181.0723292,215.11807525,sl,4,3,1.3800000000000000000000000000
KASUSDT,0,2026-07-14T23:33:47.0000000Z,0.02908,0.02876594,0.0296605,sl,0,0,-1.7399793672627235213204951857
METUSDT,1,2026-07-14T23:34:00.0000000Z,0.16,0.16149,0.155175,tp,0,0,4.4034375
NEWTUSDT,0,2026-07-14T23:44:26.0000000Z,0.04585,0.045785,0.04725,tp,0,0,4.4601526717557251908396946565
AUSDT,1,2026-07-15T00:35:56.0000000Z,0.07578,0.07623,0.074605,tp,0,0,2.2058115597783056215360253365
BMNRUSDT,1,2026-07-15T01:06:41.0000000Z,16.34,16.412,15.555,sl,18,0,-0.7809547123623011015911872705
HOMEUSDT,0,2026-07-15T01:07:03.0000000Z,0.01333,0.013307,0.013699,tp,0,0,4.0322880720180045011252813204
AKEUSDT,1,2026-07-15T01:48:34.0000000Z,0.0001902,0.00019244,0.00018313,sl,2,2,0.6300000000000000000000000000
PYTHUSDT,0,2026-07-15T01:48:56.0000000Z,0.04892,0.04774005,0.049622,tp,11,1,2.0324938675388389206868356501
ZBTUSDT,0,2026-07-15T01:49:14.0000000Z,0.09377,0.09264476,0.099685,tp,0,0,9.341981443958622160605737443
ZBTUSDT,0,2026-07-15T01:49:24.0000000Z,0.09373,0.09301,0.107065,sl,5,3,1.3800000000000000000000000000
0GUSDT,0,2026-07-15T02:07:24.0000000Z,0.1815,0.1797,0.1883,sl,2,3,1.3799999999999999999999999999
SKHYUSDT,0,2026-07-15T02:28:47.0000000Z,190.21,184.7909171,207.28011114,sl,20,0,-4.3935000000000000000000000001
ASMLUSDT,1,2026-07-15T02:56:04.0000000Z,1814.97,1848.9161,1771.8825,sl,8,0,-2.9255091819699499165275459113
LDOUSDT,1,2026-07-15T02:56:16.0000000Z,0.3307,0.332675,0.32328,sl,2,1,-0.12
SXTUSDT,0,2026-07-15T03:43:22.0000000Z,0.008593,0.0085525,0.0093525,sl,1,2,0.6300000000000000000000000000
POPCATUSDT,0,2026-07-15T04:12:00.0000000Z,0.0457,0.04535177,0.0466135,sl,3,2,0.6300000000000000000000000000
UNIUSDT,0,2026-07-15T04:26:39.0000000Z,3.647,3.60925964,3.97523,sl,9,1,-0.12
ASMLUSDT,0,2026-07-15T05:20:41.0000000Z,1884.63,1853.6466828,1967.09984456,sl,0,0,-2.5859999999999999999999999987
KLACUSDT,0,2026-07-15T05:27:40.0000000Z,239.44,236.5092544,247.2409121,sl,0,0,-1.9559999999999999999999999999
REUSDT,0,2026-07-15T05:44:35.0000000Z,0.4892,0.487265,0.5009,tp,0,0,3.4674897792313982011447260834
RAVEUSDT,0,2026-07-15T05:51:42.0000000Z,0.27654,0.26425684,0.279015,sl,0,0,-6.7825949229767845519635495769
BSBUSDT,0,2026-07-15T06:38:29.0000000Z,0.1277,0.127549,0.1493505,sl,0,0,-0.2973688332028191072826938136
COWUSDT,0,2026-07-15T07:04:39.0000000Z,0.1456,0.14463904,0.14862702,sl,1,1,-0.12
ESPORTSUSDT,0,2026-07-15T07:04:44.0000000Z,0.01447,0.0143365,0.015079,sl,0,0,-1.5038977194194885970974429855
SLXUSDT,0,2026-07-15T07:14:18.0000000Z,0.1383,0.131274,0.159369,sl,11,0,-7.7403904555314533622559652927
DEXEUSDT,0,2026-07-15T07:14:52.0000000Z,38.012,37.791,40.083,sl,1,3,1.3800000000000000000000000000
APEUSDT,0,2026-07-15T07:19:35.0000000Z,0.14778,0.14600664,0.15035,sl,5,2,0.6300000000000000000000000000
SNDKUSDT,1,2026-07-15T07:31:06.0000000Z,1790.63,1821.737,1712.0465,tp,10,3,6.4628926132143435550616263579
BEATUSDT,0,2026-07-15T07:50:04.0000000Z,2.6461,2.6431,2.6986,tp,0,0,2.8560780015872416008465288538
VANRYUSDT,0,2026-07-15T08:14:22.0000000Z,0.005833,0.00542282,0.00644545,sl,87,0,-10.668088462197839876564375107
PTBUSDT,0,2026-07-15T08:19:32.0000000Z,0.00059,0.00057412,0.00060981,sl,0,0,-4.1572881355932203389830508475
VIRTUALUSDT,1,2026-07-15T08:36:08.0000000Z,0.5949,0.605899,0.570645,sl,10,0,-2.8933232476046394351991931417
USUSDT,0,2026-07-15T08:48:37.0000000Z,0.032675,0.03225405,0.0338864,sl,0,0,-2.0524407039020657995409334353
1000XECUSDT,0,2026-07-15T08:48:40.0000000Z,0.006927,0.00638088,0.00838065,sl,3,1,-0.12
RAVEUSDT,0,2026-07-15T08:56:26.0000000Z,0.27601,0.27024691,0.29416373,sl,1,3,1.3800000000000000000000000000
2ZUSDT,1,2026-07-15T09:08:43.0000000Z,0.07289,0.073303,0.071853,sl,0,0,-0.9699108245301138702153930580
ALCHUSDT,0,2026-07-15T09:18:29.0000000Z,0.02664,0.02623,0.029106,sl,0,0,-2.4285585585585585585585585585
LABUSDT,1,2026-07-15T09:18:42.0000000Z,0.24,0.24192,0.234115,tp,0,0,3.558125
COWUSDT,0,2026-07-15T09:34:55.0000000Z,0.14924,0.14669695,0.15600896,sl,0,0,-2.6760004020369874028410613778
MYXUSDT,1,2026-07-15T09:56:18.0000000Z,0.07022,0.0709795,0.067922,sl,0,0,-1.7424010253489034463115921390
AVAXUSDT,1,2026-07-15T10:02:54.0000000Z,6.659,6.75286,6.48485,sl,10,0,-2.2342814236371827601742003304
USELESSUSDT,0,2026-07-15T10:14:03.0000000Z,0.08127,0.08029476,0.0835375,tp,0,0,4.0651236618678479143595422664
CCUSDT,0,2026-07-15T10:19:15.0000000Z,0.14219,0.1416405,0.149107,sl,0,0,-0.6996821154792882762500879105
FFUSDT,1,2026-07-15T10:19:21.0000000Z,0.069,0.069061,0.067712,tp,0,0,2.6800000000000000000000000000
BILLUSDT,0,2026-07-15T10:24:57.0000000Z,0.03364,0.0335365,0.0346975,tp,0,0,4.5953686087990487514863258026
MSFTUSDT,0,2026-07-15T10:34:40.0000000Z,386.07,372.47775,390.534,tp,11,1,1.6144004973191390162405781337
DELLUSDT,0,2026-07-15T10:34:44.0000000Z,458.51,454.9886432,468.65150758,sl,11,1,-0.12
TAIKOUSDT,0,2026-07-15T10:47:57.0000000Z,0.07731,0.0772195,0.0808775,sl,0,0,-0.2955917733798991074893286768
XPINUSDT,1,2026-07-15T10:48:02.0000000Z,0.0015475,0.00155345,0.00151715,sl,0,0,-0.6967366720516962843295638126
PIEVERSEUSDT,0,2026-07-15T10:48:13.0000000Z,0.6791,0.677805,0.71188,sl,0,0,-0.4060403475187748490649388897
EVAAUSDT,1,2026-07-15T11:01:26.0000000Z,1.0941,1.106655,1.017835,sl,0,0,-1.8412777625445571702769399506
XANUSDT,0,2026-07-15T11:24:21.0000000Z,0.011486,0.0112687,0.011803,tp,4,2,4.0198223924777990597248824656
AXTIUSDT,1,2026-07-15T11:24:41.0000000Z,56.5,57.178,54.805,sl,0,0,-1.9200000000000000000000000000
BOTUSDT,1,2026-07-15T11:24:44.0000000Z,35.08,35.6605,33.896,sl,0,0,-2.6021835803876852907639680729
CRWDUSDT,0,2026-07-15T11:40:26.0000000Z,208.87,204.5839876,222.37093906,sl,7,2,0.6300000000000000000000000000
IOTAUSDT,0,2026-07-15T11:40:44.0000000Z,0.03737,0.03658523,0.03969096,sl,8,3,1.3800000000000000000000000000
INXUSDT,1,2026-07-15T11:40:59.0000000Z,0.007415,0.0074358,0.0072564,tp,0,0,3.0883614295347269049224544842
HOLOUSDT,0,2026-07-15T11:58:38.0000000Z,0.06821,0.0653895,0.0716345,sl,9,3,1.3800000000000000000000000000
HYPEUSDT,0,2026-07-15T11:58:55.0000000Z,68.438,67.3703672,70.4366086,sl,18,0,-2.4600000000000000000000000000
ALLOUSDT,1,2026-07-15T12:21:55.0000000Z,0.36825,0.3694045,0.3617865,tp,0,0,2.5127902240325865580448065173
FLOCKUSDT,1,2026-07-15T12:22:06.0000000Z,0.03808,0.038179,0.0353695,tp,0,0,10.556864495798319327731092437
MVLLUSDT,0,2026-07-15T12:43:16.0000000Z,27.13,26.729,28.8385,tp,0,0,9.326185035016586804275709547
JASMYUSDT,0,2026-07-15T12:49:31.0000000Z,0.004292,0.004254,0.00444005,tp,0,0,5.0541612301957129543336439888
HEMIUSDT,0,2026-07-15T12:50:06.0000000Z,0.004537,0.0045285,0.004612,sl,0,0,-0.4010227022261406215560943355
NMRUSDT,1,2026-07-15T13:02:43.0000000Z,10.298,10.3156,9.9496,sl,0,0,-0.3763604583414255195183530783
SAHARAUSDT,0,2026-07-15T13:25:22.0000000Z,0.009473,0.00930817,0.00992255,sl,9,3,1.3800000000000000000000000000
KAITOUSDT,0,2026-07-15T13:30:38.0000000Z,0.7384,0.730345,0.77119,sl,1,3,1.3800000000000000000000000000
PAXGUSDT,1,2026-07-15T13:35:33.0000000Z,4054.5,4107.973,4021.515,tp,11,0,1.1003107658157602663706992217
SKYUSDT,0,2026-07-15T13:35:48.0000000Z,0.06193,0.0617895,0.0630625,tp,0,0,2.6230163087356693040529630227
0GUSDT,0,2026-07-15T13:51:29.0000000Z,0.1966,0.19066661,0.21529017,sl,2,2,0.6300000000000000000000000000
WOOUSDT,0,2026-07-15T13:58:08.0000000Z,0.01234,0.012235,0.012755,sl,11,0,-1.3963371150729335494327390600
BCHUSDT,0,2026-07-15T14:10:48.0000000Z,235.8,228.492,242.235,sl,11,0,-4.7688549618320610687022900767
ZROUSDT,0,2026-07-15T14:11:10.0000000Z,0.8371,0.83585,0.85455,tp,0,0,3.0068665631346314657746983633
ZKUSDT,0,2026-07-15T14:16:10.0000000Z,0.01009,0.0100885,0.010253,tp,0,0,2.3031912784935579781962338950
ETHFIUSDT,1,2026-07-15T14:26:07.0000000Z,0.4309,0.43215,0.41255,sl,0,0,-0.5551357623578556509631004874
SKLUSDT,0,2026-07-15T14:45:47.0000000Z,0.004812,0.00471196,0.004884,sl,0,0,-3.2384538653366583541147132170
ONDOUSDT,1,2026-07-15T14:52:19.0000000Z,0.3315,0.332705,0.32416,sl,0,0,-0.6652488687782805429864253394
IDUSDT,0,2026-07-15T15:11:40.0000000Z,0.03408,0.03375443,0.0363345,sl,0,0,-1.5529665492957746478873239436
TLMUSDT,0,2026-07-15T15:51:27.0000000Z,0.0016683,0.0016671,0.0017289,sl,0,0,-0.2278942636216507822334112570
ORDERUSDT,0,2026-07-15T15:58:40.0000000Z,0.03406,0.03343875,0.03584921,sl,10,1,-0.12
HOTUSDT,0,2026-07-15T16:31:13.0000000Z,0.0003569,0.00035585,0.00036465,sl,0,0,-0.5613000840571588680302605772
ACTUSDT,1,2026-07-15T16:49:50.0000000Z,0.008783,0.0088515,0.0086915,tp,0,0,1.4426779004895821473300694524
THEUSDT,0,2026-07-15T17:36:21.0000000Z,0.05571,0.055685,0.05715,sl,6,3,1.3800000000000000000000000000
HOLOUSDT,1,2026-07-15T17:44:34.0000000Z,0.07154,0.071945,0.06998,sl,1,1,-0.12
PYTHUSDT,0,2026-07-15T17:51:39.0000000Z,0.04769,0.047569,0.048711,sl,0,0,-0.5005829314321660725518976725
AIXBTUSDT,0,2026-07-15T18:38:34.0000000Z,0.019075,0.0188461,0.0194935,sl,4,0,-1.9200000000000000000000000000
CAPUSDT,0,2026-07-15T18:51:27.0000000Z,0.01718,0.01678108,0.01857622,tp,11,3,12.070512223515715948777648428
AKEUSDT,1,2026-07-15T19:51:54.0000000Z,0.0006631,0.00066618,0.00064338,sl,0,0,-0.8167274920826421354245211883
SIRENUSDT,1,2026-07-15T19:59:13.0000000Z,0.02744,0.0275205,0.0269045,tp,0,0,2.8072959183673469387755102041
VIRTUALUSDT,0,2026-07-15T20:12:55.0000000Z,0.6193,0.61015913,0.6456257,sl,3,1,-0.12
INTWUSDT,0,2026-07-15T21:00:15.0000000Z,26.59,26.4825,29.3075,sl,0,0,-0.7264309890936442271530650621
SOXLUSDT,0,2026-07-15T21:19:16.0000000Z,164.72,163.5445,175.797,sl,0,0,-1.1904528897523069451189898009
LAUSDT,0,2026-07-15T21:40:55.0000000Z,0.05651,0.0558998,0.0595745,sl,11,0,-1.7397133250752079278003893116
HYUNDAIUSDT,0,2026-07-15T22:09:32.0000000Z,287.17,285.3386084,303.1405,sl,1,0,-1.0766066789706445659365532611
MINAUSDT,0,2026-07-15T22:24:12.0000000Z,0.0442,0.0435213,0.04528,sl,8,1,-0.12
MEGAUSDT,0,2026-07-15T23:34:59.0000000Z,0.05066,0.04893914,0.05530632,sl,0,0,-5.2153217528622187129885511252
SNXUSDT,0,2026-07-15T23:52:18.0000000Z,0.2288,0.22843264,0.23843,sl,1,2,0.6300000000000000000000000000
EDENUSDT,0,2026-07-16T01:07:06.0000000Z,0.04304,0.0420201,0.0443045,sl,10,1,-0.12
AIGENSYNUSDT,0,2026-07-16T01:12:41.0000000Z,0.02461,0.02426595,0.02569375,sl,0,0,-2.2170134091832588378707842340
MORPHOUSDT,1,2026-07-16T01:50:34.0000000Z,2.1173,2.1223,2.0849,tp,0,0,2.1753761866528125442780900203
ETHFIUSDT,0,2026-07-16T02:17:00.0000000Z,0.4404,0.43432248,0.45790326,sl,3,1,-0.12
MVLLUSDT,0,2026-07-16T02:42:36.0000000Z,26.54,26.2405,28.5635,sl,0,0,-1.8127279577995478522984174830
FLOCKUSDT,0,2026-07-16T02:51:32.0000000Z,0.03477,0.0345295,0.037022,sl,0,0,-1.1575323554788610871440897325
MOVEUSDT,0,2026-07-16T03:02:45.0000000Z,0.01091,0.010785,0.01108,sl,10,1,-0.12
XPLUSDT,0,2026-07-16T03:03:04.0000000Z,0.08684,0.086575,0.0893585,tp,0,0,4.2302418240442192538000921235
HOMEUSDT,0,2026-07-16T03:20:46.0000000Z,0.015072,0.014987,0.0155275,tp,0,0,4.4132404458598726114649681528
NOTUSDT,0,2026-07-16T03:32:25.0000000Z,0.0003785,0.00036875,0.00038552,sl,49,1,-0.12
FFUSDT,0,2026-07-16T03:32:36.0000000Z,0.06674,0.066433,0.0703075,sl,0,0,-0.8099910098891219658375786635
LABUSDT,1,2026-07-16T03:32:45.0000000Z,0.215,0.216265,0.20897,sl,0,0,-1.0025581395348837209302325581
HUSDT,0,2026-07-16T03:43:04.0000000Z,0.05865,0.0581315,0.0625265,sl,0,0,-1.4460869565217391304347826087
ONDOUSDT,1,2026-07-16T03:51:40.0000000Z,0.3698,0.370405,0.350565,sl,4,3,1.3800000000000000000000000000
BSBUSDT,0,2026-07-16T04:02:29.0000000Z,0.1346,0.133817,0.141189,tp,0,0,7.2228677563150074294205052004
PTBUSDT,0,2026-07-16T04:12:17.0000000Z,0.0005618,0.00055962,0.00058207,sl,0,0,-0.7020576717693129227483090068
BANKUSDT,1,2026-07-16T04:12:26.0000000Z,0.05467,0.0549565,0.05177,sl,0,0,-0.9060801170660325589903054692
EDGEUSDT,0,2026-07-16T04:33:33.0000000Z,0.4271,0.41900218,0.45042171,sl,1,3,1.3800000000000000000000000000
TACUSDT,0,2026-07-16T04:33:41.0000000Z,0.002959,0.0029449,0.00305505,sl,1,3,1.3800000000000000000000000000
NOMUSDT,0,2026-07-16T04:43:53.0000000Z,0.001585,0.00156489,0.00161695,sl,11,0,-2.0231545741324921135646687697
BEATUSDT,0,2026-07-16T04:54:53.0000000Z,2.4848,2.4638,2.581,sl,0,0,-1.3877076625885383129426915647
GALAUSDT,0,2026-07-16T05:04:20.0000000Z,0.002026,0.00198891,0.00207685,sl,9,0,-2.8660513326752221125370187562
BABYUSDT,0,2026-07-16T05:12:59.0000000Z,0.013433,0.01310537,0.01464197,sl,11,0,-3.7784902851187374376535397902
HIMSUSDT,0,2026-07-16T05:21:24.0000000Z,36.56,35.9041136,38.44895283,sl,10,2,0.6300000000000000000000000000
EPICUSDT,1,2026-07-16T05:21:43.0000000Z,0.4269,0.429355,0.41687,sl,0,0,-0.9826141953619114546732255798
CAPUSDT,1,2026-07-16T05:41:37.0000000Z,0.01855,0.0188745,0.01735,sl,0,0,-2.7439892183288409703504043126
AIOUSDT,1,2026-07-16T05:41:41.0000000Z,0.10064,0.1009935,0.098712,sl,0,0,-0.6468779809220985691573926868
USUSDT,1,2026-07-16T06:00:17.0000000Z,0.041688,0.0425052,0.03841535,sl,0,0,-3.0604145077720207253886010363
STARUSDT,0,2026-07-16T06:19:21.0000000Z,0.18414,0.183955,0.1916,sl,0,0,-0.2707005539263603779732811991
SOXLUSDT,0,2026-07-16T06:33:21.0000000Z,157.38,155.7405,166.468,sl,3,3,1.3800000000000000000000000000
龙虾USDT,1,2026-07-16T06:52:16.0000000Z,0.015911,0.01600175,0.0151265,sl,1,0,-0.9755401923197787694048142794
SKYAIUSDT,0,2026-07-16T07:11:13.0000000Z,0.03189,0.031076,0.032376,sl,4,2,0.6300000000000000000000000000
BILLUSDT,0,2026-07-16T07:23:06.0000000Z,0.02941,0.0292495,0.032759,sl,0,0,-0.9385991159469568174090445427
RECALLUSDT,0,2026-07-16T08:04:27.0000000Z,0.03584,0.0353024,0.03753344,sl,0,0,-2.3700000000000000000000000000
KORUUSDT,0,2026-07-16T08:18:29.0000000Z,20.19,20.1155,21.0185,sl,0,0,-0.6734918276374442793462109955
TUSDT,0,2026-07-16T08:18:37.0000000Z,0.003979,0.003928,0.0041235,sl,0,0,-2.0425936164865544106559437044
EGLDUSDT,0,2026-07-16T08:18:42.0000000Z,3.09,3.08325,3.19745,sl,2,0,-0.4476699029126213592233009709
ARCUSDT,0,2026-07-16T08:18:47.0000000Z,0.07647,0.0738243,0.0803535,sl,10,0,-5.3096822283248332679482149863
KATUSDT,1,2026-07-16T08:31:30.0000000Z,0.005108,0.00518345,0.00497245,sl,1,2,0.6300000000000000000000000000
DEXEUSDT,1,2026-07-16T09:29:25.0000000Z,36.313,36.445,34.6965,sl,7,3,1.3800000000000000000000000000
BASEDUSDT,1,2026-07-16T09:29:46.0000000Z,0.09648,0.0967655,0.09423,sl,1,3,1.3800000000000000000000000000
BEUSDT,0,2026-07-16T09:42:52.0000000Z,230.76,229.9135,239.756,sl,1,0,-0.6702470098803952158086323453
SYRUPUSDT,0,2026-07-16T09:42:56.0000000Z,0.1884,0.18828,0.195287,sl,0,0,-0.2155414012738853503184713376
RAVEUSDT,0,2026-07-16T10:07:57.0000000Z,0.31022,0.29907069,0.34233,sl,3,3,1.3800000000000000000000000000
HOODUSDT,1,2026-07-16T10:33:30.0000000Z,115.89,116.8974,112.5015,tp,11,3,4.2658400207092932953662956251
BOTUSDT,0,2026-07-16T10:33:46.0000000Z,32.96,31.6899,35.534,sl,10,0,-5.9001881067961165048543689320
AKEUSDT,1,2026-07-16T10:34:03.0000000Z,0.0009359,0.00095988,0.00086882,sl,1,3,1.3800000000000000000000000000
SNXXUSDT,1,2026-07-16T10:49:43.0000000Z,16.49,16.6945,16.282,sl,0,0,-1.9802183141297756215888417222
AERGOUSDT,0,2026-07-16T11:05:28.0000000Z,0.02196,0.021821,0.0237395,sl,0,0,-1.0694535519125683060109289618
VVVUSDT,0,2026-07-16T11:18:26.0000000Z,10.963,10.398645,12.4867585,sl,66,1,-0.12
MNTUSDT,1,2026-07-16T11:48:09.0000000Z,0.4405,0.44238,0.42916,sl,5,2,0.6300000000000000000000000000
BASEDUSDT,0,2026-07-16T12:20:30.0000000Z,0.09548,0.09352648,0.1000475,sl,1,3,1.3800000000000000000000000000
TAKEUSDT,0,2026-07-16T12:20:37.0000000Z,0.02235,0.0218405,0.023453,sl,0,0,-3.5394630872483221476510067114
CFGUSDT,1,2026-07-16T12:51:38.0000000Z,0.1918,0.192545,0.187115,tp,0,0,3.5439728884254431699687174140
NOWUSDT,0,2026-07-16T13:00:15.0000000Z,100.32,99.809,103.03,tp,0,0,3.9320334928229665071770334928
JELLYJELLYUSDT,0,2026-07-16T13:00:27.0000000Z,0.05433,0.0540445,0.056265,sl,3,2,0.6300000000000000000000000000
ARMUSDT,0,2026-07-16T13:10:44.0000000Z,257.62,256.174,262.6655,tp,0,0,2.8177571617110472789379706546
CRDOUSDT,0,2026-07-16T13:10:51.0000000Z,208.86,208.4805,215.4485,tp,0,0,4.6117581154840563056592933066
PIEVERSEUSDT,0,2026-07-16T13:15:37.0000000Z,0.6644,0.647262,0.703685,sl,7,0,-3.9892052980132450331125827815
MUBARAKUSDT,1,2026-07-16T13:20:46.0000000Z,0.013077,0.013113,0.0126445,tp,0,0,4.8410002294104152328515714615
ALLOUSDT,0,2026-07-16T13:35:49.0000000Z,0.3854,0.38316,0.394,tp,0,0,3.2271717695900363258951738453
MOVRUSDT,0,2026-07-16T14:19:25.0000000Z,1.326,1.30399624,1.44534,sl,0,0,-2.6091131221719457013574660634
ORCLUSDT,0,2026-07-16T14:45:36.0000000Z,126.39,126.1435,129.438,sl,3,0,-0.4125468787087586043199620223
SENTUSDT,1,2026-07-16T14:58:10.0000000Z,0.01378,0.0138445,0.013513,tp,0,0,2.7863860667634252539912917272
AXTIUSDT,0,2026-07-16T14:58:20.0000000Z,45.86,45.705,46.9135,tp,0,0,3.3258133449629306585259485391
BANUSDT,0,2026-07-16T15:29:12.0000000Z,0.0735,0.07263065,0.075822,sl,11,0,-1.8941836734693877551020408163
GPSUSDT,0,2026-07-16T15:41:28.0000000Z,0.00898,0.0089685,0.00934585,tp,0,0,5.9910801781737193763919821825
ERAUSDT,0,2026-07-16T16:15:17.0000000Z,0.07485,0.074608,0.0764105,tp,0,0,3.0072545090180360721442885772
BLENDUSDT,0,2026-07-16T16:20:09.0000000Z,0.06231,0.06074475,0.06722,sl,5,1,-0.12
ASTSUSDT,0,2026-07-16T17:04:34.0000000Z,54.01,53.5815,55.312,sl,0,0,-1.3100573967783743751157193113
MYXUSDT,1,2026-07-16T17:04:43.0000000Z,0.0792,0.0802005,0.077743,tp,0,0,2.6394696969696969696969696969
RESOLVUSDT,1,2026-07-16T17:31:41.0000000Z,0.02106,0.02131272,0.020499,sl,0,0,-1.9200000000000000000000000000
MAGMAUSDT,1,2026-07-16T17:59:23.0000000Z,0.30124,0.3028625,0.297028,tp,0,0,1.9773310317354932943832160404
WUSDT,1,2026-07-16T18:13:44.0000000Z,0.009661,0.009746,0.009295,sl,9,2,0.6300000000000000000000000000
ALPINEUSDT,1,2026-07-16T18:32:10.0000000Z,0.3273,0.32836,0.32331,tp,0,0,1.7085976168652612282309807516
GLWUSDT,0,2026-07-16T19:20:32.0000000Z,158.01,157.747,165.479,sl,0,0,-0.3696677425479400037972280235
TAIKOUSDT,0,2026-07-16T19:31:25.0000000Z,0.07888,0.078521,0.082056,sl,5,1,-0.12
ENSUSDT,0,2026-07-16T19:42:20.0000000Z,4.315,4.26428864,4.37575,sl,11,0,-1.8828514484356894553881807648
RKLBUSDT,0,2026-07-16T19:50:09.0000000Z,67.38,67.1175,71.4615,sl,11,2,0.6300000000000000000000000000
RIFUSDT,0,2026-07-16T20:11:43.0000000Z,0.13502,0.13498,0.13932,sl,1,1,-0.12
ICNTUSDT,0,2026-07-16T20:43:37.0000000Z,0.1569,0.1537585,0.16437,tp,11,3,7.0214913957934990439770554497
BUSDT,1,2026-07-16T20:44:01.0000000Z,0.1141,0.114515,0.11098,sl,2,0,-0.6655740578439964943032427695
METUSDT,0,2026-07-16T21:27:51.0000000Z,0.14335,0.14327,0.14809,tp,0,0,4.8398883850715033135681897455
COOKIEUSDT,1,2026-07-16T22:05:22.0000000Z,0.008657,0.008715,0.00842,sl,0,0,-1.1249670786646644334064918563
ROBOUSDT,1,2026-07-17T00:32:53.0000000Z,0.01228,0.0125875,0.01185,sl,6,1,-0.12
MOVEUSDT,1,2026-07-17T00:49:38.0000000Z,0.0107,0.010815,0.01052,sl,14,0,-1.7321495327102803738317757010
SPORTFUNUSDT,0,2026-07-17T00:49:52.0000000Z,0.02183,0.02102316,0.0241205,sl,3,3,1.3800000000000000000000000000
SPORTFUNUSDT,0,2026-07-17T00:50:02.0000000Z,0.02189,0.02148547,0.02330585,sl,1,0,-2.8920191868433074463225216994
BULLAUSDT,1,2026-07-17T01:06:20.0000000Z,0.008726,0.00875445,0.00818515,tp,0,0,9.177215218886087554435021774
MMTUSDT,0,2026-07-17T01:26:20.0000000Z,0.1772,0.17468022,0.18513732,sl,1,1,-0.12
ESPORTSUSDT,1,2026-07-17T01:53:05.0000000Z,0.02121,0.021226,0.020496,sl,0,0,-0.2331541725601131541725601132
BLUAIUSDT,0,2026-07-17T02:06:30.0000000Z,0.011294,0.0112257,0.01157905,sl,0,0,-1.0271188241544182751903665663
MYXUSDT,1,2026-07-17T02:19:30.0000000Z,0.08464,0.0853955,0.0824955,tp,0,0,3.6805080340264650283553875236
AKEUSDT,0,2026-07-17T02:34:11.0000000Z,0.0008772,0.00087022,0.00090477,sl,0,0,-1.3135704514363885088919288646
NOMUSDT,0,2026-07-17T02:48:41.0000000Z,0.00151,0.0014985,0.001537,sl,10,0,-1.2623841059602649006622516556
DEXEUSDT,1,2026-07-17T03:32:19.0000000Z,35.72,35.7703,34.93,tp,0,0,3.1974692049272116461366181411
SOXSUSDT,1,2026-07-17T04:00:25.0000000Z,56.92,57.094,55.335,tp,0,0,4.0569149683766690091356289529
ROBOUSDT,0,2026-07-17T04:38:31.0000000Z,0.01177,0.011724,0.012067,tp,0,0,3.6650467289719626168224299065
SPORTFUNUSDT,0,2026-07-17T05:05:38.0000000Z,0.02141,0.0210092,0.02281278,sl,1,3,1.3800000000000000000000000000
TUSDT,0,2026-07-17T05:20:39.0000000Z,0.004472,0.00418146,0.005003,sl,1,3,1.3800000000000000000000000000
XPINUSDT,0,2026-07-17T05:32:49.0000000Z,0.001558,0.0015264,0.001617,tp,19,3,5.5603594351732991014120667521
BLESSUSDT,0,2026-07-17T05:33:06.0000000Z,0.007956,0.0078111,0.0082774,sl,0,0,-2.8519004524886877828054298642
RIVNUSDT,0,2026-07-17T05:33:18.0000000Z,16.9,16.797456,17.755,sl,1,0,-1.0301538461538461538461538462
DODOXUSDT,0,2026-07-17T05:45:54.0000000Z,0.022137,0.0220286,0.0226006,sl,0,0,-0.8545168722049058137959073045
1000XECUSDT,0,2026-07-17T05:59:36.0000000Z,0.007538,0.0075053,0.0080278,sl,0,0,-0.7707031042716901034757230035
LDOUSDT,1,2026-07-17T06:13:21.0000000Z,0.3712,0.376629,0.33817,sl,1,1,-0.12
SNXXUSDT,0,2026-07-17T08:00:06.0000000Z,14.52,14.448,15.161,sl,0,0,-0.8638016528925619834710743802
GPSUSDT,0,2026-07-17T08:06:04.0000000Z,0.008922,0.00884345,0.00929415,sl,2,0,-1.4406119704102219233355749832
TREEUSDT,0,2026-07-17T09:34:57.0000000Z,0.03971,0.039685,0.04178,tp,0,0,7.6991891211281792999244522790
AEROUSDT,0,2026-07-17T09:41:10.0000000Z,0.4973,0.46939,0.53339,sl,26,3,1.3800000000000000000000000000
LUMIAUSDT,0,2026-07-17T09:41:26.0000000Z,0.09204,0.091325,0.095545,tp,0,0,5.5921903520208604954367666232
MUUUSDT,0,2026-07-17T10:13:51.0000000Z,25.99,25.9155,26.922,tp,0,0,5.2589919199692189303578299346
VELVETUSDT,1,2026-07-17T10:28:57.0000000Z,0.56377,0.570815,0.551745,tp,0,0,3.0794430352803448214697483016
LINKUSDT,0,2026-07-17T10:38:40.0000000Z,8.2,8.024795,8.39215,sl,11,0,-3.3249695121951219512195121951
RPLUSDT,0,2026-07-17T10:55:24.0000000Z,1.791,1.7785,1.8125,tp,0,0,1.6806700167504187604690117253
PTBUSDT,0,2026-07-17T11:14:19.0000000Z,0.0006011,0.00058212,0.00061924,sl,0,0,-4.8563167526201963067709199801
PTBUSDT,0,2026-07-17T11:14:30.0000000Z,0.0006009,0.00058193,0.00061912,sl,0,0,-4.8553969046430354468297553670
PTBUSDT,0,2026-07-17T11:19:13.0000000Z,0.0006058,0.00057301,0.00062182,sl,8,3,1.3800000000000000000000000000
PTBUSDT,0,2026-07-17T11:19:18.0000000Z,0.0006061,0.0005897,0.00062198,sl,0,0,-4.1787361821481603695759775615
WLDUSDT,0,2026-07-17T12:14:32.0000000Z,0.383,0.3761362,0.40586,sl,3,0,-2.8081723237597911227154046997
ONEUSDT,0,2026-07-17T12:19:36.0000000Z,0.001155,0.00114855,0.00122715,sl,0,0,-0.9576623376623376623376623377
METUSDT,0,2026-07-17T12:32:39.0000000Z,0.1325,0.132425,0.140875,sl,0,0,-0.2049056603773584905660377358
KORUUSDT,0,2026-07-17T12:37:45.0000000Z,18.45,18.2925,19.088,sl,0,0,-1.4004878048780487804878048780
AVAAIUSDT,0,2026-07-17T12:50:48.0000000Z,0.00724,0.0071398,0.0076306,sl,1,3,1.3800000000000000000000000000
NBISUSDT,1,2026-07-17T13:00:25.0000000Z,177.6,178.183,171.6155,tp,0,0,4.9344763513513513513513513514
LRCUSDT,1,2026-07-17T13:00:35.0000000Z,0.01883,0.0190195,0.018357,tp,0,0,3.6479235262878385554965480617
BASEDUSDT,0,2026-07-17T13:27:29.0000000Z,0.09176,0.0858088,0.097493,sl,1,1,-0.12
DOTUSDT,0,2026-07-17T13:27:41.0000000Z,0.8399,0.8206035,0.854705,sl,6,1,-0.12
AAOIUSDT,1,2026-07-17T14:05:55.0000000Z,103.05,103.3395,98.024,sl,1,3,1.3800000000000000000000000000
SAFEUSDT,0,2026-07-17T14:23:52.0000000Z,0.0844,0.084185,0.08808,sl,0,0,-0.5021090047393364928909952607
DYDXUSDT,0,2026-07-17T14:58:02.0000000Z,0.12538,0.1222059,0.133561,sl,0,0,-3.9173759770298293188706332750
UBUSDT,0,2026-07-17T14:58:29.0000000Z,0.08958,0.089373,0.091794,tp,0,0,3.5873007367716008037508372405
ARXUSDT,0,2026-07-17T15:15:40.0000000Z,0.1829,0.17891644,0.19437266,sl,0,0,-3.3869983597594313832695462001
MVLLUSDT,1,2026-07-17T16:16:42.0000000Z,22.2,22.3935,21.4215,sl,1,3,1.3800000000000000000000000000
FORMUSDT,1,2026-07-17T16:37:10.0000000Z,0.18307,0.18913,0.17714,sl,69,1,-0.12
ZHIPUUSDT,0,2026-07-17T17:02:03.0000000Z,149.19,142.7628948,168.19816363,sl,4,1,-0.12
ZHIPUUSDT,0,2026-07-17T17:02:07.0000000Z,149.08,145.8688168,160.3191412,sl,4,1,-0.12
MMTUSDT,0,2026-07-17T17:09:16.0000000Z,0.17852,0.169946,0.181346,sl,20,0,-7.3242348196280528792292180149
CFGUSDT,0,2026-07-17T17:09:36.0000000Z,0.1727,0.17207,0.175315,tp,0,0,2.1512796757382744643891140706
BOTUSDT,1,2026-07-17T17:25:29.0000000Z,29.15,29.2345,28.516,sl,0,0,-0.5548198970840480274442538594
ETHFIUSDT,0,2026-07-17T17:43:20.0000000Z,0.4362,0.43185254,0.443355,sl,0,0,-1.6150000000000000000000000000
BLURUSDT,0,2026-07-17T18:00:41.0000000Z,0.016245,0.016145,0.016908,sl,0,0,-1.0433610341643582640812557710
ZHIPUUSDT,0,2026-07-17T18:11:41.0000000Z,148.95,143.602695,164.991915,sl,167,0,-5.5049999999999999999999999999
GWEIUSDT,1,2026-07-17T18:17:32.0000000Z,0.02915,0.029245,0.028,sl,0,0,-0.6088507718696397941680960549
AXTIUSDT,0,2026-07-17T18:33:00.0000000Z,45.75,45.5865,46.851,sl,1,2,0.6300000000000000000000000000
USUSDT,0,2026-07-17T18:37:58.0000000Z,0.046302,0.04563445,0.048671,sl,1,2,0.6300000000000000000000000000
MUUSDT,0,2026-07-17T18:51:13.0000000Z,845.88,844.0,861.3955,tp,0,0,2.6313654419066534260178748760
ZHIPUUSDT,0,2026-07-17T19:14:10.0000000Z,148.95,145.2068865,162.05089725,sl,55,0,-3.8894999999999999999999999999
CLOUSDT,0,2026-07-17T19:25:17.0000000Z,0.19049,0.190125,0.194988,sl,0,0,-0.4074166622919838311722400126
SNDKUSDT,0,2026-07-17T19:59:58.0000000Z,1346.72,1343.54,1376.296,sl,0,0,-0.4741938933111559938220268505
OUSDT,0,2026-07-17T20:10:50.0000000Z,0.578,0.55901,0.64676,sl,6,1,-0.12
AIAUSDT,0,2026-07-17T20:11:15.0000000Z,0.05559,0.0554265,0.0562725,sl,0,0,-0.5611764705882352941176470588
EDGEUSDT,1,2026-07-17T20:35:51.0000000Z,0.4506,0.453275,0.439965,tp,0,0,3.4202796271637816245006657790
STXXUSDT,1,2026-07-17T21:30:30.0000000Z,786.07,787.471,746.5025,sl,10,0,-0.3873426030760619283269937792
SLXUSDT,0,2026-07-17T21:40:43.0000000Z,0.116,0.110286,0.133142,sl,10,3,1.3800000000000000000000000000
EDGEUSDT,0,2026-07-17T22:02:05.0000000Z,0.4508,0.44558323,0.491372,sl,1,1,-0.12
ENJUSDT,0,2026-07-17T22:13:24.0000000Z,0.028481,0.0281804,0.02897555,sl,11,0,-1.7031607036269793897686176750
SLXUSDT,0,2026-07-17T23:07:52.0000000Z,0.1139,0.1136905,0.1171025,tp,0,0,4.0975153643546971027216856893
FWDIUSDT,1,2026-07-17T23:19:16.0000000Z,4.303,4.34205,4.18815,tp,0,0,3.8836021380432256565187078782
NOMUSDT,0,2026-07-17T23:51:31.0000000Z,0.001499,0.0014885,0.001527,sl,8,1,-0.12
COLLECTUSDT,1,2026-07-18T00:03:02.0000000Z,0.04303,0.04354636,0.04213,sl,1,1,-0.12
SYNUSDT,0,2026-07-18T00:19:52.0000000Z,0.2271,0.22508,0.233335,sl,0,0,-1.4542140026420079260237780713
HEIUSDT,0,2026-07-18T01:16:38.0000000Z,0.11158,0.111025,0.11709,sl,1,1,-0.12
BILLUSDT,0,2026-07-18T01:46:23.0000000Z,0.02258,0.0222595,0.023339,sl,0,0,-2.2490965456155890168290522586
BILLUSDT,0,2026-07-18T01:46:27.0000000Z,0.02263,0.022252,0.0251035,sl,0,0,-2.6255236411842686699072028281
AGTUSDT,0,2026-07-18T02:00:47.0000000Z,0.013874,0.0136735,0.0144116,sl,8,2,0.6300000000000000000000000000
CLOUSDT,0,2026-07-18T02:53:24.0000000Z,0.17521,0.172007,0.1776675,sl,0,0,-2.8621380058215855259403002113
TACUSDT,0,2026-07-18T03:06:52.0000000Z,0.003185,0.0031551,0.00325565,tp,1,3,3.2073155416012558869701726845
EDGEUSDT,1,2026-07-18T03:21:27.0000000Z,0.4437,0.44512,0.43466,tp,0,0,2.9361189993238674780256930358
METUSDT,1,2026-07-18T03:36:30.0000000Z,0.1341,0.134645,0.13115,tp,0,0,3.1797762863534675615212527964
HOMEUSDT,0,2026-07-18T03:36:41.0000000Z,0.00695,0.006897,0.00728,tp,0,0,7.0023021582733812949640287771
DODOXUSDT,1,2026-07-18T04:48:13.0000000Z,0.023253,0.0236489,0.02156305,tp,9,3,10.781496581086311443684685847
STARUSDT,1,2026-07-18T04:48:21.0000000Z,0.20361,0.2233665,0.192859,sl,0,0,-14.674663326948578164137321350
ALLOUSDT,1,2026-07-18T04:48:29.0000000Z,0.4074,0.4096365,0.3943605,tp,0,0,4.6809941089837997054491899853
BANKUSDT,0,2026-07-18T05:16:24.0000000Z,0.07072,0.0692955,0.0751155,sl,0,0,-3.1414225113122171945701357466
RESOLVUSDT,0,2026-07-18T05:16:28.0000000Z,0.02062,0.020554,0.02105,tp,0,0,3.0080310378273520853540252182
TRADOORUSDT,1,2026-07-18T05:30:25.0000000Z,0.5143,0.524525,0.487865,tp,0,0,7.5899941668286992027999222244
GUSDT,0,2026-07-18T05:43:36.0000000Z,0.003856,0.00372806,0.00425902,sl,0,0,-5.0969190871369294605809128631
GUSDT,0,2026-07-18T05:43:42.0000000Z,0.003851,0.00372322,0.00425349,sl,0,0,-5.0971487925214230070111659309
GUSDT,0,2026-07-18T05:43:46.0000000Z,0.003864,0.00364422,0.00444901,sl,0,0,-8.651832298136645962732919255
GUSDT,0,2026-07-18T05:43:55.0000000Z,0.003847,0.00373759,0.00419164,sl,0,0,-4.3860514686768910839615284638
LUMIAUSDT,0,2026-07-18T05:57:51.0000000Z,0.07943,0.0791445,0.0814865,tp,3,3,3.7636082084854588946241974065
龙虾USDT,0,2026-07-18T05:57:57.0000000Z,0.016084,0.01604285,0.01646525,tp,0,0,3.4355521014672966923650833127
SUSHIUSDT,0,2026-07-18T06:27:39.0000000Z,0.1619,0.16052498,0.166625,sl,2,1,-0.12
VVVUSDT,1,2026-07-18T06:41:43.0000000Z,11.55,11.6056,11.04475,sl,1,3,1.3800000000000000000000000000
GALAUSDT,0,2026-07-18T06:41:50.0000000Z,0.002083,0.00207955,0.00213385,tp,0,0,3.5417858857417186749879980797
ARXUSDT,0,2026-07-18T06:55:07.0000000Z,0.1514,0.15117,0.16841,sl,0,0,-0.3478731836195508586525759577
QUSDT,0,2026-07-18T07:08:57.0000000Z,0.019913,0.01976955,0.02028505,sl,3,2,0.6300000000000000000000000000
MEMEUSDT,0,2026-07-18T07:09:02.0000000Z,0.0005412,0.0005321,0.0005493,sl,0,0,-2.6421729490022172949002217295
ZESTUSDT,0,2026-07-18T07:09:06.0000000Z,0.22812,0.223629,0.234627,sl,0,0,-3.0730510257759074171488690163
BSBUSDT,0,2026-07-18T07:35:33.0000000Z,0.1344,0.134185,0.1387915,tp,0,0,4.7812276785714285714285714287
UBUSDT,0,2026-07-18T07:48:06.0000000Z,0.08785,0.0865715,0.090982,sl,0,0,-2.3029823562891291974957313603
TOSHIUSDT,0,2026-07-18T08:14:00.0000000Z,0.0001261,0.00011491,0.00013817,sl,11,0,-13.430864393338620142743854084
PHAUSDT,1,2026-07-18T08:14:10.0000000Z,0.0229,0.023115,0.022505,tp,0,0,2.4673362445414847161572052402
POWRUSDT,0,2026-07-18T08:30:07.0000000Z,0.04304,0.042985,0.044495,sl,0,0,-0.3116821561338289962825278810
POWRUSDT,0,2026-07-18T08:30:13.0000000Z,0.04304,0.042921,0.045699,sl,0,0,-0.5347304832713754646840148699
BTWUSDT,1,2026-07-18T08:30:20.0000000Z,0.06673,0.0668225,0.064859,tp,0,0,4.0857545331934662071032519107
BUSDT,1,2026-07-18T09:18:27.0000000Z,0.17244,0.17677,0.14788,tp,0,0,21.243952679192762700069589422
FFUSDT,0,2026-07-18T09:32:14.0000000Z,0.06086,0.060655,0.063245,sl,0,0,-0.6252579691094314820900427210
TRIAUSDT,0,2026-07-18T09:44:40.0000000Z,0.009108,0.00883895,0.0096849,sl,0,0,-4.5509947299077733860342555995
TRIAUSDT,0,2026-07-18T09:44:47.0000000Z,0.009083,0.00881469,0.00967115,sl,0,0,-4.5509699438511505009358141583
LABUSDT,0,2026-07-18T10:22:24.0000000Z,0.1964,0.168597,0.279809,sl,25,1,-0.12
TLMUSDT,1,2026-07-18T10:22:48.0000000Z,0.001348,0.0013629,0.0013164,tp,0,0,3.3963204747774480712166172107
TRIAUSDT,0,2026-07-18T10:22:54.0000000Z,0.009024,0.00856702,0.0096387,sl,6,3,1.3800000000000000000000000000
ZROUSDT,0,2026-07-18T10:48:50.0000000Z,0.8026,0.78552832,0.841975,sl,10,0,-3.3105706454024420632942935460
PTBUSDT,0,2026-07-18T10:49:06.0000000Z,0.0005673,0.00055799,0.00058399,sl,4,2,0.6300000000000000000000000000
VANRYUSDT,0,2026-07-18T11:55:57.0000000Z,0.004887,0.0048553,0.0049741,tp,0,0,2.5534192756292203806015960712
KITEUSDT,0,2026-07-18T12:02:58.0000000Z,0.10962,0.1087935,0.114955,sl,1,3,1.3800000000000000000000000000
UAIUSDT,0,2026-07-18T12:02:59.0000000Z,0.3504,0.34831,0.36592,tp,0,0,6.5238356164383561643835616438
LABUSDT,1,2026-07-18T12:30:27.0000000Z,0.1851,0.19106,0.16722,sl,4,0,-4.9498217179902755267423014585
AKEUSDT,1,2026-07-18T12:35:15.0000000Z,0.001584,0.00159578,0.00152849,sl,0,0,-1.2355303030303030303030303031
MMTUSDT,1,2026-07-18T12:51:06.0000000Z,0.17782,0.178645,0.172585,sl,0,0,-0.8159284669890900911033629513
PHAUSDT,0,2026-07-18T14:41:50.0000000Z,0.02346,0.0230349,0.0237435,sl,0,0,-2.8380306905370843989769820972
RENDERUSDT,0,2026-07-18T16:34:37.0000000Z,1.4671,1.43678,1.50679,sl,78,2,0.6300000000000000000000000000
BASEDUSDT,0,2026-07-18T16:57:31.0000000Z,0.08778,0.08629585,0.0928425,tp,11,3,8.530888585099111414900888585
USUALUSDT,0,2026-07-18T17:09:58.0000000Z,0.008772,0.008704,0.009083,sl,5,1,-0.12
ACEUSDT,0,2026-07-18T17:49:32.0000000Z,0.07533,0.066285,0.08397,sl,11,0,-18.130752688172043010752688172
AWEUSDT,0,2026-07-18T17:50:00.0000000Z,0.06062,0.05967433,0.06359887,sl,0,0,-2.4599950511382382052128010558
BLURUSDT,1,2026-07-18T18:02:15.0000000Z,0.015506,0.016014,0.015091,sl,8,3,1.3800000000000000000000000000
FWDIUSDT,0,2026-07-18T18:14:13.0000000Z,4.267,4.237,4.5777,sl,0,0,-1.1746051089758612608389969534
NEARUSDT,0,2026-07-18T18:57:50.0000000Z,1.9277,1.861645,2.007935,tp,223,3,6.1233210561809410177932250869
EVAAUSDT,0,2026-07-18T19:10:11.0000000Z,0.7968,0.79368,0.80729,tp,0,0,1.8547740963855421686746987952
TLMUSDT,0,2026-07-18T19:36:52.0000000Z,0.0013614,0.00133371,0.00145832,sl,1,3,1.3800000000000000000000000000
ONDOUSDT,0,2026-07-18T19:37:11.0000000Z,0.349,0.347225,0.359275,sl,4,1,-0.12
ARIAUSDT,1,2026-07-18T19:43:49.0000000Z,0.02679,0.026892,0.0247795,sl,0,0,-0.6911086226203807390817469205
NOMUSDT,0,2026-07-18T19:58:14.0000000Z,0.001456,0.001437,0.001496,tp,11,3,4.0008791208791208791208791208
JCTUSDT,0,2026-07-18T20:43:20.0000000Z,0.0039848,0.00376697,0.0043768,sl,9,1,-0.12
BSBUSDT,0,2026-07-18T20:56:50.0000000Z,0.1364,0.13370746,0.14501612,sl,4,3,1.3800000000000000000000000000
CTRUSDT,0,2026-07-18T21:11:19.0000000Z,0.008423,0.00798635,0.00924041,sl,1,3,1.3800000000000000000000000000
BTRUSDT,1,2026-07-18T21:52:19.0000000Z,0.01767,0.0177205,0.0172395,sl,1,0,-0.5486926994906621392190152802
BTRUSDT,0,2026-07-18T22:12:27.0000000Z,0.01749,0.01710907,0.01868994,sl,2,1,-0.12
PUMPBTCUSDT,1,2026-07-18T22:12:46.0000000Z,0.00953,0.0095945,0.0093755,tp,0,0,2.3117943336831059811122770199
TRUTHUSDT,1,2026-07-18T23:05:00.0000000Z,0.012865,0.01311025,0.012626,sl,0,0,-2.9795025262339681305868635834
CTRUSDT,0,2026-07-18T23:35:14.0000000Z,0.008445,0.00818962,0.00918049,sl,9,0,-4.6560568383658969804618117229
ONGUSDT,0,2026-07-18T23:56:26.0000000Z,0.04925,0.0487185,0.0506115,sl,0,0,-1.7387817258883248730964467005
TAIKOUSDT,1,2026-07-19T01:32:07.0000000Z,0.07863,0.0798605,0.077592,tp,24,1,1.8601602441816100724914154903
YFIUSDT,0,2026-07-19T01:41:57.0000000Z,2110.0,2084.68,2140.2,tp,47,1,2.0269194312796208530805687193
BANKUSDT,1,2026-07-19T02:00:42.0000000Z,0.10975,0.1105385,0.1030705,sl,0,0,-1.1976765375854214123006833713
ROBOUSDT,0,2026-07-19T02:11:48.0000000Z,0.01073,0.010658,0.010894,sl,0,0,-1.1265237651444547996272134203
VIRTUALUSDT,0,2026-07-19T03:10:45.0000000Z,0.6086,0.60709,0.62328,sl,11,0,-0.4921656260269470916858363457
CLOUSDT,0,2026-07-19T03:39:31.0000000Z,0.15194,0.15011672,0.15675,sl,1,3,1.3800000000000000000000000000
BIRBUSDT,0,2026-07-19T03:47:14.0000000Z,0.05895,0.05814003,0.06150141,sl,0,0,-2.1809923664122137404580152672
AUSDT,1,2026-07-19T03:47:21.0000000Z,0.06723,0.0676815,0.065932,sl,0,0,-1.1273627844712182061579651941
AGLDUSDT,0,2026-07-19T04:04:22.0000000Z,0.15692,0.153429,0.1657085,sl,13,0,-3.4570507264848330359418812133
VANRYUSDT,1,2026-07-19T04:09:46.0000000Z,0.005296,0.0053172,0.0051685,tp,0,0,3.4912160120845921450151057402
BRUSDT,1,2026-07-19T04:14:37.0000000Z,0.15499,0.156824,0.1517055,sl,1,0,-1.8949532227885670043228595394
ARIAUSDT,0,2026-07-19T04:19:43.0000000Z,0.02692,0.0266835,0.0280435,tp,0,0,6.1402154531946508172362555721
AAPLUSDT,1,2026-07-19T13:12:21.0000000Z,333.76,340.6528,323.968,tp,192,3,4.2807670182166826462128475556
AXTIUSDT,0,2026-07-19T13:12:47.0000000Z,44.8,41.7701,51.271,sl,42,3,1.3800000000000000000000000000
ENSUSDT,0,2026-07-19T13:31:17.0000000Z,4.516,4.4200998,4.92244,sl,13,3,1.3800000000000000000000000000
HOMEUSDT,0,2026-07-19T13:31:52.0000000Z,0.007987,0.007743,0.008247,sl,1,3,1.3800000000000000000000000000
RPLUSDT,0,2026-07-19T13:50:05.0000000Z,1.8656,1.8400632,1.89953,sl,0,0,-2.1732375643224699828473413378
YBUSDT,1,2026-07-19T13:50:21.0000000Z,0.09066,0.0910805,0.087359,tp,0,0,5.3416148246194573130377233620
MORPHOUSDT,0,2026-07-19T13:57:15.0000000Z,1.9779,1.9296035,2.05926,sl,22,2,0.6300000000000000000000000000
SPKUSDT,0,2026-07-19T14:04:10.0000000Z,0.01707,0.01678469,0.01767885,sl,3,0,-2.6271177504393673110720562390
SCRTUSDT,0,2026-07-19T14:04:39.0000000Z,0.04267,0.042485,0.04413,sl,1,2,0.6300000000000000000000000000
BILLUSDT,0,2026-07-19T14:29:07.0000000Z,0.02596,0.02506594,0.028821,sl,11,3,1.3800000000000000000000000000
KAITOUSDT,0,2026-07-19T14:29:18.0000000Z,0.9706,0.955295,0.98731,sl,0,0,-2.4852895116422831238409231404
ONGUSDT,0,2026-07-19T14:29:24.0000000Z,0.04773,0.04755,0.0499625,sl,0,0,-0.6856819610307982401005656820
YBUSDT,0,2026-07-19T14:42:59.0000000Z,0.09084,0.0883855,0.095304,sl,0,0,-4.1730052840158520475561426685
BLUAIUSDT,1,2026-07-19T14:43:07.0000000Z,0.011727,0.01186175,0.01136395,tp,0,0,4.5237707853671015605014070096
XAUUSDT,1,2026-07-19T15:18:25.0000000Z,4017.19,4068.6436,3655.6429,sl,152,0,-2.0412534134556742399537985504
MAGMAUSDT,1,2026-07-19T15:18:41.0000000Z,0.30443,0.309549,0.294653,sl,3,3,1.3800000000000000000000000000
SOLVUSDT,0,2026-07-19T15:18:56.0000000Z,0.002618,0.00258658,0.0028297,sl,2,3,1.3800000000000000000000000000
AVAAIUSDT,1,2026-07-19T15:53:00.0000000Z,0.010532,0.0106593,0.00985945,tp,0,0,9.458665020888720091150778579
DEXEUSDT,1,2026-07-19T16:05:29.0000000Z,34.35,34.406,33.334,tp,0,0,4.3166812227074235807860262008
ESPORTSUSDT,0,2026-07-19T16:34:20.0000000Z,0.023981,0.022875,0.02489,sl,0,0,-7.0379767315791668404153288019
PARTIUSDT,1,2026-07-19T16:48:07.0000000Z,0.02966,0.02983,0.028565,sl,1,3,1.3800000000000000000000000000
ZBTUSDT,0,2026-07-19T17:00:54.0000000Z,0.0977,0.097194,0.101799,sl,0,0,-0.8968679631525076765609007165
HEMIUSDT,0,2026-07-19T17:14:07.0000000Z,0.004507,0.00448565,0.00462605,tp,0,0,3.8421699578433547814510761038
BUSDT,1,2026-07-19T17:27:23.0000000Z,0.2434,0.24741,0.232165,tp,0,0,6.8037880032867707477403451109
INJUSDT,0,2026-07-19T17:37:04.0000000Z,5.101,4.949625,5.15905,tp,11,1,1.5870182317192707312291707508
MYXUSDT,0,2026-07-19T18:11:09.0000000Z,0.07637,0.07566472,0.0815,sl,0,0,-1.5052559905722142202435511326
ORCLUSDT,0,2026-07-19T19:11:05.0000000Z,126.65,124.9182,130.646,sl,69,0,-2.1710856691669956573233320174
BTWUSDT,1,2026-07-19T20:49:51.0000000Z,0.06769,0.067932,0.066238,sl,0,0,-0.6562682818732456788299601123
VANAUSDT,0,2026-07-19T21:10:17.0000000Z,1.1497,1.1267,1.206,sl,2,2,0.6300000000000000000000000000
MUUUSDT,0,2026-07-19T21:10:46.0000000Z,27.92,27.6904976,28.65440768,sl,0,0,-1.3530000000000000000000000000
SOXLUSDT,1,2026-07-19T21:37:13.0000000Z,138.77,139.5235,134.87,tp,0,0,4.0956085609281545002522158968
STBLUSDT,0,2026-07-19T21:54:29.0000000Z,0.02048,0.0197505,0.0219785,sl,29,3,1.380000000000
SKHYUSDT,0,2026-07-19T21:55:11.0000000Z,161.92,158.80304,171.738424,sl,0,0,-3.0074999999999999999999999999
AWEUSDT,0,2026-07-19T22:01:19.0000000Z,0.05848,0.05743438,0.060793,sl,10,1,-0.12
KORUUSDT,0,2026-07-19T22:34:28.0000000Z,19.33,19.0214932,20.4097738,sl,0,0,-2.5140000000000000000000000000
METUSDT,1,2026-07-19T22:34:42.0000000Z,0.14998,0.15177976,0.144165,tp,0,0,5.6957754367248966528870516067
SKLUSDT,0,2026-07-19T22:48:12.0000000Z,0.004088,0.00402349,0.00429443,sl,1,1,-0.12
SKHYNIXUSDT,0,2026-07-19T22:48:27.0000000Z,1258.2,1209.734136,1387.2040135,sl,0,0,-5.8980000000000000000000000015
SAHARAUSDT,0,2026-07-20T00:09:51.0000000Z,0.009021,0.0087958,0.00934905,sl,13,0,-3.8645959428001330229464582642
JUPUSDT,1,2026-07-20T00:10:03.0000000Z,0.1987,0.199805,0.196255,sl,0,0,-0.9541721187720181177654755913
0GUSDT,0,2026-07-20T00:29:33.0000000Z,0.1735,0.1712846,0.187,sl,2,2,0.6300000000000000000000000000
TAGUSDT,1,2026-07-20T00:29:36.0000000Z,0.0011955,0.0012215,0.0011182,sl,1,3,1.3800000000000000000000000000
AZTECUSDT,0,2026-07-20T00:34:45.0000000Z,0.013938,0.0135545,0.014601,sl,4,0,-4.2472061988807576409814894534
SIRENUSDT,1,2026-07-20T00:34:55.0000000Z,0.03046,0.03082552,0.028255,tp,0,0,10.738502954694681549573210768
BULLAUSDT,1,2026-07-20T01:03:40.0000000Z,0.008604,0.0091309,0.0085798,sl,0,0,-9.305843793584379358437935844
KORUUSDT,0,2026-07-20T01:14:27.0000000Z,18.29,18.191,19.0475,tp,0,0,6.0924111536358665937670858391
HOMEUSDT,0,2026-07-20T01:25:38.0000000Z,0.007676,0.0076185,0.007828,sl,0,0,-1.2436321000521104742053152684
MRVLUSDT,0,2026-07-20T01:30:18.0000000Z,192.05,183.10985,199.5065,sl,41,3,1.3800000000000000000000000000
XANUSDT,0,2026-07-20T01:38:49.0000000Z,0.012644,0.01243765,0.012743,sl,0,0,-2.5679990509332489718443530528
TOSHIUSDT,0,2026-07-20T01:56:15.0000000Z,0.0001123,0.00010969,0.00012128,sl,6,1,-0.12
EVAAUSDT,1,2026-07-20T01:56:27.0000000Z,0.813,0.822015,0.795645,tp,0,0,3.0820295202952029520295202952
SKLUSDT,0,2026-07-20T02:05:09.0000000Z,0.004039,0.0039861,0.00421405,sl,9,3,1.3800000000000000000000000000
AERGOUSDT,0,2026-07-20T02:05:33.0000000Z,0.02164,0.0216025,0.022884,sl,3,3,1.3800000000000000000000000000
NEWTUSDT,1,2026-07-20T02:13:14.0000000Z,0.04474,0.0453187,0.0436915,sl,1,2,0.6300000000000000000000000000
CFXUSDT,0,2026-07-20T02:13:27.0000000Z,0.04571,0.0449357,0.0464705,sl,11,0,-2.6609100853204987967621964560
BSVUSDT,0,2026-07-20T02:13:37.0000000Z,13.91,13.6074548,15.1619,sl,0,0,-3.3825291157440690150970524803
MUSDT,0,2026-07-20T02:13:50.0000000Z,1.2258,1.22483,1.256735,sl,0,0,-0.2386979931473323543808125306
BLESSUSDT,1,2026-07-20T02:20:45.0000000Z,0.00932,0.0093854,0.0090772,sl,0,0,-1.1725751072961373390557939914
VELVETUSDT,1,2026-07-20T03:03:32.0000000Z,0.58019,0.58715228,0.545195,tp,0,0,8.927467209017735569382443682
ARXUSDT,1,2026-07-20T03:12:45.0000000Z,0.1533,0.15393,0.14749,tp,0,0,5.5649315068493150684931506851
MANTRAUSDT,0,2026-07-20T03:18:32.0000000Z,0.0063,0.006287,0.0066295,tp,10,3,7.7252380952380952380952380954
ERAUSDT,0,2026-07-20T03:24:36.0000000Z,0.06169,0.061588,0.062868,sl,5,0,-0.3680142648727508510293402496
DOGEUSDT,1,2026-07-20T03:34:37.0000000Z,0.072,0.0736391,0.071505,tp,5,0,0.9112500000000000000000000000
GUSDT,0,2026-07-20T03:42:12.0000000Z,0.003323,0.00322849,0.00365377,sl,1,1,-0.12
ZAMAUSDT,1,2026-07-20T04:04:23.0000000Z,0.03599,0.0366125,0.034964,sl,4,2,0.6300000000000000000000000000
RKLBUSDT,1,2026-07-20T05:18:48.0000000Z,68.32,69.4274,66.223,sl,11,0,-2.5513524590163934426229508196
MUBARAKUSDT,0,2026-07-20T05:33:48.0000000Z,0.011164,0.0111055,0.0114055,sl,0,0,-0.9060085990684342529559297743
PARTIUSDT,0,2026-07-20T05:38:53.0000000Z,0.02873,0.028455,0.02997,sl,2,0,-1.5557814131569787678384963453
PIXELUSDT,0,2026-07-20T05:39:07.0000000Z,0.004745,0.00469205,0.00491181,sl,0,0,-1.7938672286617492096944151739
ZAMAUSDT,1,2026-07-20T05:46:15.0000000Z,0.03734,0.037418,0.0365915,tp,0,0,2.8868291376539903588644884842
SYNUSDT,0,2026-07-20T05:53:27.0000000Z,0.2137,0.204633,0.230485,sl,1,1,-0.12
BILLUSDT,0,2026-07-20T05:53:42.0000000Z,0.02447,0.0244155,0.0255615,sl,0,0,-0.4540825500612995504699632203
ASTSUSDT,1,2026-07-20T06:31:32.0000000Z,58.46,59.3173,55.5575,sl,11,0,-2.3197092028737598357851522409
BUSDT,1,2026-07-20T06:44:50.0000000Z,0.22568,0.22916,0.21731,sl,2,1,-0.12
TRUTHUSDT,0,2026-07-20T06:45:03.0000000Z,0.012699,0.01242954,0.0134091,sl,9,0,-3.3028490432317505315379163713
RONINUSDT,0,2026-07-20T07:31:12.0000000Z,0.05671,0.056511,0.058452,sl,0,0,-0.6463621936166460941632868982
LUMIAUSDT,0,2026-07-20T08:00:50.0000000Z,0.07022,0.06786895,0.084386,sl,2,1,-0.12
STXXUSDT,1,2026-07-20T08:10:56.0000000Z,810.04,813.415,779.051,sl,4,3,1.3800000000000000000000000003
AVAAIUSDT,1,2026-07-20T08:30:32.0000000Z,0.009753,0.01083845,0.0093942,sl,4,0,-16.814094124884650876653337435
TURTLEUSDT,1,2026-07-20T08:30:48.0000000Z,0.03503,0.0355116,0.03386,sl,10,0,-2.1822323722523551241792749072
BANKUSDT,1,2026-07-20T08:43:25.0000000Z,0.27881,0.2826395,0.254602,tp,1,3,12.903923101753882572361106130
USELESSUSDT,1,2026-07-20T09:17:55.0000000Z,0.06165,0.061967,0.059586,tp,0,0,4.9018978102189781021897810219
CAPUSDT,1,2026-07-20T09:41:33.0000000Z,0.02039,0.020546,0.0199195,tp,0,0,3.3412555174104953408533594899
PTBUSDT,1,2026-07-20T10:05:37.0000000Z,0.000584,0.00059533,0.00055795,sl,1,0,-3.0301027397260273972602739726
CHZUSDT,1,2026-07-20T10:15:27.0000000Z,0.01531,0.0153845,0.015107,tp,0,0,1.8688961463096015676028739386
ACTUSDT,0,2026-07-20T10:15:34.0000000Z,0.008569,0.008524,0.00875,sl,0,0,-0.9077231882366670556657719687
MYXUSDT,1,2026-07-20T10:20:44.0000000Z,0.07939,0.079848,0.0781305,sl,0,0,-0.9853482806398790779695175715
AAOIUSDT,0,2026-07-20T10:27:11.0000000Z,107.01,105.714,110.712,sl,0,0,-1.9366526492851135407905803196
NBISUSDT,0,2026-07-20T10:32:06.0000000Z,189.87,187.9561104,195.89875224,sl,0,0,-1.6320000000000000000000000000
IRENUSDT,0,2026-07-20T10:37:29.0000000Z,36.9,36.297792,37.5345,sl,0,0,-2.5680000000000000000000000000
EGLDUSDT,0,2026-07-20T10:44:39.0000000Z,3.176,3.1409488,3.29255,sl,11,0,-1.7754408060453400503778337531
INTWUSDT,0,2026-07-20T10:44:58.0000000Z,23.84,23.4866912,24.749,sl,0,0,-2.3430000000000000000000000000
TRIAUSDT,0,2026-07-20T10:52:11.0000000Z,0.008439,0.0084055,0.008602,sl,0,0,-0.7154496978314966228226093139
SNXXUSDT,0,2026-07-20T11:01:30.0000000Z,14.86,14.4168748,16.156,sl,0,0,-4.5930000000000000000000000000
INTCUSDT,0,2026-07-20T11:50:28.0000000Z,98.6,98.0065,100.734,sl,0,0,-1.0228904665314401622718052739
ZORAUSDT,0,2026-07-20T11:58:50.0000000Z,0.006414,0.00605657,0.0067542,sl,1,1,-0.12
UBUSDT,1,2026-07-20T12:06:01.0000000Z,0.09743,0.0978005,0.095321,tp,0,0,3.1269465257107667043005234527
BOTUSDT,0,2026-07-20T12:16:37.0000000Z,27.09,26.991,28.239,tp,0,0,6.2421262458471760797342192691
HYPEUSDT,0,2026-07-20T12:32:09.0000000Z,59.108,57.57642,63.5783,sl,161,3,1.3800000000000000000000000000
SOLUSDT,1,2026-07-20T12:54:35.0000000Z,75.92,77.4266,74.741,sl,11,0,-3.0966859852476290832455216017
AXTIUSDT,0,2026-07-20T12:54:59.0000000Z,49.62,47.4704616,55.34153384,sl,0,0,-6.6180000000000000000000000000
WOOUSDT,0,2026-07-20T13:09:41.0000000Z,0.012332,0.0122725,0.0128115,sl,2,1,-0.12
TRBUSDT,0,2026-07-20T13:14:37.0000000Z,14.9,14.59179,15.1979,tp,11,2,2.8789932885906040268456375839
ZHIPUUSDT,0,2026-07-20T14:30:22.0000000Z,116.57,115.7205,130.1575,sl,0,0,-1.2131200137256584026765033885
BUSDT,0,2026-07-20T15:15:31.0000000Z,0.25308,0.2388974,0.2977552,sl,4,1,-0.12
ZEREBROUSDT,0,2026-07-20T16:05:46.0000000Z,0.036885,0.03615895,0.04276685,sl,1,2,0.6300000000000000000000000000
STXXUSDT,0,2026-07-20T16:06:04.0000000Z,804.0,789.86568,848.523108,sl,1,1,-0.12
CIENUSDT,1,2026-07-20T17:02:30.0000000Z,391.24,391.7215,377.919,tp,10,3,4.9872231878131070442695020964
METUSDT,1,2026-07-20T17:02:50.0000000Z,0.16066,0.1627514,0.145648,sl,4,1,-0.12
ARCUSDT,0,2026-07-20T17:10:06.0000000Z,0.07121,0.0710355,0.075152,sl,2,2,0.6300000000000000000000000000
ALLOUSDT,0,2026-07-20T17:15:16.0000000Z,0.47069,0.4698865,0.483515,tp,0,0,3.9670849178865070428519832586
PROMUSDT,1,2026-07-20T17:26:55.0000000Z,2.0699,2.13035,2.05425,tp,0,0,1.0141127590704864969322189478
SKRUSDT,1,2026-07-20T17:52:11.0000000Z,0.00819,0.0081991,0.0080453,tp,0,0,2.5301831501831501831501831502
SPACEUSDT,0,2026-07-20T18:43:14.0000000Z,0.005905,0.0058655,0.0060966,sl,10,1,-0.12
MONUSDT,1,2026-07-20T18:50:36.0000000Z,0.023145,0.023256,0.0224,tp,0,0,4.7082566429034348671419313027
KNCUSDT,0,2026-07-20T18:59:27.0000000Z,0.10921,0.108985,0.114905,sl,0,0,-0.4290376339163080304001465067
CETUSUSDT,0,2026-07-20T19:06:14.0000000Z,0.020003,0.01938048,0.02180327,sl,0,0,-4.7881997700344948257761335800
TIAUSDT,1,2026-07-20T19:06:25.0000000Z,0.3632,0.371276,0.357395,tp,11,1,2.2774394273127753303964757710
TUTUSDT,1,2026-07-20T19:06:43.0000000Z,0.014317,0.0143775,0.013645,sl,1,2,0.6300000000000000000000000000
GMTUSDT,0,2026-07-20T19:28:02.0000000Z,0.0071,0.00689535,0.007325,sl,61,3,1.3800000000000000000000000000
NIGHTUSDT,0,2026-07-20T19:28:16.0000000Z,0.01815,0.01766,0.01911,tp,0,0,7.813884297520661157024793388
YBUSDT,0,2026-07-20T20:05:41.0000000Z,0.0813,0.081185,0.08499,sl,0,0,-0.3321771217712177121771217712
TACUSDT,0,2026-07-20T20:15:37.0000000Z,0.003196,0.00315765,0.00331855,sl,4,3,1.3800000000000000000000000000
HAEDALUSDT,1,2026-07-20T20:49:44.0000000Z,0.01645,0.016725,0.015741,sl,0,0,-2.6275987841945288753799392098
XPINUSDT,0,2026-07-20T20:49:48.0000000Z,0.0015133,0.00150725,0.0015409,sl,0,0,-0.7196828123967488270666754775
PIEVERSEUSDT,1,2026-07-20T21:20:36.0000000Z,0.6746,0.68175,0.65075,sl,11,0,-1.7098310109694633857100504002
CRCLUSDT,1,2026-07-20T21:26:16.0000000Z,66.65,66.8025,63.723,sl,0,0,-0.4632108027006751687921980495
COAIUSDT,1,2026-07-20T21:31:19.0000000Z,0.3315,0.332245,0.325915,tp,0,0,2.4071493212669683257918552036
CAPUSDT,0,2026-07-20T21:43:25.0000000Z,0.02048,0.01942815,0.02244907,sl,1,3,1.380000000000
PTBUSDT,0,2026-07-20T21:49:21.0000000Z,0.0006446,0.0006272,0.00069942,sl,1,3,1.3800000000000000000000000000
ERAUSDT,0,2026-07-20T22:14:39.0000000Z,0.07658,0.07468235,0.08204524,sl,0,0,-3.8369952990336902585531470358
SAGAUSDT,1,2026-07-20T22:25:36.0000000Z,0.012962,0.013016,0.0124705,sl,6,3,1.3800000000000000000000000000
MINAUSDT,0,2026-07-20T22:26:00.0000000Z,0.04629,0.04466244,0.046623,tp,11,0,0.9590667530784186649384316267
ALICEUSDT,0,2026-07-20T22:31:02.0000000Z,0.12498,0.124585,0.132845,sl,0,0,-0.5940758521363418146903504561
MONUSDT,0,2026-07-20T23:26:11.0000000Z,0.022905,0.02255043,0.02402189,sl,8,3,1.3800000000000000000000000000
SKHYNIXUSDT,1,2026-07-20T23:36:12.0000000Z,1233.78,1238.701,1211.194,tp,0,0,2.6259514662257452706317171611
MYXUSDT,0,2026-07-20T23:56:54.0000000Z,0.08117,0.07966024,0.08414,sl,2,1,-0.12
LABUSDT,1,2026-07-21T00:05:47.0000000Z,0.1316,0.132045,0.12306,sl,0,0,-0.6272188449848024316109422493
XANUSDT,0,2026-07-21T00:24:00.0000000Z,0.014526,0.01410097,0.01575009,sl,0,0,-4.5089921520033044196612969847
XANUSDT,0,2026-07-21T00:24:06.0000000Z,0.014556,0.01419094,0.01560739,sl,0,0,-3.8819538334707337180544105524
XANUSDT,0,2026-07-21T00:29:04.0000000Z,0.014538,0.01380877,0.01590311,sl,11,3,1.3800000000000000000000000000
EPICUSDT,0,2026-07-21T00:42:44.0000000Z,0.4465,0.444295,0.45464,sl,1,2,0.6300000000000000000000000000
FARTCOINUSDT,0,2026-07-21T01:04:07.0000000Z,0.13319,0.1285119,0.1420505,tp,11,3,9.858789698926345821758390270
TREEUSDT,0,2026-07-21T01:04:15.0000000Z,0.03558,0.03521843,0.039138,tp,10,3,14.880000000000000000000000000
TOWNSUSDT,0,2026-07-21T01:04:39.0000000Z,0.002283,0.0022751,0.00241475,tp,0,0,8.536373193166885676741130092
INTWUSDT,0,2026-07-21T01:15:09.0000000Z,25.34,24.9705428,26.50379018,sl,0,0,-2.3070000000000000000000000000
AVAAIUSDT,0,2026-07-21T01:30:05.0000000Z,0.008657,0.00854105,0.00952405,sl,0,0,-2.1290678063994455354048746679
AIGENSYNUSDT,0,2026-07-21T01:43:34.0000000Z,0.02439,0.02406073,0.02542718,sl,1,3,1.3800000000000000000000000000
AKEUSDT,0,2026-07-21T02:10:37.0000000Z,0.0017542,0.00173315,0.00188148,sl,0,0,-1.9199657963744156880629346712
BLESSUSDT,0,2026-07-21T02:32:04.0000000Z,0.010037,0.01002345,0.01044575,tp,0,0,5.9886480023911527348809405202
SNXXUSDT,0,2026-07-21T02:37:15.0000000Z,15.5,15.128,16.57136,sl,0,0,-3.7200000000000000000000000001
ZHIPUUSDT,0,2026-07-21T03:11:53.0000000Z,135.41,129.8933966,154.7181119,tp,11,3,21.268500000000000000000000001
MINAUSDT,0,2026-07-21T03:50:56.0000000Z,0.04675,0.04591411,0.04938305,sl,3,0,-2.8020000000000000000000000000
SAGAUSDT,0,2026-07-21T04:00:18.0000000Z,0.013215,0.01298189,0.01347465,sl,0,0,-2.7659704880817253121452894439
HEMIUSDT,1,2026-07-21T04:19:43.0000000Z,0.005954,0.0061391,0.0055561,sl,1,1,-0.12
POLYXUSDT,0,2026-07-21T04:44:55.0000000Z,0.0388,0.03735664,0.04264186,sl,3,1,-0.12
HAEDALUSDT,0,2026-07-21T05:08:38.0000000Z,0.01638,0.016211,0.017351,sl,0,0,-1.6676190476190476190476190477
HANAUSDT,0,2026-07-21T05:08:48.0000000Z,0.040525,0.039994,0.042107,sl,0,0,-2.0854534238124614435533621222
VVVUSDT,0,2026-07-21T05:13:50.0000000Z,13.022,12.71389948,13.99251664,sl,0,0,-3.6689999999999999999999999999
UBUSDT,0,2026-07-21T05:18:40.0000000Z,0.10193,0.09849904,0.11181118,sl,6,2,0.6300000000000000000000000000
BMNRUSDT,1,2026-07-21T05:23:52.0000000Z,16.852,17.13162,15.8746,sl,11,0,-2.6089033942558746736292428200
LAUSDT,1,2026-07-21T05:50:36.0000000Z,0.05625,0.0573625,0.054312,sl,0,0,-3.0866666666666666666666666667
ONDOUSDT,1,2026-07-21T05:59:05.0000000Z,0.3887,0.389875,0.377285,tp,0,0,4.2850681759711860046308206843
SAGAUSDT,0,2026-07-21T06:36:33.0000000Z,0.012886,0.0125087,0.0132937,sl,2,1,-0.12
CAPUSDT,0,2026-07-21T06:45:05.0000000Z,0.01968,0.019498,0.020625,sl,1,3,1.3800000000000000000000000000
HEIUSDT,0,2026-07-21T07:01:09.0000000Z,0.09526,0.094955,0.09845,sl,0,0,-0.6002645391559941213520890195
ERAUSDT,1,2026-07-21T07:10:12.0000000Z,0.09241,0.09351892,0.078069,sl,0,0,-1.9200000000000000000000000000
VIRTUALUSDT,1,2026-07-21T07:29:58.0000000Z,0.6101,0.670539,0.560286,sl,11,0,-14.979613178167513522373381413
IOUSDT,0,2026-07-21T07:50:45.0000000Z,0.15381,0.15120753,0.16073711,sl,60,0,-2.6580046811000585137507314219
SOXSUSDT,0,2026-07-21T08:45:10.0000000Z,47.77,47.499,51.044,sl,0,0,-0.9709524806363826669457818715
ACUUSDT,0,2026-07-21T09:49:08.0000000Z,0.0752,0.0739144,0.077144,sl,11,2,0.6300000000000000000000000000
ZMUSDT,0,2026-07-21T09:49:16.0000000Z,90.69,89.60172,92.6295,sl,6,0,-1.9200000000000000000000000000
APPSTOCKUSDT,1,2026-07-21T10:30:50.0000000Z,425.59,432.886,420.6535,tp,10,0,1.6198787565497309617237247117
MMTUSDT,0,2026-07-21T11:07:12.0000000Z,0.18446,0.18146068,0.1861295,sl,0,0,-2.5590003252737720915103545485
CROSSUSDT,0,2026-07-21T11:28:52.0000000Z,0.07637,0.07442715,0.08196542,sl,0,0,-3.9359945004582951420714940421
AERGOUSDT,1,2026-07-21T12:17:13.0000000Z,0.02069,0.0220445,0.0192165,sl,0,0,-9.939961333977767037216046399
VVVUSDT,0,2026-07-21T12:54:38.0000000Z,12.6,12.337668,13.4263458,sl,7,3,1.3800000000000000000000000000
IRYSUSDT,0,2026-07-21T13:30:14.0000000Z,0.01278,0.012757,0.013122,sl,2,2,0.6300000000000000000000000000
FWDIUSDT,0,2026-07-21T13:42:48.0000000Z,4.409,4.29868682,4.75325,sl,0,0,-3.8730000000000000000000000000
SHAZUSDT,1,2026-07-21T14:04:58.0000000Z,69.18,69.6165,66.664,tp,0,0,5.3353339115351257588898525586
TZAUSDT,0,2026-07-21T14:10:06.0000000Z,40.66,39.6758,42.0055,sl,21,0,-3.7508411214953271028037383178
SIRENUSDT,1,2026-07-21T14:43:47.0000000Z,0.02956,0.031193,0.026414,sl,7,3,1.3800000000000000000000000000
TACUSDT,1,2026-07-21T14:59:21.0000000Z,0.00301,0.00305465,0.00293845,tp,0,0,3.4456146179401993355481727575
ORCAUSDT,0,2026-07-21T15:06:49.0000000Z,1.1865,1.17211,1.203015,tp,35,1,1.9678634639696586599241466499
MUUUSDT,1,2026-07-21T15:07:04.0000000Z,35.42,35.679,33.819,tp,1,3,6.6600677583286278938452851497
BTWUSDT,1,2026-07-21T15:07:08.0000000Z,0.0748,0.075117,0.07112,tp,0,0,7.2596791443850267379679144385
WDCUSDT,0,2026-07-21T15:22:33.0000000Z,549.0,537.04278,586.665243,sl,26,3,1.3800000000000000000000000001
NEOUSDT,0,2026-07-21T15:28:05.0000000Z,2.019,1.979055,2.05365,tp,11,0,2.4542942050520059435364041605
HMSTRUSDT,1,2026-07-21T15:28:21.0000000Z,0.0001879,0.00018833,0.00018117,tp,0,0,5.2525385843533794571580627995
LYNUSDT,0,2026-07-21T15:41:44.0000000Z,0.04198,0.04075083,0.04552002,sl,25,1,-0.12
EPICUSDT,1,2026-07-21T15:41:52.0000000Z,0.5376,0.542855,0.49585,sl,0,0,-1.5862388392857142857142857143
CBRSUSDT,1,2026-07-21T15:41:59.0000000Z,204.57,205.221,199.65,tp,0,0,3.4875670919489661240651121866
TERUSDT,0,2026-07-21T16:11:46.0000000Z,376.39,369.9311476,396.73538506,sl,33,1,-0.12
TLMUSDT,0,2026-07-21T16:12:02.0000000Z,0.0019084,0.0018855,0.0019348,sl,0,0,-1.9199371201006078390274575561
MOVEUSDT,1,2026-07-21T16:28:07.0000000Z,0.010835,0.0108415,0.01056,sl,0,0,-0.2099861559760036917397323489
EDGEUSDT,1,2026-07-21T17:03:47.0000000Z,0.4102,0.411635,0.400925,tp,0,0,3.2716382252559726962457337884
OPNUSDT,0,2026-07-21T17:11:39.0000000Z,0.06636,0.066168,0.0687665,sl,1,3,1.3800000000000000000000000000
CHILLGUYUSDT,0,2026-07-21T17:16:36.0000000Z,0.010703,0.01049172,0.01136852,sl,0,0,-3.0810389610389610389610389610
CHILLGUYUSDT,0,2026-07-21T17:16:45.0000000Z,0.01073,0.01051819,0.0113972,sl,0,0,-3.0809972041006523765144454799
AIGENSYNUSDT,0,2026-07-21T18:09:03.0000000Z,0.02618,0.02578573,0.0273155,sl,0,0,-2.3789954163483575248281130634
GOOGLUSDT,0,2026-07-21T18:14:02.0000000Z,348.2,346.5237008,362.573,sl,97,0,-0.8421277426766226306720275703
BLUAIUSDT,0,2026-07-21T18:59:57.0000000Z,0.011818,0.01155824,0.01264923,sl,6,2,0.6300000000000000000000000000
BLUAIUSDT,0,2026-07-21T19:00:04.0000000Z,0.011818,0.01155824,0.01264923,sl,5,2,0.6300000000000000000000000000
BLUAIUSDT,0,2026-07-21T19:00:12.0000000Z,0.011818,0.0113727,0.01274423,sl,5,2,0.6300000000000000000000000000
NBISUSDT,1,2026-07-21T19:09:02.0000000Z,219.32,219.3965,214.8145,tp,0,0,2.9614563195331023162502279774
ATOMUSDT,0,2026-07-21T19:43:13.0000000Z,1.4803,1.428075,1.6213075,sl,184,0,-5.4120016212929811524690941027
BIOUSDT,1,2026-07-21T20:06:12.0000000Z,0.02767,0.0278975,0.026994,tp,0,0,3.5446187206360679436212504517
CRWVUSDT,0,2026-07-21T20:11:34.0000000Z,81.99,80.8241022,85.66257807,sl,0,0,-2.2529999999999999999999999999
TRIAUSDT,0,2026-07-21T21:01:30.0000000Z,0.008396,0.00826301,0.00886147,sl,0,0,-2.4959528346831824678418294426
ICNTUSDT,0,2026-07-21T21:02:16.0000000Z,0.1863,0.18491,0.18938,sl,0,0,-1.2391626409017713365539452496
MIRAUSDT,0,2026-07-21T21:32:50.0000000Z,0.04683,0.045038,0.046917,sl,0,0,-5.8599103139013452914798206278
DELLUSDT,0,2026-07-21T21:50:16.0000000Z,427.49,421.5649886,446.15378591,sl,12,0,-2.1990000000000000000000000003
AAOIUSDT,0,2026-07-21T21:50:23.0000000Z,125.15,123.526,127.168,sl,0,0,-2.0664642429085097882540950858
ZORAUSDT,0,2026-07-21T22:54:55.0000000Z,0.006609,0.00627845,0.0067008,tp,11,0,1.9635224693599636858828869723
HOLOUSDT,0,2026-07-21T23:17:32.0000000Z,0.06543,0.06506,0.067828,sl,0,0,-0.9682347546996790463090325539
KOMAUSDT,1,2026-07-21T23:39:14.0000000Z,0.007188,0.00822065,0.00409005,sl,42,0,-21.669457429048414023372287146
MUUSDT,0,2026-07-21T23:39:36.0000000Z,973.09,960.0700558,1014.10282423,sl,4,3,1.3800000000000000000000000004
MVLLUSDT,0,2026-07-21T23:39:52.0000000Z,26.94,26.0574456,29.28913917,sl,2,3,1.3800000000000000000000000000
MRVLUSDT,0,2026-07-21T23:49:53.0000000Z,210.47,206.7825656,220.28502851,sl,2,3,1.3800000000000000000000000000
MUUUSDT,0,2026-07-22T00:14:00.0000000Z,34.84,33.9766648,37.55950588,sl,10,3,1.3800000000000000000000000000
ACEUSDT,0,2026-07-22T00:14:28.0000000Z,0.08762,0.0874105,0.0907105,tp,0,0,5.1707441223464962337365898198
NBISUSDT,0,2026-07-22T00:18:17.0000000Z,217.88,212.7031712,231.65942406,sl,1,2,0.6300000000000000000000000000
BANKUSDT,0,2026-07-22T00:27:36.0000000Z,0.1714,0.168417,0.186383,tp,0,0,12.992310385064177362893815635
VVVUSDT,0,2026-07-22T00:52:27.0000000Z,12.655,12.3527986,12.89485,sl,41,1,-0.12
XANUSDT,0,2026-07-22T00:52:43.0000000Z,0.010418,0.010359,0.01085235,tp,0,0,6.1338395085429065079669802264
TRUTHUSDT,0,2026-07-22T01:03:20.0000000Z,0.013134,0.01308775,0.01371705,sl,0,0,-0.6482092279579716765646413888
AIOTUSDT,1,2026-07-22T01:03:32.0000000Z,0.05062,0.0515504,0.0456205,sl,1,1,-0.12
FWDIUSDT,0,2026-07-22T01:13:42.0000000Z,4.238,4.21275,4.392,tp,0,0,5.3306842850401132609721566777
TRIAUSDT,0,2026-07-22T01:56:34.0000000Z,0.008278,0.00812386,0.00881748,tp,11,3,9.655549649673834259482966900
ASTSUSDT,0,2026-07-22T01:56:50.0000000Z,64.48,63.1723456,67.9606491,sl,16,0,-3.1620000000000000000000000000
BILLUSDT,0,2026-07-22T02:04:52.0000000Z,0.02435,0.0233145,0.0261815,tp,10,3,11.162340862422997946611909651
REUSDT,1,2026-07-22T02:13:29.0000000Z,0.43,0.43516,0.415195,tp,0,0,5.0445348837209302325581395349
ZHIPUUSDT,0,2026-07-22T02:20:59.0000000Z,148.86,147.3045,156.4885,sl,0,0,-1.6874123337363966142684401452
ZESTUSDT,0,2026-07-22T02:21:14.0000000Z,0.223,0.221241,0.2447165,sl,0,0,-1.3031838565022421524663677130
1000XECUSDT,1,2026-07-22T02:45:19.0000000Z,0.008179,0.0081927,0.0078939,tp,0,0,5.1086343073725394302481966009
EPICUSDT,1,2026-07-22T02:57:10.0000000Z,0.5557,0.55748,0.541295,tp,0,0,3.7683390318517185531761741947
AVAAIUSDT,1,2026-07-22T03:10:59.0000000Z,0.008313,0.0085286,0.0080425,sl,0,0,-4.0102923132443161313605196680
RIFUSDT,0,2026-07-22T03:22:26.0000000Z,0.05291,0.051483,0.058689,tp,0,0,16.263481383481383481383481383
HANAUSDT,0,2026-07-22T03:29:21.0000000Z,0.036645,0.036307,0.044345,sl,0,0,-1.5035448219402374130167826443
NEARUSDT,0,2026-07-22T04:11:33.0000000Z,1.9313,1.886472,2.0703536,sl,11,0,-3.6016962667633200434940195723
GWEIUSDT,0,2026-07-22T04:12:10.0000000Z,0.02525,0.024831,0.0258365,sl,4,2,0.6300000000000000000000000000
NAORISUSDT,0,2026-07-22T04:34:42.0000000Z,0.03401,0.03360188,0.0375585,sl,5,3,1.3800000000000000000000000000
ANTHROPICUSDT,1,2026-07-22T04:43:30.0000000Z,1541.21,1544.105,1515.046,tp,0,0,2.4264407835402054230117894381
ARXUSDT,0,2026-07-22T05:22:33.0000000Z,0.1616,0.15809328,0.162815,sl,0,0,-3.3749999999999999999999999999
ARXUSDT,0,2026-07-22T05:22:38.0000000Z,0.1616,0.15809328,0.162815,sl,0,0,-3.3749999999999999999999999999
ARXUSDT,0,2026-07-22T05:22:42.0000000Z,0.1616,0.15558848,0.162815,sl,0,0,-5.6999999999999999999999999999
ARXUSDT,0,2026-07-22T05:22:47.0000000Z,0.1616,0.15859424,0.162815,sl,0,0,-2.9099999999999999999999999999
BTWUSDT,1,2026-07-22T05:47:01.0000000Z,0.06925,0.0696525,0.0675715,tp,0,0,3.5157400722021660649819494585
OPNUSDT,0,2026-07-22T05:58:19.0000000Z,0.0693,0.06799508,0.07101,sl,3,2,0.6300000000000000000000000000
OPNUSDT,0,2026-07-22T05:58:23.0000000Z,0.06929,0.06798527,0.0710045,sl,3,3,1.3800000000000000000000000000
MITOUSDT,0,2026-07-22T05:58:34.0000000Z,0.023,0.0228465,0.0233955,tp,0,0,2.4593478260869565217391304348
BRUSDT,0,2026-07-22T06:21:46.0000000Z,0.16492,0.16200092,0.167737,sl,0,0,-2.7749963618724229929662866846
ONEUSDT,1,2026-07-22T06:26:39.0000000Z,0.001323,0.00133005,0.001241,tp,2,3,9.177052154195011337868480725
TRIAUSDT,0,2026-07-22T06:26:46.0000000Z,0.00858,0.00838746,0.00898815,tp,11,3,7.0154895104895104895104895107
UAIUSDT,1,2026-07-22T06:31:38.0000000Z,0.35023,0.35122,0.339275,sl,1,0,-0.5440070810610170459412386146
CLOUSDT,0,2026-07-22T07:01:18.0000000Z,0.10848,0.1077995,0.112412,tp,0,0,5.3169469026548672566371681416
VANRYUSDT,0,2026-07-22T07:12:40.0000000Z,0.004644,0.00463165,0.00473695,tp,0,0,2.8822609819121447028423772610
UBUSDT,1,2026-07-22T07:12:47.0000000Z,0.11554,0.116749,0.1119275,tp,0,0,4.5699342219144884888350354854
UNIUSDT,1,2026-07-22T07:34:01.0000000Z,3.709,3.77437,3.57355,sl,10,0,-2.7637045025613372876786195740
KORUUSDT,0,2026-07-22T08:11:43.0000000Z,20.14,20.071,21.508,sl,0,0,-0.6339026812313803376365441907
SMCIUSDT,1,2026-07-22T08:26:25.0000000Z,29.55,29.692,27.0845,sl,2,0,-0.8408121827411167512690355330
SHAZUSDT,0,2026-07-22T08:31:20.0000000Z,71.23,68.917,73.655,sl,0,0,-4.9908409378071037484206092939
AKEUSDT,0,2026-07-22T08:36:24.0000000Z,0.0016048,0.00158554,0.00174711,tp,0,0,13.181657527417746759720837488
GEVUSDT,0,2026-07-22T08:54:05.0000000Z,1021.18,1015.859,1076.063,tp,1,3,7.941703127754166748271607354
BNCUSDT,0,2026-07-22T09:24:36.0000000Z,3.028,3.0158,3.23515,sl,0,0,-0.7243593130779392338177014531
BLESSUSDT,0,2026-07-22T09:29:29.0000000Z,0.010604,0.01032045,0.01149719,sl,0,0,-4.1309864202187853640135797814
BLESSUSDT,0,2026-07-22T09:29:34.0000000Z,0.010608,0.01032434,0.01150152,sl,0,0,-4.1310294117647058823529411765
ZBTUSDT,1,2026-07-22T10:10:39.0000000Z,0.10158,0.1022405,0.095216,sl,0,0,-1.0953396337861783815711754282
ONDSUSDT,0,2026-07-22T10:21:32.0000000Z,7.73,7.6664594,7.7975,tp,2,0,1.1898318240620957309184993532
IBMUSDT,0,2026-07-22T10:29:59.0000000Z,212.67,210.8100668,214.5735,sl,9,0,-1.4318445478910988855974044293
URNMUSDT,1,2026-07-22T10:36:07.0000000Z,50.64,51.1868,49.0155,tp,0,0,4.6919075829383886255924170616
MUUUSDT,0,2026-07-22T10:45:48.0000000Z,32.9,32.511,34.7225,sl,1,2,0.6300000000000000000000000000
1000RATSUSDT,0,2026-07-22T10:54:30.0000000Z,0.02544,0.0254165,0.0260555,tp,0,0,3.5091273584905660377358490566
HOMEUSDT,1,2026-07-22T11:21:37.0000000Z,0.006567,0.0066458,0.0063275,sl,10,3,1.3800000000000000000000000000
NBISUSDT,1,2026-07-22T11:28:57.0000000Z,223.05,223.441,215.9845,tp,0,0,4.6315131136516476126429051784
BMNRUSDT,0,2026-07-22T11:43:32.0000000Z,17.821,17.7755,18.269,sl,0,0,-0.5029751416867740306380113349
PLAYUSDT,1,2026-07-22T11:50:24.0000000Z,0.03602,0.036759,0.0357045,tp,1,0,1.1938534147695724597445863409
IRENUSDT,1,2026-07-22T12:06:49.0000000Z,42.57,42.676,41.406,tp,0,0,3.9814799154334038054968287526
ETCUSDT,0,2026-07-22T14:44:31.0000000Z,6.884,6.65181,7.510913,sl,17,3,1.3800000000000000000000000000
INXUSDT,0,2026-07-22T14:45:10.0000000Z,0.007495,0.00738168,0.00785197,sl,4,0,-2.3879119412941961307538358906
VETUSDT,0,2026-07-22T15:14:41.0000000Z,0.004852,0.00476893,0.00528868,sl,13,2,0.6300000000000000000000000000
B2USDT,0,2026-07-22T15:27:28.0000000Z,0.4354,0.427305,0.472365,tp,0,0,12.614841525034451079467156638
AXTIUSDT,0,2026-07-22T15:27:41.0000000Z,53.31,53.0725,54.7055,tp,0,0,3.8065616207090602138435565561
ETHFIUSDT,1,2026-07-22T16:08:32.0000000Z,0.4773,0.486214,0.45723,tp,11,3,6.1873538654934003771213073539
STXXUSDT,1,2026-07-22T16:51:10.0000000Z,903.96,911.5545,880.764,sl,0,0,-1.3802050975706889685384309042
AIOUSDT,0,2026-07-22T17:04:55.0000000Z,0.10918,0.1085375,0.1162435,tp,10,3,9.584387250412163399890089760
GOOGLUSDT,1,2026-07-22T18:10:57.0000000Z,342.64,343.741,332.212,sl,0,0,-0.6019927620826523464861078683
SOXSUSDT,0,2026-07-22T18:11:03.0000000Z,44.45,43.951,46.7925,sl,0,0,-1.8039145106861642294713160855
BASUSDT,0,2026-07-22T18:25:42.0000000Z,0.031252,0.03122325,0.0318339,sl,0,0,-0.2579911685652118264431076411
SAPIENUSDT,1,2026-07-22T18:39:08.0000000Z,0.08522,0.0853535,0.082653,tp,0,0,4.3983055620746303684581084252
MUBARAKUSDT,0,2026-07-22T19:02:59.0000000Z,0.01091,0.01054998,0.0113348,sl,56,0,-5.0698625114573785517873510540
SPACEUSDT,0,2026-07-22T19:39:21.0000000Z,0.006239,0.00616357,0.00632585,tp,10,1,1.9680750120211572367366565155
LISTAUSDT,0,2026-07-22T20:51:43.0000000Z,0.05013,0.0493785,0.0561555,sl,3,1,-0.12
CRWVUSDT,1,2026-07-22T20:51:58.0000000Z,84.81,85.0595,83.191,sl,0,0,-0.5612805093738945879023700035
SOXLUSDT,1,2026-07-22T20:52:03.0000000Z,162.26,163.0435,153.5965,sl,0,0,-0.8443005053617650684087267349
EDGEUSDT,0,2026-07-22T21:10:13.0000000Z,0.3969,0.395595,0.40279,sl,1,1,-0.12
BASEDUSDT,0,2026-07-22T21:48:01.0000000Z,0.08468,0.0807144,0.09062,sl,61,0,-7.1445630609352857817666509209
ZKCUSDT,0,2026-07-22T22:00:13.0000000Z,0.04377,0.0432845,0.044385,sl,0,0,-1.7838108293351610692254969157
EVAAUSDT,0,2026-07-22T22:26:24.0000000Z,0.8239,0.81875,0.88101,tp,11,3,10.277499696565117125864789416
WLFIUSDT,0,2026-07-22T22:26:43.0000000Z,0.05262,0.052561,0.054394,tp,0,0,4.9370125427594070695553021664
NOKUSDT,0,2026-07-22T22:52:10.0000000Z,10.978,10.719744,11.0419,sl,0,0,-3.6487301876480233193660047367
OUSDT,1,2026-07-22T23:16:26.0000000Z,0.5943,0.68175,0.2445,sl,11,0,-22.192185764765270065623422514
WDCUSDT,1,2026-07-22T23:43:00.0000000Z,557.05,558.5795,527.3965,sl,0,0,-0.5318571043891930706399784580
FLNCUSDT,0,2026-07-23T00:13:33.0000000Z,14.75,14.664,15.4435,sl,7,1,-0.12
AVAXUSDT,0,2026-07-23T00:32:50.0000000Z,6.535,6.43599,7.00552,sl,6,2,0.6300000000000000000000000000
DEXEUSDT,1,2026-07-23T00:33:26.0000000Z,3.663,3.71485,3.3932,sl,0,0,-2.2432596232596232596232596233
KORUUSDT,1,2026-07-23T00:33:30.0000000Z,21.69,21.8895,20.6015,sl,0,0,-1.4996680497925311203319502075
BANKUSDT,0,2026-07-23T00:50:10.0000000Z,0.24321,0.240825,0.257606,sl,0,0,-1.5909510299740964598495127667
OPGUSDT,0,2026-07-23T01:05:50.0000000Z,0.1089,0.10729714,0.110385,sl,0,0,-2.3277961432506887052341597795
RIFUSDT,0,2026-07-23T01:21:21.0000000Z,0.07702,0.0767225,0.084021,sl,0,0,-0.6993949623474422227992729161
BROCCOLIF3BUSDT,1,2026-07-23T01:51:57.0000000Z,0.005289,0.00597845,0.0047625,sl,0,0,-19.673318207600680657969370392
ZHIPUUSDT,0,2026-07-23T02:05:58.0000000Z,145.83,144.7065,151.5155,sl,1,3,1.3800000000000000000000000000
B2USDT,0,2026-07-23T02:06:06.0000000Z,0.4691,0.467105,0.502035,sl,0,0,-0.7579236836495416755489234705
EPICUSDT,1,2026-07-23T02:21:50.0000000Z,0.598,0.60069,0.565575,sl,1,1,-0.12
TOWNSUSDT,0,2026-07-23T02:35:40.0000000Z,0.002045,0.0019008,0.00232445,sl,1,1,-0.12
LAUSDT,1,2026-07-23T02:36:05.0000000Z,0.05605,0.0566695,0.055057,tp,0,0,2.5374487065120428189116859946
SAFEUSDT,0,2026-07-23T02:49:15.0000000Z,0.08534,0.07935125,0.101504,sl,1,2,0.6300000000000000000000000000
BULLAUSDT,1,2026-07-23T03:04:06.0000000Z,0.011811,0.01196905,0.0116617,tp,0,0,1.7761137922275844551689103378
ACEUSDT,0,2026-07-23T03:17:46.0000000Z,0.08501,0.084829,0.0882075,sl,0,0,-0.4393741912716151041053993648
BUSDT,0,2026-07-23T03:31:18.0000000Z,0.211,0.20876,0.22347,sl,0,0,-1.7124170616113744075829383886
PROMUSDT,1,2026-07-23T03:31:29.0000000Z,1.579,1.5899,1.4948,tp,0,0,7.878733375554148195060164661
DODOXUSDT,0,2026-07-23T03:45:18.0000000Z,0.019561,0.0193654,0.02059035,tp,0,0,7.7733847962783088799141148204
SYNUSDT,1,2026-07-23T03:45:23.0000000Z,0.1444,0.144755,0.12957,sl,0,0,-0.4887673130193905817174515236
AIOUSDT,1,2026-07-23T03:58:19.0000000Z,0.12208,0.1223495,0.119572,tp,0,0,2.9615858453473132372214941022
BRETTUSDT,0,2026-07-23T04:12:36.0000000Z,0.004437,0.00440145,0.0046262,sl,0,0,-1.3218255578093306288032454361
ESPORTSUSDT,1,2026-07-23T04:28:24.0000000Z,0.029785,0.0298145,0.0290465,sl,0,0,-0.2685647137821050864529125399
PHAROSUSDT,1,2026-07-23T04:41:56.0000000Z,0.409,0.41394,0.385545,sl,0,0,-1.9317359413202933985330073349
ZAMAUSDT,1,2026-07-23T04:42:01.0000000Z,0.04974,0.0499685,0.045898,sl,0,0,-0.8090832328106151990349819059
BSBUSDT,0,2026-07-23T04:42:08.0000000Z,0.1397,0.1391685,0.1462775,sl,0,0,-0.6906871868289191123836793128
NEWTUSDT,1,2026-07-23T04:42:13.0000000Z,0.04594,0.046016,0.045142,tp,1,2,2.4855724858511101436656508489
ZKPUSDT,0,2026-07-23T05:09:25.0000000Z,0.04806,0.0478895,0.049725,sl,0,0,-0.6521473158551810237203495630
CLOUSDT,1,2026-07-23T05:23:37.0000000Z,0.1191,0.119585,0.110636,sl,0,0,-0.7308312342569269521410579345
LISTAUSDT,0,2026-07-23T05:50:02.0000000Z,0.05152,0.050975,0.0568375,sl,2,3,1.3800000000000000000000000000
KITEUSDT,0,2026-07-23T05:50:20.0000000Z,0.11571,0.11432148,0.1216195,tp,0,0,7.5407466943220119263676432462
MITOUSDT,1,2026-07-23T06:04:46.0000000Z,0.0242,0.0243135,0.02367,sl,0,0,-0.8235123966942148760330578512
ERAUSDT,1,2026-07-23T06:04:53.0000000Z,0.10427,0.1050665,0.0945825,sl,0,0,-1.2658233432435024455739906014
STABLEUSDT,1,2026-07-23T06:34:11.0000000Z,0.04002,0.040169,0.0388985,sl,3,3,1.3800000000000000000000000000
HAEDALUSDT,0,2026-07-23T06:59:54.0000000Z,0.01609,0.0158715,0.0172465,sl,1,1,-0.12
MAGMAUSDT,1,2026-07-23T07:14:12.0000000Z,0.30633,0.309155,0.299928,sl,1,0,-1.5033121143864459896190382920
CAPUSDT,0,2026-07-23T07:41:58.0000000Z,0.02277,0.02165245,0.02574464,sl,5,3,1.3800000000000000000000000000
CAPUSDT,0,2026-07-23T07:42:04.0000000Z,0.02277,0.02221122,0.02453014,sl,5,3,1.3800000000000000000000000000
OPNUSDT,0,2026-07-23T07:55:46.0000000Z,0.07123,0.070465,0.0730105,tp,0,0,3.6294735364312789554962796575
AIOUSDT,0,2026-07-23T08:08:50.0000000Z,0.11981,0.11786908,0.1259239,sl,2,3,1.3800000000000000000000000000
IRENUSDT,0,2026-07-23T08:08:59.0000000Z,42.74,42.3989348,43.81435538,sl,0,0,-1.3170000000000000000000000000
ORDIUSDT,0,2026-07-23T08:24:28.0000000Z,3.588,3.48876,3.6474,tp,11,2,2.3632775919732441471571906354
AEROUSDT,0,2026-07-23T08:24:41.0000000Z,0.4382,0.4158,0.4499,sl,11,0,-7.7877316293929712460063897764
SHAZUSDT,0,2026-07-23T08:24:54.0000000Z,71.9,71.6475,74.961,sl,5,3,1.3800000000000000000000000000
TRUTHUSDT,1,2026-07-23T08:25:05.0000000Z,0.012238,0.0124618,0.0120423,sl,0,0,-2.8630952770060467396633436835
DEEPUSDT,1,2026-07-23T08:51:16.0000000Z,0.0186,0.0189072,0.017799,tp,24,3,6.3396774193548387096774193546
TRIAUSDT,0,2026-07-23T08:51:49.0000000Z,0.008992,0.0089213,0.0092462,sl,0,0,-1.2993816725978647686832740214
ALICEUSDT,0,2026-07-23T09:05:32.0000000Z,0.1268,0.12637,0.12984,sl,8,1,-0.12
AKEUSDT,1,2026-07-23T09:05:36.0000000Z,0.0019876,0.00200291,0.00192211,tp,0,0,4.8223928355805997182531696519
FLOCKUSDT,0,2026-07-23T09:42:42.0000000Z,0.03238,0.03185854,0.0327715,sl,10,0,-2.5356578134651019147621988882
SPACEUSDT,1,2026-07-23T09:43:11.0000000Z,0.006474,0.00656601,0.00616485,sl,11,0,-2.2518350324374420759962928638
XAUUSDT,1,2026-07-23T10:09:24.0000000Z,4120.23,4186.1672,4061.289,tp,11,1,2.0257904049045805695313125730
MINIMAXUSDT,0,2026-07-23T10:09:46.0000000Z,25.53,25.4325,26.5295,sl,0,0,-0.6928554641598119858989424207
COLLECTUSDT,0,2026-07-23T10:37:23.0000000Z,0.05262,0.04902711,0.06218338,sl,1,3,1.3800000000000000000000000000
PLTRUSDT,0,2026-07-23T10:37:29.0000000Z,126.62,125.1167204,131.138,sl,11,0,-1.9008556310219554572737324278
SMCIUSDT,1,2026-07-23T10:37:41.0000000Z,30.86,31.041,27.7885,sl,0,0,-0.9997796500324044069993519119
LIGHTUSDT,0,2026-07-23T10:50:40.0000000Z,0.1322,0.131425,0.13605,tp,0,0,4.2483812405446293494704992436
VRTUSDT,1,2026-07-23T11:05:10.0000000Z,310.59,311.3224,301.2723,tp,0,0,4.3799999999999999999999999996
CAPUSDT,0,2026-07-23T11:20:00.0000000Z,0.02275,0.02209867,0.0248017,sl,1,3,1.3800000000000000000000000000
CAPUSDT,0,2026-07-23T11:20:08.0000000Z,0.02276,0.02210838,0.0248126,sl,1,3,1.3800000000000000000000000000
JELLYJELLYUSDT,0,2026-07-23T12:02:52.0000000Z,0.0552,0.0534315,0.059302,sl,10,2,0.6300000000000000000000000000
LABUSDT,1,2026-07-23T12:03:05.0000000Z,0.1621,0.16342,0.154355,sl,3,3,1.3800000000000000000000000001
IDOLUSDT,0,2026-07-23T12:18:13.0000000Z,0.01451,0.014471,0.0161915,sl,4,3,1.3799999999999999999999999999
BRUSDT,0,2026-07-23T12:51:37.0000000Z,0.13795,0.1291155,0.145476,sl,1,0,-9.726197897789054005074302283
NOWUSDT,0,2026-07-23T12:51:48.0000000Z,94.56,94.3745,97.774,tp,0,0,4.9783502538071065989847715736
ETHBTCUSDT,0,2026-07-23T13:19:10.0000000Z,0.028985,0.02847142,0.03107192,sl,46,2,0.6300000000000000000000000000
INTWUSDT,0,2026-07-23T13:47:37.0000000Z,25.56,25.4325,27.218,sl,2,3,1.3800000000000000000000000000
UAIUSDT,1,2026-07-23T14:47:23.0000000Z,0.3528,0.355785,0.33857,sl,0,0,-1.3891326530612244897959183674
KASUSDT,1,2026-07-23T15:02:16.0000000Z,0.02817,0.0287547,0.0279225,tp,10,0,1.1978913738019169329073482428
EVAAUSDT,1,2026-07-23T15:02:22.0000000Z,0.8895,0.908,0.85441,sl,0,0,-3.2397301854974704890387858347
GEVUSDT,0,2026-07-23T15:02:31.0000000Z,1019.49,967.4783,1078.2195,sl,11,2,0.6300000000000000000000000000
BNCUSDT,0,2026-07-23T15:16:22.0000000Z,2.9,2.8989,3.17465,sl,0,0,-0.1768965517241379310344827586
ZESTUSDT,1,2026-07-23T15:29:40.0000000Z,0.24804,0.2487255,0.2410215,sl,0,0,-0.5345500725689404934687953556
NOMUSDT,0,2026-07-23T15:43:52.0000000Z,0.001603,0.0015994,0.0016499,tp,0,0,4.2686462882096069868995633188
ASMLUSDT,1,2026-07-23T17:24:45.0000000Z,1795.14,1830.8977,1766.0565,sl,11,0,-3.1078755974464387178715866175
AIGENSYNUSDT,0,2026-07-23T18:21:30.0000000Z,0.02387,0.0237582,0.02504,sl,11,0,-0.8225555090071219103477167993
SOXSUSDT,0,2026-07-23T18:21:39.0000000Z,44.85,44.734,45.851,tp,0,0,3.2278260869565217391304347826
LITEUSDT,0,2026-07-23T18:47:41.0000000Z,833.04,827.147,861.4705,sl,22,0,-1.1811135119562085854220685684
BMNRUSDT,0,2026-07-23T18:47:52.0000000Z,16.81,16.6475,18.17,sl,0,0,-1.5700297441998810232004759072
HEIUSDT,0,2026-07-23T19:13:22.0000000Z,0.09488,0.0917037,0.1029935,tp,10,3,12.706991989881956155143338954
VELVETUSDT,1,2026-07-23T19:40:17.0000000Z,0.4653,0.46726,0.45492,sl,0,0,-0.7518504190844616376531270148
TAGUSDT,1,2026-07-23T20:46:53.0000000Z,0.001213,0.00128674,0.0008772,sl,320,3,1.3800000000000000000000000000
FWDIUSDT,0,2026-07-23T23:22:56.0000000Z,4.221,3.963085,4.7061,sl,7,2,0.6300000000000000000000000000
ARMUSDT,1,2026-07-23T23:23:04.0000000Z,295.16,297.846,287.259,tp,10,3,3.8952798482179157067353299902
TSLAUSDT,0,2026-07-23T23:23:15.0000000Z,323.98,322.872,339.5665,sl,11,0,-0.6329946292981048212852645225
JCTUSDT,1,2026-07-23T23:37:26.0000000Z,0.004355,0.00435865,0.00423035,sl,2,3,1.3800000000000000000000000000
BASUSDT,0,2026-07-23T23:51:46.0000000Z,0.027874,0.02723645,0.02943995,tp,10,3,8.306939083016431082729425271
BTWUSDT,0,2026-07-24T00:10:26.0000000Z,0.06636,0.0646551,0.071832,sl,18,2,0.6300000000000000000000000000
MAVUSDT,1,2026-07-24T00:10:32.0000000Z,0.009,0.009066,0.008822,tp,1,1,2.8466666666666666666666666667
HOLOUSDT,0,2026-07-24T00:31:58.0000000Z,0.06444,0.06221295,0.07036784,tp,126,3,13.678510242085661080074487896
ENAUSDT,0,2026-07-24T00:32:38.0000000Z,0.08872,0.08727145,0.0906415,tp,10,0,3.1287037871956717763751127142
STABLEUSDT,0,2026-07-24T00:32:44.0000000Z,0.03831,0.038164,0.039812,sl,0,0,-0.6916523101018010963194988254
NIGHTUSDT,1,2026-07-24T01:08:21.0000000Z,0.02342,0.0239765,0.0196505,tp,162,3,24.022826643894107600341588386
1000RATSUSDT,0,2026-07-24T01:08:48.0000000Z,0.02587,0.0248153,0.026851,sl,109,1,-0.12
ZAMAUSDT,0,2026-07-24T01:09:07.0000000Z,0.05092,0.0502175,0.052915,tp,0,0,5.7568656716417910447761194030
PROMUSDT,1,2026-07-24T01:09:11.0000000Z,1.916,1.93515,1.749,sl,1,3,1.3800000000000000000000000000
REUSDT,1,2026-07-24T01:26:37.0000000Z,0.637,0.64175,0.60802,tp,0,0,6.7041758241758241758241758241
METUSDT,1,2026-07-24T01:43:44.0000000Z,0.1627,0.176952,0.131682,sl,73,3,1.3800000000000000000000000001
AKEUSDT,1,2026-07-24T01:44:23.0000000Z,0.0022261,0.00226444,0.00207052,sl,0,0,-2.7034418938951529580881362023
ZHIPUUSDT,1,2026-07-24T02:00:12.0000000Z,158.41,158.663,151.7455,sl,0,0,-0.3595682090777097405466826589
BANKUSDT,0,2026-07-24T02:16:56.0000000Z,0.25933,0.2562565,0.2778275,sl,0,0,-1.8977542127790845640689469016
DEXEUSDT,0,2026-07-24T02:53:02.0000000Z,2.019,1.95915,2.09895,sl,0,0,-4.5665081723625557206537890044
ARIAUSDT,0,2026-07-24T03:09:45.0000000Z,0.02674,0.02617524,0.029414,sl,31,3,1.3800000000000000000000000000
HUSDT,0,2026-07-24T03:43:09.0000000Z,0.06111,0.0605965,0.0630905,sl,0,0,-1.3804320078546882670594010800
HEIUSDT,1,2026-07-24T03:43:15.0000000Z,0.10601,0.1066585,0.103388,sl,2,3,1.3800000000000000000000000000
LAUSDT,0,2026-07-24T04:15:53.0000000Z,0.06846,0.06272579,0.08372303,sl,12,1,-0.12
LAUSDT,0,2026-07-24T04:16:00.0000000Z,0.06846,0.0655929,0.07749138,sl,12,1,-0.12
AVAAIUSDT,1,2026-07-24T05:23:20.0000000Z,0.008078,0.0083054,0.0077466,sl,7,1,-0.12
CTRUSDT,0,2026-07-24T05:39:51.0000000Z,0.007686,0.00753159,0.0080793,tp,11,3,7.5556440281030444964871194380
BTWUSDT,0,2026-07-24T05:39:57.0000000Z,0.06645,0.0646551,0.0718815,tp,9,3,12.140722347629796839729119639
EVAAUSDT,1,2026-07-24T05:55:57.0000000Z,0.8426,0.884325,0.80297,sl,0,0,-7.5479017327320199382862568240
BNBUSDT,0,2026-07-24T10:52:26.0000000Z,570.3,562.815,574.755,sl,8,0,-2.0887006838506049447659126773
QNTXUSDT,0,2026-07-24T10:52:30.0000000Z,55.73,54.1425,60.3185,sl,10,3,1.3800000000000000000000000000
YGGUSDT,0,2026-07-24T10:52:36.0000000Z,0.01862,0.0182754,0.019952,sl,8,0,-2.8960472610096670247046186897
COMPUSDT,1,2026-07-24T10:52:47.0000000Z,17.53,17.8366,17.0935,tp,8,3,3.6150256702795208214489446663
ANTHROPICUSDT,1,2026-07-24T10:52:52.0000000Z,1562.89,1571.0025,1513.281,tp,7,1,4.6412755856138307878353562951
BUSDT,0,2026-07-24T10:53:05.0000000Z,0.1776,0.174765,0.1961,sl,0,0,-2.5144256756756756756756756757
LISTAUSDT,0,2026-07-24T10:53:11.0000000Z,0.04867,0.048122,0.0551545,sl,0,0,-1.8089254160673926443394288062
MVLLUSDT,0,2026-07-24T10:53:17.0000000Z,25.46,24.51665,26.918,sl,7,3,1.3800000000000000000000000000
TRUSTUSDT,0,2026-07-24T10:53:27.0000000Z,0.05175,0.0515135,0.0531475,sl,0,0,-0.8055072463768115942028985507
ONEUSDT,0,2026-07-24T10:53:42.0000000Z,0.001297,0.00127744,0.0014267,sl,0,0,-2.3821434078643022359290670779
SKLUSDT,0,2026-07-24T10:53:50.0000000Z,0.004006,0.00395793,0.0041121,sl,0,0,-1.9199251123315027458811782326
BROCCOLIF3BUSDT,1,2026-07-24T11:52:17.0000000Z,0.005827,0.00584855,0.00562245,sl,0,0,-0.6747451518791831130942165780
TACUSDT,1,2026-07-24T12:32:01.0000000Z,0.003438,0.00354308,0.0031689,sl,10,0,-4.7046422338568935427574171030
HIMSUSDT,0,2026-07-24T12:32:43.0000000Z,29.79,29.6825,31.9315,tp,0,0,10.662980866062437059415911380
ARIAUSDT,0,2026-07-24T13:28:50.0000000Z,0.02743,0.027178,0.029115,sl,0,0,-1.4980532263944586219467736055
NBISUSDT,0,2026-07-24T13:28:59.0000000Z,204.49,204.4615,222.703,sl,1,3,1.3800000000000000000000000001
GWEIUSDT,1,2026-07-24T13:48:04.0000000Z,0.02651,0.0267805,0.0243375,tp,0,0,12.172531120331950207468879668
EPICUSDT,0,2026-07-24T13:48:11.0000000Z,0.6636,0.66039,0.685675,tp,0,0,4.8698282097649186256781193491
HANAUSDT,1,2026-07-24T14:04:34.0000000Z,0.03114,0.0316905,0.029575,sl,0,0,-2.7717341040462427745664739884
STARUSDT,0,2026-07-24T14:04:40.0000000Z,0.12114,0.120905,0.134642,sl,0,0,-0.4109856364536899455175829619
HOMEUSDT,1,2026-07-24T14:04:44.0000000Z,0.006686,0.00674075,0.0062534,sl,0,0,-1.3483128926114268620999102603
XMRUSDT,1,2026-07-24T14:21:23.0000000Z,354.84,361.8628,344.769,sl,11,0,-3.0887182955698342915116672306
BLESSUSDT,1,2026-07-24T14:21:55.0000000Z,0.008391,0.00841605,0.00818885,tp,0,0,3.4936932427601001072577761888
BILLUSDT,0,2026-07-24T16:45:47.0000000Z,0.0298,0.0295465,0.031999,sl,3,3,1.3800000000000000000000000000
POWERUSDT,0,2026-07-24T16:46:00.0000000Z,0.09113,0.0908175,0.093474,sl,0,0,-0.6343750685833424777789970372
CAPUSDT,1,2026-07-24T17:17:50.0000000Z,0.02675,0.026885,0.023854,sl,0,0,-0.8770093457943925233644859813
OUSDT,0,2026-07-24T17:32:33.0000000Z,0.4981,0.49662,0.635565,sl,0,0,-0.5656936358161011845011041959
OPNUSDT,0,2026-07-24T17:48:04.0000000Z,0.06211,0.0619965,0.0656775,sl,0,0,-0.3941104492030268877797456126
SOXLUSDT,0,2026-07-24T18:18:28.0000000Z,137.05,136.946,140.1495,sl,0,0,-0.2338270704122582998905508938
EWTUSDT,0,2026-07-24T18:33:38.0000000Z,99.8,97.32785,101.447,sl,218,0,-3.8356563126252505010020040079
ESPORTSUSDT,1,2026-07-24T18:34:14.0000000Z,0.04637,0.046617,0.0454065,sl,1,3,1.3800000000000000000000000000
ACEUSDT,1,2026-07-24T18:48:57.0000000Z,0.10533,0.1061495,0.093353,sl,1,3,1.3800000000000000000000000000
BASEDUSDT,0,2026-07-24T18:49:04.0000000Z,0.08012,0.0740081,0.083729,tp,11,3,6.6367398901647528706939590614
SOONUSDT,1,2026-07-24T19:02:37.0000000Z,0.1694,0.173215,0.1652195,tp,10,3,3.5817414403778040141676505313
TAIKOUSDT,0,2026-07-24T19:02:48.0000000Z,0.08302,0.0825715,0.0874565,sl,0,0,-0.9303469043603950855215610696
YBUSDT,0,2026-07-24T19:16:14.0000000Z,0.0723,0.0699237,0.0794289,sl,24,2,0.6300000000000000000000000000
BEUSDT,0,2026-07-24T19:16:43.0000000Z,187.81,187.0705,194.1595,sl,0,0,-0.7106235024759065012512645759
MAGMAUSDT,0,2026-07-24T19:31:45.0000000Z,0.30593,0.3032325,0.337809,sl,0,0,-1.4426064786062171084888700029
CLOUSDT,1,2026-07-24T19:31:49.0000000Z,0.1276,0.128377,0.12569,tp,0,0,2.1252978056426332288401253918
TOWNSUSDT,1,2026-07-24T19:59:36.0000000Z,0.002231,0.0022471,0.00212255,sl,2,2,0.6300000000000000000000000000
WLDUSDT,0,2026-07-24T21:17:16.0000000Z,0.3474,0.34641,0.35763,tp,0,0,4.2970984455958549222797927461
STXXUSDT,0,2026-07-24T21:32:12.0000000Z,838.29,835.723,851.727,tp,1,1,2.2843588734208925312242779945
SAPIENUSDT,0,2026-07-24T21:46:47.0000000Z,0.07876,0.07611095,0.082468,sl,28,2,0.6300000000000000000000000000
ACXUSDT,1,2026-07-24T22:39:10.0000000Z,0.04124,0.041646,0.0385035,sl,1,1,-0.12
ZILUSDT,0,2026-07-24T22:39:19.0000000Z,0.002438,0.00239976,0.00256805,tp,10,3,7.881435602953240360951599672
QNTXUSDT,1,2026-07-24T22:39:45.0000000Z,54.01,54.181,53.165,tp,0,0,2.2267876319200148120718385484
SLXUSDT,1,2026-07-24T22:56:25.0000000Z,0.1287,0.129726,0.124531,tp,0,0,4.7389743589743589743589743590
JCTUSDT,0,2026-07-24T23:10:35.0000000Z,0.004285,0.00421855,0.0043813,sl,1,2,0.6300000000000000000000000000
BANANAS31USDT,1,2026-07-24T23:10:41.0000000Z,0.007227,0.0072982,0.0070661,sl,0,0,-1.5977916147779161477791614778
BARDUSDT,0,2026-07-24T23:11:04.0000000Z,0.1262,0.125695,0.136445,sl,0,0,-0.7202377179080824088748019017
ERAUSDT,0,2026-07-24T23:39:02.0000000Z,0.09138,0.091172,0.0941135,tp,0,0,4.3670321733420879842416283651
ORDERUSDT,0,2026-07-25T00:07:39.0000000Z,0.03478,0.0333735,0.03852376,sl,3,3,1.3800000000000000000000000000
AKEUSDT,1,2026-07-25T00:44:11.0000000Z,0.0026808,0.00271218,0.00225472,sl,0,0,-1.8758191584601611459265890779
AKEUSDT,1,2026-07-25T00:44:15.0000000Z,0.0026813,0.00271218,0.00225472,sl,0,0,-1.8475202327229329056800805579
GMXUSDT,0,2026-07-25T01:21:50.0000000Z,6.776,6.766,6.924,sl,0,0,-0.3413695395513577331759149941
TNSRUSDT,1,2026-07-25T01:21:53.0000000Z,0.03405,0.0343565,0.033276,sl,2,2,0.6300000000000000000000000000
RIFUSDT,0,2026-07-25T01:37:42.0000000Z,0.10139,0.100608,0.1071145,tp,0,0,8.349030476378341059276062728
EULUSDT,1,2026-07-25T01:37:45.0000000Z,1.2083,1.21095,1.162055,tp,0,0,5.6209169908135396838533476785
ZILUSDT,0,2026-07-25T02:37:26.0000000Z,0.002628,0.00261925,0.0027753,sl,0,0,-0.6194292237442922374429223744
ESPORTSUSDT,0,2026-07-25T04:08:43.0000000Z,0.041964,0.0417135,0.044261,tp,0,0,8.090609093508721761509865599
LABUSDT,0,2026-07-25T13:38:17.0000000Z,0.1513,0.140283,0.17389,sl,40,2,0.6300000000000000000000000000
SNXXUSDT,0,2026-07-25T13:38:44.0000000Z,14.53,14.3335,16.008,sl,0,0,-2.1485615966964900206469373709
STARUSDT,0,2026-07-25T13:38:52.0000000Z,0.12422,0.11788478,0.14295641,sl,45,2,0.6300000000000000000000000000
FHEUSDT,0,2026-07-25T14:01:04.0000000Z,0.02054,0.0197591,0.02264843,sl,51,0,-5.8227750730282375851996105161
SCRUSDT,0,2026-07-25T14:53:51.0000000Z,0.02298,0.0226855,0.0236335,sl,0,0,-2.0423237597911227154046997389
ALLOUSDT,0,2026-07-25T15:14:49.0000000Z,0.34259,0.3396285,0.3512745,tp,0,0,3.6824314778598324527861291923
ZKCUSDT,0,2026-07-25T18:52:44.0000000Z,0.04314,0.04177385,0.04723845,sl,28,0,-4.8701738525730180806675938804
UBUSDT,0,2026-07-25T18:53:18.0000000Z,0.12548,0.12290641,0.1302005,sl,0,0,-3.1964942620337902454574434172
EPICUSDT,1,2026-07-25T20:11:56.0000000Z,0.6908,0.69337,0.64405,sl,8,1,-0.12
UAIUSDT,0,2026-07-25T20:31:07.0000000Z,0.3304,0.32964,0.3373,sl,5,2,0.6300000000000000000000000000
IOTXUSDT,0,2026-07-25T20:45:34.0000000Z,0.002331,0.00229617,0.0023904,sl,55,0,-2.3613127413127413127413127413
METAUSDT,0,2026-07-26T00:53:29.0000000Z,598.22,594.8835792,652.0598,sl,146,2,0.6299999999999999999999999999
FETUSDT,0,2026-07-26T02:54:26.0000000Z,0.1593,0.15735973,0.16488799,sl,38,0,-1.9469962335216572504708097928
TAGUSDT,0,2026-07-26T02:54:32.0000000Z,0.0010537,0.00104276,0.00109198,sl,8,0,-1.6773692701907563822719939262
JELLYJELLYUSDT,1,2026-07-26T03:24:44.0000000Z,0.05688,0.05757,0.055044,sl,1,1,-0.12
AGTUSDT,0,2026-07-26T03:37:44.0000000Z,0.01406,0.0128738,0.0151831,tp,10,3,11.861863442389758179231863442
XLEUSDT,1,2026-07-26T05:43:41.0000000Z,59.94,61.0545,58.77,sl,99,2,0.6300000000000000000000000000
LTCUSDT,0,2026-07-26T06:10:24.0000000Z,46.31,45.5796,47.1245,tp,11,2,2.5181990930684517382854675016
CROSSUSDT,0,2026-07-26T10:23:51.0000000Z,0.08988,0.08743886,0.09691049,sl,0,0,-4.1939986648865153538050734313
CROSSUSDT,0,2026-07-26T10:23:56.0000000Z,0.08991,0.0878169,0.09593814,sl,0,0,-3.6119919919919919919919919921
TRXUSDT,1,2026-07-26T12:10:25.0000000Z,0.33054,0.3350978,0.3280245,tp,120,0,1.0215411145398438918133962607
PUMPUSDT,1,2026-07-26T12:46:47.0000000Z,0.00185,0.00211797,0.00077812,sl,3,3,1.3800000000000000000000000000
HYPEUSDT,1,2026-07-26T13:34:46.0000000Z,59.297,60.66767,53.96027,sl,10,1,-0.12
USUSDT,0,2026-07-26T14:25:53.0000000Z,0.04708,0.04103412,0.05041,tp,63,0,10.489600679694137638062871708
LAUSDT,0,2026-07-26T15:06:31.0000000Z,0.07682,0.07387472,0.08609763,sl,0,0,-5.8710023431398073418380630046
SKYUSDT,0,2026-07-26T16:31:39.0000000Z,0.05757,0.056993,0.0605485,sl,1,3,1.3800000000000000000000000000
4USDT,0,2026-07-26T17:01:44.0000000Z,0.008875,0.0086967,0.00943664,sl,0,0,-3.1335211267605633802816901408
龙虾USDT,0,2026-07-26T17:57:14.0000000Z,0.019726,0.01919813,0.02124626,sl,0,0,-4.1340170333569907735982966643
ADBEUSDT,1,2026-07-26T22:32:47.0000000Z,224.09,229.068,218.2715,sl,49,0,-3.4521433352670801909946896337
CVXUSDT,0,2026-07-26T23:23:48.0000000Z,1.387,1.36586212,1.45358432,sl,2,1,-0.12
SPCXUSDT,1,2026-07-27T03:15:23.0000000Z,114.15,116.172,110.446,sl,10,1,-0.12
TAGUSDT,0,2026-07-27T04:22:18.0000000Z,0.001206,0.00117696,0.00129748,sl,0,0,-3.7319402985074626865671641790
PRLUSDT,0,2026-07-27T07:25:47.0000000Z,0.1844,0.18010717,0.19942491,sl,1,0,-3.6119983731019522776572668114
PARTIUSDT,0,2026-07-27T08:32:08.0000000Z,0.02906,0.02861538,0.0296585,sl,0,0,-2.4150103234686854783207157605
MUUUSDT,0,2026-07-27T10:41:40.0000000Z,31.84,31.6695,34.2925,sl,7,3,1.3800000000000000000000000000
INTCUSDT,0,2026-07-27T10:54:58.0000000Z,92.24,91.5955,98.7995,sl,9,3,1.3800000000000000000000000000
INTWUSDT,0,2026-07-27T10:55:04.0000000Z,20.92,20.3148,22.7356,sl,0,0,-4.4593881453154875717017208413
EDENUSDT,0,2026-07-27T11:34:24.0000000Z,0.04452,0.04348224,0.04778895,sl,11,0,-3.6164959568733153638814016172
EDENUSDT,0,2026-07-27T11:34:28.0000000Z,0.04448,0.04344317,0.04774601,sl,11,0,-3.6165040467625899280575539569
IRYSUSDT,0,2026-07-27T15:41:49.0000000Z,0.01554,0.01500371,0.0172293,sl,0,0,-5.2965444015444015444015444018
DODOXUSDT,0,2026-07-27T18:24:49.0000000Z,0.018822,0.01816361,0.0200046,sl,1,2,0.6300000000000000000000000000
BUSDT,1,2026-07-27T18:41:45.0000000Z,0.1868,0.18746,0.17098,sl,0,0,-0.6499785867237687366167023554
BUSDT,1,2026-07-27T18:41:50.0000000Z,0.1869,0.18746,0.17098,sl,0,0,-0.5694382022471910112359550562
RIFUSDT,1,2026-07-27T19:37:45.0000000Z,0.07786,0.078781,0.060948,sl,0,0,-1.8943385563832519907526329309
RIFUSDT,1,2026-07-27T19:37:49.0000000Z,0.07787,0.078781,0.060948,sl,0,0,-1.8748478232952356491588545011
BMNRUSDT,0,2026-07-27T19:53:21.0000000Z,17.58,17.3173548,18.40733238,sl,10,3,1.3800000000000000000000000001
APRUSDT,0,2026-07-27T19:53:26.0000000Z,0.19924,0.196212,0.210598,sl,1,1,-0.12
ESPUSDT,0,2026-07-27T21:43:03.0000000Z,0.07939,0.07835675,0.0857412,sl,5,3,1.3800000000000000000000000000
BOMEUSDT,1,2026-07-27T22:48:13.0000000Z,0.000531,0.00053642,0.00049441,sl,6,3,1.3800000000000000000000000000
BOMEUSDT,1,2026-07-27T22:48:16.0000000Z,0.000531,0.00053642,0.00049441,sl,6,3,1.3800000000000000000000000000
OPNUSDT,0,2026-07-27T23:05:50.0000000Z,0.05414,0.053861,0.057953,sl,0,0,-0.8929959364610269671222755818
TOWNSUSDT,0,2026-07-28T00:20:40.0000000Z,0.001955,0.00194525,0.0020896,sl,0,0,-0.8680818414322250639386189258
GIGGLEUSDT,0,2026-07-28T01:41:46.0000000Z,25.7,25.6355,27.0875,sl,0,0,-0.4964591439688715953307392996
KGENUSDT,0,2026-07-28T02:45:06.0000000Z,0.2095,0.20330299,0.22734739,sl,1,3,1.3800000000000000000000000000
IDOLUSDT,0,2026-07-28T02:45:14.0000000Z,0.01694,0.016867,0.017826,sl,0,0,-0.7663990554899645808736717828
LIGHTUSDT,0,2026-07-28T03:26:20.0000000Z,0.1261,0.125455,0.14362,sl,0,0,-0.8872482157018239492466296590
ARXUSDT,0,2026-07-28T04:49:47.0000000Z,0.1491,0.14814,0.16102,sl,0,0,-1.0857947686116700201207243461
MVLLUSDT,0,2026-07-28T05:57:23.0000000Z,20.28,20.111,22.124,sl,0,0,-1.3700000000000000000000000000
UBUSDT,0,2026-07-28T06:40:39.0000000Z,0.11988,0.1190705,0.136631,sl,1,1,-0.12
ARMUSDT,1,2026-07-28T10:46:15.0000000Z,266.99,271.0032,242.9609,tp,11,3,13.380000000000000000000000000
ZHIPUUSDT,0,2026-07-28T10:46:45.0000000Z,139.62,136.8639012,149.2663458,sl,0,0,-3.0809999999999999999999999999
PLTRUSDT,1,2026-07-28T10:59:48.0000000Z,131.33,133.0675,119.5103,tp,11,3,13.380000000000000000000000000
PEOPLEUSDT,0,2026-07-28T11:14:51.0000000Z,0.007139,0.00692911,0.00774347,sl,2,1,-0.12
PEOPLEUSDT,0,2026-07-28T11:14:55.0000000Z,0.007145,0.00693494,0.00774998,sl,2,1,-0.12
EPICUSDT,1,2026-07-28T11:28:33.0000000Z,0.6982,0.70311,0.62662,sl,7,3,1.3800000000000000000000000000
EPICUSDT,1,2026-07-28T11:28:37.0000000Z,0.6981,0.70311,0.62662,sl,7,3,1.3800000000000000000000000000
SAFEUSDT,0,2026-07-28T11:28:53.0000000Z,0.08515,0.0847005,0.0976435,sl,0,0,-0.9118379330593071051086318262
EDUUSDT,1,2026-07-28T12:56:14.0000000Z,0.03114,0.0318251,0.028026,sl,4,1,-0.12
USUSDT,0,2026-07-28T13:11:16.0000000Z,0.045655,0.04332933,0.05263201,sl,11,0,-7.7610141276968568612419231191
UMAUSDT,0,2026-07-28T13:39:21.0000000Z,0.3663,0.364065,0.40839,sl,0,0,-1.0352334152334152334152334152
SOONUSDT,1,2026-07-28T16:37:35.0000000Z,0.2705,0.271545,0.234255,sl,0,0,-0.6994824399260628465804066543
SOONUSDT,1,2026-07-28T16:37:38.0000000Z,0.2707,0.271545,0.234255,sl,0,0,-0.5882305134835611377909124492
LITUSDT,1,2026-07-28T20:50:20.0000000Z,2.2687,2.289125,2.11426,sl,0,0,-1.4704429849693657160488385419
LITUSDT,1,2026-07-28T20:50:23.0000000Z,2.2687,2.289125,2.11426,sl,0,0,-1.4704429849693657160488385419
ESPORTSUSDT,0,2026-07-28T21:30:22.0000000Z,0.026819,0.0247599,0.0329963,sl,1,2,0.6300000000000000000000000000
ACHUSDT,0,2026-07-28T21:30:37.0000000Z,0.004364,0.00422928,0.00475198,sl,8,3,1.3800000000000000000000000000
ACHUSDT,0,2026-07-28T21:30:44.0000000Z,0.004364,0.00422928,0.00475198,sl,8,3,1.3800000000000000000000000000
ZILUSDT,1,2026-07-28T21:31:02.0000000Z,0.002799,0.0028251,0.002323,sl,0,0,-1.5187138263665594855305466238
ZILUSDT,1,2026-07-28T21:31:05.0000000Z,0.002797,0.0028251,0.002323,sl,0,0,-1.6269717554522702895959957097
MUUUSDT,0,2026-07-28T21:31:16.0000000Z,26.17,24.9483844,29.752,sl,2,0,-7.1220000000000000000000000000
XAUUSDT,0,2026-07-28T21:43:27.0000000Z,4067.27,4002.3308,4392.6516,sl,88,1,-0.12
GTCUSDT,0,2026-07-28T21:56:28.0000000Z,0.07868,0.07613077,0.08602179,sl,3,1,-0.12
TERUSDT,0,2026-07-28T22:11:02.0000000Z,360.38,345.5467592,403.0997335,sl,1,2,0.6300000000000000000000000001
SPACEUSDT,0,2026-07-28T23:05:03.0000000Z,0.006018,0.00598075,0.0063994,sl,5,3,1.3800000000000000000000000000
BABAUSDT,1,2026-07-28T23:32:05.0000000Z,115.33,116.7156,103.797,sl,10,0,-1.9221330096245556229948842453
STXXUSDT,1,2026-07-28T23:44:47.0000000Z,762.62,770.327,709.319,sl,0,0,-1.6358925808397366971755264748
STXXUSDT,1,2026-07-28T23:44:52.0000000Z,762.28,770.327,709.319,sl,0,0,-1.7034732644172744923125360760
BILLUSDT,0,2026-07-29T00:29:20.0000000Z,0.02462,0.02409781,0.02629101,sl,0,0,-3.3014987814784727863525588952
BILLUSDT,0,2026-07-29T00:29:25.0000000Z,0.02454,0.02409386,0.02596764,sl,0,0,-2.8470171149144254278728606357
REZUSDT,0,2026-07-29T00:43:31.0000000Z,0.002558,0.00251569,0.00276264,sl,1,2,0.6300000000000000000000000000
DOGEUSDT,0,2026-07-29T00:57:32.0000000Z,0.0703,0.06899925,0.075924,sl,4,1,-0.12
INTWUSDT,1,2026-07-29T00:57:49.0000000Z,17.61,17.785,16.752,tp,0,0,7.1883475298126064735945485515
INTWUSDT,1,2026-07-29T00:57:53.0000000Z,17.59,17.785,16.752,tp,0,0,7.0261057418988061398521887433
AMATUSDT,0,2026-07-29T01:12:18.0000000Z,479.75,454.8555,554.4335,sl,11,0,-7.9035852006253256904637832194
BEUSDT,1,2026-07-29T01:40:48.0000000Z,180.67,181.1685,160.258,sl,0,0,-0.5338761277467205402114352134
BEUSDT,1,2026-07-29T01:40:51.0000000Z,180.37,181.1685,160.258,sl,0,0,-0.7840516715640073182901812940
TERUSDT,1,2026-07-29T02:07:00.0000000Z,346.35,349.189,306.246,sl,0,0,-1.3495365959289735816370723256
TERUSDT,1,2026-07-29T02:07:03.0000000Z,346.35,349.189,306.246,sl,0,0,-1.3495365959289735816370723256
1000RATSUSDT,0,2026-07-29T03:04:05.0000000Z,0.02678,0.02639597,0.02798968,sl,2,2,0.6300000000000000000000000000
MAGMAUSDT,0,2026-07-29T04:41:24.0000000Z,0.30204,0.2825064,0.3606408,sl,9,3,1.3800000000000000000000000000
FLOWUSDT,0,2026-07-29T05:23:57.0000000Z,0.02715,0.02655324,0.02886866,sl,2,1,-0.12
FLOWUSDT,0,2026-07-29T05:24:03.0000000Z,0.02714,0.02654346,0.02885803,sl,2,1,-0.12
TUTUSDT,0,2026-07-29T06:46:33.0000000Z,0.01381,0.013724,0.014913,tp,10,3,11.860448950036205648081100652
MUUUSDT,0,2026-07-29T07:13:46.0000000Z,25.36,25.2555,29.0745,sl,0,0,-0.7380993690851735015772870662
ACHUSDT,0,2026-07-29T08:38:57.0000000Z,0.005165,0.00503081,0.00555146,sl,0,0,-4.0170958373668925459825750241
OPNUSDT,0,2026-07-29T08:52:16.0000000Z,0.04757,0.047359,0.0530325,sl,0,0,-0.7853352953542148412865251209
SHAZUSDT,0,2026-07-29T09:19:58.0000000Z,45.59,44.7060099,48.68396535,sl,5,3,1.3800000000000000000000000000
GLWUSDT,0,2026-07-29T09:20:19.0000000Z,126.78,126.016,137.4145,sl,3,1,-0.12
ZAMAUSDT,0,2026-07-29T09:47:59.0000000Z,0.06519,0.063645,0.07005676,sl,0,0,-3.6749930971007823285780027611
PTBUSDT,0,2026-07-29T09:48:08.0000000Z,0.0006743,0.00065504,0.00070701,tp,0,0,7.1564348212961589796826338424
ZHIPUUSDT,0,2026-07-29T10:14:44.0000000Z,133.76,133.391,148.4365,sl,1,0,-0.5338008373205741626794258373
BCHUSDT,0,2026-07-29T10:58:52.0000000Z,211.3,208.53435,228.204,sl,35,0,-2.0833104590629436819687647895
METUSDT,1,2026-07-29T13:23:29.0000000Z,0.1729,0.173475,0.165475,sl,0,0,-0.6188432620011567379988432620
METUSDT,1,2026-07-29T13:23:33.0000000Z,0.1729,0.173475,0.165475,sl,0,0,-0.6188432620011567379988432620
ICNTUSDT,0,2026-07-29T13:23:40.0000000Z,0.1414,0.141055,0.15238,sl,0,0,-0.4859830268741159830268741160
BTWUSDT,0,2026-07-29T14:50:14.0000000Z,0.08983,0.08435935,0.10706254,sl,0,0,-9.255005009462317711232327730
ESPORTSUSDT,0,2026-07-29T15:46:03.0000000Z,0.026646,0.0248985,0.0318885,sl,10,0,-9.957311416347669443818959694
CRCLUSDT,0,2026-07-29T16:43:19.0000000Z,62.91,61.90725,67.9428,sl,6,1,-0.12
BTWUSDT,0,2026-07-29T17:00:39.0000000Z,0.08963,0.08326179,0.10968987,sl,10,0,-10.777497489679794711592100859
PHAROSUSDT,1,2026-07-29T18:08:59.0000000Z,0.4232,0.425675,0.402645,sl,7,3,1.3800000000000000000000000000
PHAROSUSDT,1,2026-07-29T18:09:03.0000000Z,0.4232,0.425675,0.402645,sl,7,3,1.3800000000000000000000000000
HK1810USDT,1,2026-07-29T18:09:15.0000000Z,31.85,31.8945,30.213,sl,1,0,-0.3295761381475667189952904239
HK1810USDT,1,2026-07-29T18:09:19.0000000Z,31.85,31.8945,30.213,sl,1,0,-0.3295761381475667189952904239
COPPERUSDT,1,2026-07-29T21:55:34.0000000Z,6.377,6.48622,6.04934,sl,58,0,-2.6890763681982123255449270817
币安人生USDT,0,2026-07-30T01:18:18.0000000Z,0.6365,0.6138,0.7046,sl,75,1,-0.12
EDENUSDT,0,2026-07-30T02:08:40.0000000Z,0.03814,0.0379695,0.0402415,sl,3,3,1.3800000000000000000000000000
BTWUSDT,1,2026-07-30T02:08:52.0000000Z,0.08092,0.0812735,0.0757025,sl,0,0,-0.7752768166089965397923875433
BTWUSDT,1,2026-07-30T02:08:55.0000000Z,0.08091,0.0812735,0.0757025,sl,0,0,-0.7938969225064886911383018168
REUSDT,1,2026-07-30T03:12:58.0000000Z,0.4976,0.5003,0.455115,sl,1,3,1.3800000000000000000000000000
REUSDT,1,2026-07-30T03:13:01.0000000Z,0.4981,0.5003,0.455115,sl,1,3,1.3800000000000000000000000000
PEOPLEUSDT,1,2026-07-30T03:30:49.0000000Z,0.00669,0.00674465,0.0063441,sl,0,0,-1.3453363228699551569506726457
PEOPLEUSDT,1,2026-07-30T03:30:52.0000000Z,0.006689,0.00674465,0.0063441,sl,0,0,-1.3679443863058753176857527284
ROBOUSDT,0,2026-07-30T04:34:58.0000000Z,0.01208,0.0118082,0.01293617,sl,4,1,-0.12
EPICUSDT,0,2026-07-30T04:35:09.0000000Z,0.7519,0.72641059,0.83219164,tp,6,3,15.897749700758079531852639979
ROBOUSDT,0,2026-07-30T04:52:09.0000000Z,0.01208,0.0117629,0.01307887,sl,3,1,-0.12
ROBOUSDT,0,2026-07-30T04:52:14.0000000Z,0.01208,0.0117629,0.01307887,sl,3,1,-0.12
STARUSDT,0,2026-07-30T05:07:13.0000000Z,0.08303,0.0827195,0.0933165,sl,0,0,-0.6809418282548476454293628809
0GUSDT,0,2026-07-30T08:22:19.0000000Z,0.1467,0.14627,0.15964,sl,2,0,-0.5596728016359918200408997955
PRLUSDT,1,2026-07-30T09:28:14.0000000Z,0.2106,0.211905,0.194855,sl,0,0,-1.0494871794871794871794871795
PRLUSDT,1,2026-07-30T09:28:17.0000000Z,0.2106,0.211905,0.194855,sl,0,0,-1.0494871794871794871794871795
BEUSDT,0,2026-07-30T09:43:36.0000000Z,167.58,164.0842812,179.8150158,tp,11,3,10.831500000000000000000000000
KORUUSDT,0,2026-07-30T10:31:27.0000000Z,12.77,12.707,14.0575,sl,0,0,-0.8600156617071260767423649178
INTWUSDT,0,2026-07-30T11:02:12.0000000Z,18.21,17.7358116,19.8696594,sl,0,0,-4.0259999999999999999999999998
SPYUSDT,1,2026-07-30T11:19:51.0000000Z,737.17,748.9554,663.453,sl,27,3,1.3800000000000000000000000002
COAIUSDT,0,2026-07-30T11:20:03.0000000Z,0.3332,0.317564,0.380108,sl,7,1,-0.12
TLMUSDT,0,2026-07-30T11:54:30.0000000Z,0.001598,0.00158955,0.00168255,sl,0,0,-0.9131789737171464330413016271
PYTHUSDT,1,2026-07-30T13:03:10.0000000Z,0.04088,0.0409605,0.038891,sl,0,0,-0.4153767123287671232876712329
PYTHUSDT,1,2026-07-30T13:03:17.0000000Z,0.04088,0.0409605,0.038891,sl,0,0,-0.4153767123287671232876712329
NFLXUSDT,1,2026-07-30T14:04:57.0000000Z,73.14,74.538,65.826,sl,256,3,1.3800000000000000000000000000
NOKUSDT,1,2026-07-30T14:05:25.0000000Z,8.98,8.9915,8.278,sl,0,0,-0.3120935412026726057906458797
NOKUSDT,1,2026-07-30T14:05:30.0000000Z,8.98,8.9915,8.278,sl,0,0,-0.3120935412026726057906458797
FHEUSDT,1,2026-07-30T17:44:09.0000000Z,0.02073,0.02097876,0.018694,sl,0,0,-1.9200000000000000000000000000
STRCUSDT,1,2026-07-30T18:14:27.0000000Z,88.65,90.2738,83.7786,sl,0,0,-2.8675465313028764805414551608
PROMPTUSDT,0,2026-07-30T18:30:36.0000000Z,0.01994,0.0191268,0.0223796,sl,23,2,0.6300000000000000000000000000
AKEUSDT,1,2026-07-30T19:17:41.0000000Z,0.0042919,0.00432517,0.00381037,sl,0,0,-1.2827717327989934527831496540
AKEUSDT,1,2026-07-30T19:17:44.0000000Z,0.0042984,0.00432517,0.00381037,sl,0,0,-1.0541848129536571747627024009
SAMSUNGUSDT,0,2026-07-30T20:16:35.0000000Z,170.41,168.1196896,174.4555,sl,6,1,-0.12
EULUSDT,0,2026-07-30T21:26:40.0000000Z,1.4878,1.420452,1.689844,sl,4,1,-0.12
TENCENTUSDT,1,2026-07-30T21:40:00.0000000Z,60.3,61.4686,56.7942,sl,18,0,-3.0269651741293532338308457711
INTCUSDT,1,2026-07-31T00:28:26.0000000Z,94.21,94.562,87.5805,sl,0,0,-0.6804500583802144146056681881
INTCUSDT,1,2026-07-31T00:28:29.0000000Z,94.19,94.562,87.5805,sl,0,0,-0.7124195774498354390062639346
AMATUSDT,1,2026-07-31T01:30:11.0000000Z,511.09,514.6605,475.1515,sl,0,0,-1.1679074135670821186092469036
AMATUSDT,1,2026-07-31T01:30:16.0000000Z,511.46,514.6605,475.1515,sl,0,0,-1.0586364525085050639346185430
IRENUSDT,1,2026-07-31T03:54:23.0000000Z,39.6,40.1215,34.8175,sl,1,0,-2.0953787878787878787878787879
IRENUSDT,1,2026-07-31T03:54:26.0000000Z,39.59,40.1215,34.8175,sl,1,0,-2.1337661025511492801212427381
AGLDUSDT,0,2026-07-31T04:10:04.0000000Z,0.14814,0.14256,0.16488,sl,9,3,1.3800000000000000000000000001
PRLUSDT,1,2026-07-31T05:04:45.0000000Z,0.2353,0.23685,0.213605,sl,4,3,1.3800000000000000000000000000
PRLUSDT,1,2026-07-31T05:04:49.0000000Z,0.2353,0.23685,0.213605,sl,4,3,1.3800000000000000000000000000
SNDKUSDT,1,2026-07-31T05:48:56.0000000Z,1325.79,1332.347,1167.131,sl,0,0,-0.8618595705202181340936347388
SNDKUSDT,1,2026-07-31T05:48:59.0000000Z,1325.76,1332.347,1167.131,sl,0,0,-0.8652706372194062273714699492
RUNEUSDT,0,2026-07-31T06:31:52.0000000Z,0.4344,0.425914,0.469152,sl,29,0,-3.0502486187845303867403314917
BEUSDT,1,2026-07-31T10:14:49.0000000Z,220.74,222.017,192.608,sl,2,0,-0.9877629790703995650992117424
BEUSDT,1,2026-07-31T10:14:53.0000000Z,220.7,222.017,192.608,sl,2,0,-1.0151064793837788853647485275
STXXUSDT,0,2026-07-31T10:56:53.0000000Z,903.93,876.1070346,991.57234101,sl,0,0,-4.7369999999999999999999999997
CRDOUSDT,0,2026-07-31T10:56:58.0000000Z,210.77,208.1648828,217.5785,sl,4,3,1.3800000000000000000000000000
RLCUSDT,1,2026-07-31T11:34:07.0000000Z,0.2877,0.288905,0.267535,sl,5,3,1.3800000000000000000000000000
RLCUSDT,1,2026-07-31T11:34:12.0000000Z,0.2877,0.288905,0.267535,sl,5,3,1.3800000000000000000000000000
VANRYUSDT,0,2026-07-31T12:36:57.0000000Z,0.003786,0.0037731,0.00407385,sl,0,0,-0.6310935023771790808240887480
BIRBUSDT,0,2026-07-31T12:51:20.0000000Z,0.05219,0.051975,0.062494,sl,1,3,1.3800000000000000000000000000
CLUSDT,1,2026-07-31T13:55:27.0000000Z,84.66,86.456,76.194,sl,27,0,-3.3021403260099220411055988660
SYNUSDT,0,2026-07-31T15:32:14.0000000Z,0.1062,0.10313719,0.11691983,sl,0,0,-4.4460028248587570621468926553
ARMUSDT,0,2026-07-31T17:03:19.0000000Z,240.4,238.831,266.131,sl,9,3,1.3800000000000000000000000000
AAVEUSDT,0,2026-07-31T18:06:50.0000000Z,95.21,93.8311,102.8268,sl,9,2,0.6300000000000000000000000000
BROCCOLI714USDT,0,2026-07-31T18:07:13.0000000Z,0.01421,0.01359954,0.01613295,sl,11,3,1.3800000000000000000000000000
WLFIUSDT,0,2026-07-31T18:34:41.0000000Z,0.05491,0.05384995,0.0593028,sl,66,0,-3.0157840101985066472409397196
GWEIUSDT,0,2026-07-31T18:35:09.0000000Z,0.01524,0.015227,0.0169285,sl,4,1,-0.12
CHILLGUYUSDT,0,2026-07-31T18:51:12.0000000Z,0.009792,0.00948629,0.0106605,sl,17,1,-0.12
CHILLGUYUSDT,0,2026-07-31T18:51:18.0000000Z,0.009798,0.00949211,0.0106638,sl,32,0,-4.8029454990814451928965094919
SHAZUSDT,0,2026-07-31T19:22:23.0000000Z,47.56,47.3465,52.715,sl,0,0,-0.7933599663582842724978973928
RIFUSDT,0,2026-07-31T19:36:21.0000000Z,0.08846,0.08546298,0.095147,sl,16,1,-0.12
KAITOUSDT,0,2026-07-31T21:30:49.0000000Z,1.0978,1.043757,1.259929,sl,26,2,0.6300000000000000000000000000
NILUSDT,0,2026-07-31T21:58:40.0000000Z,0.02905,0.028904,0.0317265,sl,0,0,-0.8738726333907056798623063683
TAGUSDT,1,2026-08-01T01:03:37.0000000Z,0.001348,0.0013616,0.0012076,sl,0,0,-1.6333531157270029673590504451
TAGUSDT,1,2026-08-01T01:03:44.0000000Z,0.001348,0.0013616,0.0012076,sl,0,0,-1.6333531157270029673590504451
SOXSUSDT,0,2026-08-01T01:18:16.0000000Z,55.39,55.331,63.8735,sl,0,0,-0.2797761328759703917674670518
AKEUSDT,0,2026-08-01T01:35:39.0000000Z,0.0041101,0.00388281,0.00469321,sl,3,3,1.3800000000000000000000000000
AKEUSDT,0,2026-08-01T01:35:45.0000000Z,0.0041099,0.00391509,0.0046931,sl,3,3,1.3800000000000000000000000000
SHAZUSDT,1,2026-08-01T02:18:22.0000000Z,47.19,47.4185,43.681,sl,0,0,-0.8463191354100445009535918627
SHAZUSDT,1,2026-08-01T02:18:27.0000000Z,47.19,47.4185,43.681,sl,0,0,-0.8463191354100445009535918627
UAIUSDT,0,2026-08-01T02:32:41.0000000Z,0.3879,0.385795,0.436145,sl,0,0,-0.9339984532095901005413766435
ESPUSDT,0,2026-08-01T03:02:01.0000000Z,0.0652,0.064953,0.0741645,sl,0,0,-0.6882515337423312883435582822
STORJUSDT,0,2026-08-01T03:31:07.0000000Z,0.04759,0.047394,0.05077,sl,2,0,-0.7377768438747636057995377180
HOLOUSDT,0,2026-08-01T05:26:06.0000000Z,0.0678,0.067472,0.0730685,sl,2,0,-0.8456637168141592920353982301
BROCCOLIF3BUSDT,0,2026-08-01T06:51:18.0000000Z,0.006051,0.00580521,0.00675888,sl,1,3,1.3800000000000000000000000000
CATIUSDT,0,2026-08-01T07:04:38.0000000Z,0.03688,0.03600226,0.0394079,sl,10,3,1.3800000000000000000000000000
BULLAUSDT,0,2026-08-01T11:22:02.0000000Z,0.014554,0.0144345,0.01763295,sl,0,0,-1.3516201731482753882094269617
ROBOUSDT,0,2026-08-01T12:19:04.0000000Z,0.01184,0.0112487,0.0136139,sl,10,0,-7.6111317567567567567567567568
AXTIUSDT,1,2026-08-01T14:25:34.0000000Z,60.22,60.669,50.524,sl,11,0,-1.2383992029226170707406177350
AXTIUSDT,1,2026-08-01T14:25:39.0000000Z,60.22,60.669,50.524,sl,11,0,-1.2383992029226170707406177350
BANDUSDT,0,2026-08-01T14:41:13.0000000Z,0.1618,0.15814008,0.17332874,sl,9,3,1.3800000000000000000000000000
STARUSDT,0,2026-08-01T14:41:23.0000000Z,0.07722,0.076809,0.0896915,sl,0,0,-0.9183682983682983682983682984
ALABUSDT,0,2026-08-01T15:42:51.0000000Z,303.58,302.1345,320.6505,sl,0,0,-0.8342268924171552803214968049
BEUSDT,0,2026-08-01T15:57:24.0000000Z,203.02,202.439,217.6665,sl,0,0,-0.5492680524086296916559944833
CAPUSDT,0,2026-08-01T16:41:16.0000000Z,0.03033,0.029747,0.0327564,sl,1,3,1.3800000000000000000000000000
TLMUSDT,0,2026-08-01T16:41:24.0000000Z,0.0016265,0.00162055,0.0017905,sl,0,0,-0.6687242545342760528742699047
1000SATSUSDT,1,2026-08-01T17:09:19.0000000Z,0.00001046,0.00001052,0.00000978,sl,0,0,-0.9804206500956022944550669216
1000SATSUSDT,1,2026-08-01T17:09:23.0000000Z,0.00001044,0.00001052,0.00000978,sl,0,0,-1.2694252873563218390804597701
CFXUSDT,0,2026-08-01T17:24:41.0000000Z,0.04255,0.0424695,0.045691,sl,4,1,-0.12
LIGHTUSDT,1,2026-08-01T17:38:16.0000000Z,0.1416,0.14183,0.13242,sl,0,0,-0.3636440677966101694915254237
LIGHTUSDT,1,2026-08-01T17:38:19.0000000Z,0.1416,0.14183,0.13242,sl,0,0,-0.3636440677966101694915254237
AIOUSDT,0,2026-08-01T19:30:44.0000000Z,0.05134,0.051021,0.069666,sl,0,0,-1.0520218153486560186988702766
BIRBUSDT,0,2026-08-01T20:01:38.0000000Z,0.04905,0.0488305,0.0555815,sl,0,0,-0.7912538226299694189602446483
HOMEUSDT,0,2026-08-01T22:51:00.0000000Z,0.006073,0.00585874,0.00669006,tp,10,3,15.121067017948295735221472090
OGNUSDT,0,2026-08-02T00:12:21.0000000Z,0.01527,0.0151955,0.016643,sl,1,0,-0.8518271119842829076620825147
COPPERUSDT,1,2026-08-02T01:38:10.0000000Z,6.517,6.59126,6.29422,sl,71,0,-1.8292220346785330673622832592
SYNUSDT,0,2026-08-02T02:24:12.0000000Z,0.0907,0.09027,0.100625,sl,0,0,-0.8311356119073869900771775083
BRUSDT,0,2026-08-02T02:24:16.0000000Z,0.17268,0.16928338,0.18337934,sl,0,0,-3.0705038220986796386379430161
BRUSDT,0,2026-08-02T02:24:22.0000000Z,0.17253,0.16913633,0.18322005,sl,0,0,-3.0705042601286732742131803166
MYXUSDT,1,2026-08-02T03:37:37.0000000Z,0.07432,0.07478,0.0697975,sl,0,0,-1.0484176533907427341227125942
MUUUSDT,0,2026-08-02T04:07:33.0000000Z,24.61,24.5455,27.1765,sl,0,0,-0.5131328728159284843559528647
GRIFFAINUSDT,0,2026-08-02T04:36:26.0000000Z,0.008663,0.00850594,0.00915774,sl,0,0,-2.8394967101466004848205009813
SAHARAUSDT,1,2026-08-02T04:50:00.0000000Z,0.007992,0.00800325,0.007428,sl,0,0,-0.3311486486486486486486486487
SNXXUSDT,0,2026-08-02T06:15:57.0000000Z,9.68,9.637,10.9245,sl,0,0,-0.7863223140495867768595041322
GIGGLEUSDT,1,2026-08-02T06:16:03.0000000Z,40.83,41.0255,37.9995,sl,1,2,0.6300000000000000000000000000
EULUSDT,0,2026-08-02T06:31:43.0000000Z,1.5266,1.51743,1.68195,sl,0,0,-1.0210218786846587187213415433
ELSAUSDT,1,2026-08-02T06:59:24.0000000Z,0.05266,0.052752,0.049177,sl,0,0,-0.3820584884162552221800227877
SNDKUSDT,0,2026-08-02T08:41:18.0000000Z,1242.78,1237.671,1314.4035,sl,10,0,-0.7366417225896779800125525030
MUSDT,1,2026-08-02T09:53:09.0000000Z,1.1691,1.17666,1.02697,sl,10,3,1.3800000000000000000000000000
MUSDT,1,2026-08-02T09:53:12.0000000Z,1.1696,1.17666,1.02697,sl,10,3,1.3800000000000000000000000000
DEXEUSDT,0,2026-08-02T10:23:09.0000000Z,2.355,2.33825,2.51095,sl,0,0,-1.1868789808917197452229299363
1000000BOBUSDT,0,2026-08-02T10:50:12.0000000Z,0.01663,0.01625483,0.01781179,sl,0,0,-3.5039747444377630787733012627
NILUSDT,0,2026-08-02T11:05:05.0000000Z,0.03116,0.03067764,0.03267942,sl,0,0,-2.4420154043645699614890885751
ESPUSDT,0,2026-08-02T11:20:47.0000000Z,0.06754,0.06714,0.072635,sl,0,0,-1.0083624518803671898134438851
AINUSDT,0,2026-08-02T12:16:25.0000000Z,0.07158,0.0687357,0.0801129,sl,4,3,1.3800000000000000000000000000
PHAROSUSDT,0,2026-08-02T12:16:43.0000000Z,0.4519,0.44307439,0.47970066,sl,10,0,-3.0495009957955299845098473113
TAOUSDT,0,2026-08-02T12:46:31.0000000Z,192.97,189.1397,208.4076,sl,59,0,-3.0973799036119604083536300979
HYPERUSDT,0,2026-08-02T12:46:43.0000000Z,0.06694,0.06396786,0.07549975,sl,1,3,1.3800000000000000000000000000
HYPERUSDT,0,2026-08-02T13:01:17.0000000Z,0.06692,0.06345354,0.07690339,sl,1,3,1.3800000000000000000000000000
ZESTUSDT,0,2026-08-02T13:16:30.0000000Z,0.2616,0.260902,0.28751,sl,0,0,-0.5202293577981651376146788991
FIGHTUSDT,0,2026-08-02T13:31:26.0000000Z,0.003327,0.00331325,0.00389545,sl,0,0,-0.7399278629395852119026149684
COTIUSDT,0,2026-08-02T14:00:53.0000000Z,0.013,0.0129673,0.01532355,sl,0,0,-0.4973076923076923076923076923
XPTUSDT,1,2026-08-02T14:15:33.0000000Z,1649.6,1671.3076,1484.64,sl,27,0,-2.0938967022308438409311348197
JCTUSDT,1,2026-08-02T16:40:19.0000000Z,0.0037013,0.00371375,0.0035262,sl,0,0,-0.6245524545429984059654715911
1000SATSUSDT,0,2026-08-02T16:54:19.0000000Z,0.00001067,0.00001062,0.00001192,sl,0,0,-0.8229053420805998125585754452
PLTRUSDT,1,2026-08-02T19:05:46.0000000Z,122.88,124.7855,117.1635,sl,11,0,-2.4460498046875
EPICUSDT,1,2026-08-02T20:22:40.0000000Z,0.9239,0.929325,0.832865,sl,0,0,-1.0007771403831583504708301764
LITUSDT,0,2026-08-02T20:35:45.0000000Z,2.0337,1.985544,2.196396,sl,7,3,1.3800000000000000000000000000
ARCUSDT,0,2026-08-02T20:51:26.0000000Z,0.05237,0.0521805,0.05683,sl,0,0,-0.6627725797212144357456559099
PIEVERSEUSDT,1,2026-08-02T21:06:22.0000000Z,0.7714,0.77462,0.720735,sl,0,0,-0.7461343012704174228675136116
COLLECTUSDT,0,2026-08-02T22:52:14.0000000Z,0.05576,0.055648,0.059907,sl,0,0,-0.4212912482065997130559540890
KGENUSDT,0,2026-08-02T23:52:23.0000000Z,0.2047,0.20112594,0.2159583,sl,0,0,-2.7389985344406448461162677089
1MBABYDOGEUSDT,0,2026-08-03T00:12:09.0000000Z,0.0003049,0.00029491,0.00033487,sl,87,2,0.6300000000000000000000000000
EULUSDT,0,2026-08-03T01:11:41.0000000Z,1.4723,1.463795,1.57306,sl,0,0,-0.9865013923792705291041228011
4USDT,0,2026-08-03T01:32:41.0000000Z,0.009584,0.00957665,0.0101504,sl,0,0,-0.2350354757929883138564273790
4USDT,0,2026-08-03T01:32:47.0000000Z,0.009578,0.00957665,0.0101504,sl,0,0,-0.1411422008770098141574441428
BULLAUSDT,0,2026-08-03T02:16:42.0000000Z,0.014341,0.0142562,0.01558455,sl,0,0,-1.0069674360225925667666132069
KOMAUSDT,0,2026-08-03T02:16:48.0000000Z,0.015669,0.0156312,0.02348005,sl,0,0,-0.4818609994256174612291786330
CLOUSDT,0,2026-08-03T02:55:19.0000000Z,0.13307,0.13056296,0.14096717,sl,2,3,1.3800000000000000000000000000
KGENUSDT,0,2026-08-03T03:14:05.0000000Z,0.2088,0.20327515,0.22471156,sl,1,2,0.6300000000000000000000000000
PORTALUSDT,0,2026-08-03T03:14:14.0000000Z,0.01064,0.01035996,0.01152214,sl,3,1,-0.12
LAUSDT,0,2026-08-03T03:49:45.0000000Z,0.04783,0.047185,0.051094,sl,0,0,-2.1427890445327200501777127326
KGENUSDT,0,2026-08-03T06:11:12.0000000Z,0.2091,0.20264508,0.22769016,sl,11,0,-4.7505021520803443328550932568
VICUSDT,1,2026-08-03T06:11:24.0000000Z,0.0277,0.028013,0.024808,sl,0,0,-1.8149458483754512635379061372
MMTUSDT,0,2026-08-03T07:12:01.0000000Z,0.1549,0.15407,0.18067,sl,0,0,-0.9237443511943189154293092318
ENSOUSDT,1,2026-08-03T07:56:11.0000000Z,0.9304,0.933815,0.879155,sl,0,0,-0.6705696474634565778159931212
1000RATSUSDT,0,2026-08-03T08:11:10.0000000Z,0.07051,0.070301,0.076877,sl,0,0,-0.5646177847113884555382215289
BRUSDT,0,2026-08-03T08:56:10.0000000Z,0.14571,0.1448325,0.159412,sl,0,0,-1.0233353922174181593576281655
DOTUSDT,1,2026-08-03T09:26:05.0000000Z,0.7969,0.808606,0.761782,sl,10,0,-2.3234132262517254360647509097
USUSDT,0,2026-08-03T09:26:21.0000000Z,0.055924,0.05309536,0.0648342,sl,0,0,-7.7070109434232172233745797868
HIMSUSDT,0,2026-08-03T10:40:56.0000000Z,27.35,26.754317,28.6955,sl,10,3,1.3800000000000000000000000000
OPENUSDT,0,2026-08-03T10:55:52.0000000Z,0.173,0.169223,0.18684,tp,11,3,11.880000000000000000000000001
CTKUSDT,0,2026-08-03T11:53:42.0000000Z,0.0982,0.097985,0.105075,sl,0,0,-0.4484114052953156822810590631
USUSDT,0,2026-08-03T12:14:08.0000000Z,0.055908,0.05260887,0.06630026,sl,62,0,-8.971497102382485511912427559
PTBUSDT,0,2026-08-03T12:14:20.0000000Z,0.0010337,0.00097371,0.00122265,sl,0,0,-8.825136886911096062687433492
PTBUSDT,0,2026-08-03T12:14:27.0000000Z,0.001039,0.00098732,0.00120179,sl,0,0,-7.5810202117420596727622714148
BNBUSDT,1,2026-08-03T12:37:56.0000000Z,592.2,602.566,561.102,sl,10,1,-0.12
ZEREBROUSDT,1,2026-08-03T12:38:25.0000000Z,0.035903,0.03620605,0.033635,sl,0,0,-1.3861198228560287441160905774
1000SATSUSDT,0,2026-08-03T12:57:53.0000000Z,0.00001018,0.00001014,0.00001097,sl,0,0,-0.7093909626719056974459724951
PHAROSUSDT,0,2026-08-03T13:16:44.0000000Z,0.4241,0.421665,0.44871,sl,0,0,-0.9812355576514972883753831644
APRUSDT,0,2026-08-03T13:37:44.0000000Z,0.2032,0.1986745,0.219456,sl,11,0,-3.4606742125984251968503937008
CROSSUSDT,1,2026-08-03T13:54:28.0000000Z,0.0964,0.0967365,0.091174,sl,0,0,-0.6435995850622406639004149378
ACXUSDT,1,2026-08-03T15:04:46.0000000Z,0.04018,0.040484,0.0367405,sl,0,0,-1.2548929815828770532603285216
NOMUSDT,0,2026-08-03T17:19:40.0000000Z,0.001477,0.00145325,0.00155181,sl,26,0,-2.5319837508463100880162491537
BROCCOLI714USDT,0,2026-08-03T19:59:29.0000000Z,0.01336,0.01263755,0.01552735,sl,5,1,-0.12
AKEUSDT,0,2026-08-03T20:46:00.0000000Z,0.0045869,0.00456414,0.00545695,sl,0,0,-0.8642935315790621116658309534
BOTUSDT,1,2026-08-03T22:39:55.0000000Z,27.81,27.8965,25.763,sl,0,0,-0.5865587918015102481121898598
FIGHTUSDT,0,2026-08-03T22:54:47.0000000Z,0.003501,0.00344891,0.00368333,sl,0,0,-2.3517909168808911739502999143
VELVETUSDT,0,2026-08-04T00:27:15.0000000Z,0.4213,0.41318576,0.44685985,tp,10,3,8.980350106812247804414906242
PIPPINUSDT,1,2026-08-04T00:27:32.0000000Z,0.01849,0.018735,0.01691,sl,0,0,-2.1075608436992969172525689562
MYXUSDT,0,2026-08-04T01:47:25.0000000Z,0.08324,0.08123725,0.08954868,sl,0,0,-3.7289920711196540124939932725
SYNUSDT,0,2026-08-04T01:47:32.0000000Z,0.0853,0.08457,0.089975,sl,0,0,-1.4037045720984759671746776084
KORUUSDT,1,2026-08-04T02:33:36.0000000Z,15.82,16.009,14.869,sl,0,0,-1.9120353982300884955752212390
ZHIPUUSDT,0,2026-08-04T03:04:08.0000000Z,125.74,122.8970186,133.165,sl,7,3,1.3800000000000000000000000001
ZHIPUUSDT,0,2026-08-04T03:04:14.0000000Z,125.51,122.6722189,133.0385,sl,7,3,1.3800000000000000000000000000
ZHIPUUSDT,0,2026-08-04T03:04:19.0000000Z,125.54,123.1070348,133.055,sl,7,3,1.3800000000000000000000000000
ESPUSDT,0,2026-08-04T04:36:20.0000000Z,0.06476,0.0602811,0.0781967,sl,46,0,-10.494227918468190240889437925
1000LUNCUSDT,1,2026-08-04T04:51:54.0000000Z,0.05068,0.051002,0.048354,sl,8,2,0.6300000000000000000000000000
MYXUSDT,0,2026-08-04T05:21:44.0000000Z,0.08325,0.08091317,0.09061101,sl,7,3,1.3800000000000000000000000000
AVAAIUSDT,0,2026-08-04T05:51:23.0000000Z,0.008634,0.00848843,0.00905324,sl,1,3,1.3800000000000000000000000000
ZESTUSDT,0,2026-08-04T06:51:40.0000000Z,0.23895,0.237951,0.261844,sl,1,3,1.3800000000000000000000000000
VANRYUSDT,1,2026-08-04T08:22:37.0000000Z,0.003643,0.00367615,0.0033748,sl,0,0,-1.4849464726873455942904199835
PLTRUSDT,1,2026-08-04T08:37:08.0000000Z,143.73,144.3955,134.817,sl,0,0,-0.8145314130661657274055520768
SHAZUSDT,0,2026-08-04T09:08:14.0000000Z,57.39,56.1572628,61.27312218,sl,0,0,-3.3420000000000000000000000000
AEVOUSDT,0,2026-08-04T11:14:46.0000000Z,0.01882,0.0186275,0.021797,sl,23,0,-1.6542720510095642933049946866
QNTXUSDT,1,2026-08-04T11:54:26.0000000Z,57.04,57.7695,54.0145,sl,0,0,-2.0383906030855539971949509116
SOONUSDT,1,2026-08-04T12:29:47.0000000Z,0.2211,0.221875,0.206,sl,0,0,-0.6457801899592944369063772049
SOONUSDT,1,2026-08-04T12:29:57.0000000Z,0.2211,0.221875,0.206,sl,0,0,-0.6457801899592944369063772049
AGTUSDT,0,2026-08-04T13:04:45.0000000Z,0.013882,0.0137769,0.01513955,tp,11,3,13.468279786774240023051433511
EDENUSDT,0,2026-08-04T13:55:56.0000000Z,0.03904,0.0370557,0.0449929,sl,183,2,0.6300000000000000000000000000
ZEREBROUSDT,0,2026-08-04T15:43:05.0000000Z,0.040738,0.03957452,0.04408881,sl,8,3,1.3800000000000000000000000000
ZEREBROUSDT,0,2026-08-04T15:43:19.0000000Z,0.040705,0.03954247,0.0440531,sl,10,3,1.3800000000000000000000000000
ZEREBROUSDT,0,2026-08-04T15:43:25.0000000Z,0.040754,0.03975634,0.04362725,sl,8,3,1.3800000000000000000000000000
TAGUSDT,0,2026-08-04T16:48:47.0000000Z,0.001186,0.00118055,0.00130775,sl,4,3,1.3800000000000000000000000000
CRWVUSDT,0,2026-08-04T16:49:05.0000000Z,92.14,90.3764404,97.69521274,sl,4,3,1.3800000000000000000000000000
DRIFTUSDT,0,2026-08-04T17:03:03.0000000Z,0.01206,0.012007,0.013038,sl,0,0,-0.7792039800995024875621890547
HYPERUSDT,0,2026-08-04T19:03:23.0000000Z,0.05847,0.0579175,0.0623385,sl,10,0,-1.5373935351462288353001539251
STARUSDT,0,2026-08-04T19:19:28.0000000Z,0.08203,0.0819835,0.0937515,sl,2,1,-0.12
SOXSUSDT,0,2026-08-04T19:36:15.0000000Z,44.36,43.0877552,48.43118336,sl,0,0,-4.4220000000000000000000000000
BANKUSDT,0,2026-08-04T20:05:00.0000000Z,0.05196,0.0518095,0.060863,sl,0,0,-0.5544688221709006928406466513
IDOLUSDT,0,2026-08-04T20:23:35.0000000Z,0.01656,0.0164425,0.020208,sl,0,0,-1.1843115942028985507246376811
INTWUSDT,1,2026-08-04T20:54:08.0000000Z,22.3,22.406,20.155,sl,0,0,-0.8330044843049327354260089686
INTWUSDT,1,2026-08-04T20:54:14.0000000Z,22.3,22.406,20.155,sl,0,0,-0.8330044843049327354260089686
XLMUSDT,0,2026-08-04T21:08:55.0000000Z,0.17124,0.1683,0.1849392,sl,11,0,-2.6953328661527680448493342678
USUSDT,1,2026-08-04T21:09:13.0000000Z,0.052948,0.05319585,0.0486018,sl,0,0,-0.8221511671828964266827831079
USUSDT,1,2026-08-04T21:09:17.0000000Z,0.052919,0.05319585,0.0486018,sl,0,0,-0.9047370509646818722953948487
AWEUSDT,0,2026-08-04T21:40:15.0000000Z,0.05608,0.0552191,0.0605664,sl,6,1,-0.12
HK0700USDT,0,2026-08-04T22:50:56.0000000Z,489.74,488.391,513.509,sl,0,0,-0.5331784212030873524727406379
ASTSUSDT,1,2026-08-04T22:51:07.0000000Z,69.2,69.386,62.8775,sl,0,0,-0.5231791907514450867052023121
ICNTUSDT,0,2026-08-04T23:38:33.0000000Z,0.1147,0.113795,0.15834,sl,0,0,-1.3035222319093286835222319093
XANUSDT,0,2026-08-05T00:25:12.0000000Z,0.013859,0.01357378,0.01475744,sl,0,0,-3.2070192654592683454794718233
IDOLUSDT,0,2026-08-05T00:55:50.0000000Z,0.01636,0.016264,0.0201035,sl,0,0,-1.0001955990220048899755501222
IDOLUSDT,0,2026-08-05T00:55:55.0000000Z,0.01635,0.016264,0.0201035,sl,0,0,-0.9089908256880733944954128441
DRIFTUSDT,0,2026-08-05T01:10:18.0000000Z,0.01226,0.0121885,0.0131315,sl,0,0,-0.9947960848287112561174551387
BEATUSDT,1,2026-08-05T01:10:22.0000000Z,2.546,2.5566,2.3684,sl,0,0,-0.7445090337784760408483896308
DRIFTUSDT,0,2026-08-05T01:10:27.0000000Z,0.01223,0.0121885,0.0131315,sl,0,0,-0.6289942763695829926410466067
EPICUSDT,1,2026-08-05T01:10:32.0000000Z,1.0209,1.02437,0.947015,sl,0,0,-0.6298442550690567146635321775
BULLAUSDT,0,2026-08-05T01:27:05.0000000Z,0.01412,0.0140724,0.015279,sl,0,0,-0.6256657223796033994334277620
1000RATSUSDT,0,2026-08-05T01:57:21.0000000Z,0.04701,0.04505814,0.05325594,sl,2,3,1.3800000000000000000000000000
QNTXUSDT,1,2026-08-05T01:57:25.0000000Z,58.77,59.1415,54.9715,sl,0,0,-1.0681878509443593670239918326
ZORAUSDT,0,2026-08-05T02:11:26.0000000Z,0.005934,0.00582559,0.0062755,sl,1,0,-2.8603943377148634984833164813
UBUSDT,0,2026-08-05T02:28:34.0000000Z,0.14863,0.1471845,0.1773525,sl,0,0,-1.5788239251833411828029334589
ACUUSDT,1,2026-08-05T02:47:01.0000000Z,0.08006,0.0816989,0.072054,sl,95,3,1.3800000000000000000000000000
OGNUSDT,0,2026-08-05T02:47:04.0000000Z,0.01491,0.014844,0.0157495,tp,60,3,8.325674044265593561368209256
ICNTUSDT,0,2026-08-05T03:07:30.0000000Z,0.1145,0.10718,0.154765,sl,0,0,-9.709519650655021834061135371
AMDUSDT,0,2026-08-05T03:22:54.0000000Z,483.92,482.6835,529.09,sl,0,0,-0.5032761613489833030252934369
AMDUSDT,0,2026-08-05T03:22:59.0000000Z,484.0,482.6835,529.09,sl,0,0,-0.5280061983471074380165289256
HOMEUSDT,1,2026-08-05T04:16:52.0000000Z,0.009366,0.0094151,0.0079081,sl,0,0,-0.9063549007046764894298526585
GUAUSDT,0,2026-08-05T05:27:18.0000000Z,0.04456,0.044336,0.048417,sl,2,1,-0.12
RKLBUSDT,1,2026-08-05T05:56:27.0000000Z,75.54,75.967,69.649,sl,0,0,-0.9678951548848292295472597299
SQQQUSDT,0,2026-08-05T06:41:55.0000000Z,37.62,37.4095,40.523,sl,0,0,-0.9593141945773524720893141946
XANUSDT,0,2026-08-05T07:40:36.0000000Z,0.014062,0.0137726,0.0149736,sl,0,0,-3.2070430948655952211634191439
ALABUSDT,0,2026-08-05T08:24:39.0000000Z,363.08,359.801,403.317,sl,1,1,-0.12
AIOUSDT,0,2026-08-05T08:24:47.0000000Z,0.04039,0.03912741,0.04480907,sl,1,3,1.3800000000000000000000000000
FLEXUSDT,1,2026-08-05T08:40:35.0000000Z,126.74,127.234,118.104,sl,1,0,-0.7046615117563515859239387723
IRENUSDT,0,2026-08-05T10:27:23.0000000Z,40.16,39.1929472,43.20621632,sl,6,3,1.3800000000000000000000000000
IRENUSDT,0,2026-08-05T10:27:29.0000000Z,40.32,39.4877952,42.94144512,sl,5,3,1.3800000000000000000000000000
SOXSUSDT,0,2026-08-05T10:43:20.0000000Z,44.1,43.229466,47.146869,sl,1,1,-0.12
DELLUSDT,1,2026-08-05T10:43:23.0000000Z,463.39,466.251,430.9945,sl,10,0,-1.0461097563607328600099268436
SAHARAUSDT,0,2026-08-05T12:16:03.0000000Z,0.0078,0.00753821,0.00858538,tp,10,3,14.983461538461538461538461539
VICUSDT,1,2026-08-05T12:16:23.0000000Z,0.03725,0.0375435,0.031104,sl,1,1,-0.12
VICUSDT,1,2026-08-05T12:16:27.0000000Z,0.03728,0.0375435,0.031104,sl,1,1,-0.12
VANRYUSDT,0,2026-08-05T12:16:33.0000000Z,0.003821,0.00366464,0.00431352,sl,0,0,-6.2581837215388641716828055482
EULUSDT,0,2026-08-05T12:32:14.0000000Z,1.419,1.412425,1.53788,sl,0,0,-0.8150317124735729386892177590
ARIAUSDT,0,2026-08-05T13:44:55.0000000Z,0.02877,0.02803493,0.03108548,sl,6,0,-3.9524817518248175182481751825
FIDAUSDT,0,2026-08-05T15:01:52.0000000Z,0.02043,0.020334,0.022558,sl,1,3,1.3800000000000000000000000000
BTCUSDT,1,2026-08-05T15:16:10.0000000Z,64765.9,65808.57,58289.31,sl,92,1,-0.12
ANTHROPICUSDT,1,2026-08-05T15:16:18.0000000Z,1443.94,1469.0955,1368.4735,sl,535,0,-2.7332145380001939138745377228
TLMUSDT,0,2026-08-05T15:16:42.0000000Z,0.00166,0.00165255,0.001809,tp,0,0,13.343855421686746987951807229
VELVETUSDT,1,2026-08-05T16:15:01.0000000Z,0.5096,0.51149,0.467555,sl,0,0,-0.6763186813186813186813186813
CBRSUSDT,0,2026-08-05T16:44:52.0000000Z,216.78,212.303493,230.88099705,sl,3,3,1.3800000000000000000000000000
BIRBUSDT,0,2026-08-05T18:33:30.0000000Z,0.05386,0.0536295,0.057931,sl,1,2,0.6300000000000000000000000000
PTBUSDT,0,2026-08-05T19:47:00.0000000Z,0.0008972,0.00086097,0.00098009,sl,5,3,1.3800000000000000000000000000
INTWUSDT,1,2026-08-05T19:47:11.0000000Z,24.02,24.201,21.871,sl,0,0,-1.2503080766028309741881765196
SOMIUSDT,1,2026-08-05T21:49:22.0000000Z,0.0904,0.091405,0.08136,sl,1,3,1.3800000000000000000000000000
龙虾USDT,1,2026-08-05T21:49:25.0000000Z,0.024932,0.02501305,0.0220124,sl,0,0,-0.6076263436547408952350393069
KORUUSDT,1,2026-08-05T22:02:45.0000000Z,19.21,19.5839,17.289,tp,10,3,14.880000000000000000000000000
STARUSDT,0,2026-08-05T22:29:45.0000000Z,0.08047,0.0804195,0.086494,sl,0,0,-0.2141344600472225674164284827
COTIUSDT,0,2026-08-05T23:23:45.0000000Z,0.013007,0.01292995,0.01418275,sl,0,0,-1.0085600061505343276697163066
MYXUSDT,0,2026-08-05T23:36:28.0000000Z,0.08144,0.080954,0.090239,sl,0,0,-1.0151375245579567779960707269
SKYAIUSDT,1,2026-08-06T00:04:35.0000000Z,0.06142,0.061954,0.0510595,sl,0,0,-1.4241354607619667860631716054
LABUSDT,1,2026-08-06T00:22:04.0000000Z,0.1298,0.13046,0.1156,sl,0,0,-0.8827118644067796610169491526
MYXUSDT,0,2026-08-06T01:38:09.0000000Z,0.08329,0.0820345,0.090385,sl,0,0,-2.3810757593948853403769960379
AXSUSDT,0,2026-08-06T02:07:00.0000000Z,0.877,0.86122277,0.92669827,sl,3,1,-0.12
HOMEUSDT,1,2026-08-06T03:34:21.0000000Z,0.008847,0.00897475,0.008144,sl,0,0,-2.2859884706680230586639538826
AXTIUSDT,0,2026-08-06T03:47:34.0000000Z,68.77,68.531,73.451,sl,0,0,-0.6413028937036498473171441035
LIGHTUSDT,1,2026-08-06T04:00:59.0000000Z,0.1493,0.15035,0.140965,sl,0,0,-1.1749229738780977896851975888
INXUSDT,0,2026-08-06T04:14:26.0000000Z,0.007783,0.00770165,0.0094464,sl,0,0,-1.6878401644610047539509186689
EPICUSDT,0,2026-08-06T06:09:42.0000000Z,0.897,0.892105,1.01538,sl,0,0,-0.9385618729096989966555183946
JCTUSDT,0,2026-08-06T06:24:40.0000000Z,0.004425,0.00434429,0.00467924,sl,5,3,1.3800000000000000000000000000
TRADOORUSDT,0,2026-08-06T09:11:59.0000000Z,0.6186,0.60516401,0.65729566,sl,0,0,-3.3779995150339476236663433560
DODOXUSDT,1,2026-08-06T09:53:42.0000000Z,0.024524,0.0246103,0.0215987,sl,0,0,-0.6478502691241233077801337465
TOWNSUSDT,1,2026-08-06T10:50:42.0000000Z,0.00229,0.00233108,0.002061,sl,7,2,0.6300000000000000000000000000
MINIMAXUSDT,1,2026-08-06T10:50:47.0000000Z,37.37,37.4845,33.85,sl,0,0,-0.5795932566229595932566229596
JCTUSDT,1,2026-08-06T11:17:39.0000000Z,0.004747,0.0047856,0.00420715,sl,0,0,-1.3397177164524963134611333474
ADAUSDT,1,2026-08-06T11:17:43.0000000Z,0.1928,0.194627,0.17352,sl,9,1,-0.12
TAGUSDT,0,2026-08-06T13:32:52.0000000Z,0.001307,0.00128324,0.0013754,sl,4,1,-0.12
SNXXUSDT,0,2026-08-06T14:18:33.0000000Z,10.38,10.2625,11.841,sl,0,0,-1.8179768786127167630057803468
HEMIUSDT,0,2026-08-06T14:34:41.0000000Z,0.005089,0.00499282,0.00539197,sl,1,1,-0.12
BELUSDT,0,2026-08-06T15:22:02.0000000Z,0.10387,0.10121508,0.11223299,sl,0,0,-3.9540040435159333782612881486
AKEUSDT,1,2026-08-06T15:38:48.0000000Z,0.0041483,0.00422892,0.0038808,sl,0,0,-3.0351700696670925439336595714
WDCUSDT,0,2026-08-06T16:24:54.0000000Z,455.93,443.9208038,494.35942784,sl,8,3,1.3799999999999999999999999999
PENGUUSDT,0,2026-08-06T17:07:54.0000000Z,0.006023,0.00588833,0.00650484,sl,7,3,1.3800000000000000000000000000
KOMAUSDT,0,2026-08-06T18:10:41.0000000Z,0.012006,0.0119612,0.013595,sl,0,0,-0.6797201399300349825087456272
LUMIAUSDT,0,2026-08-06T19:03:48.0000000Z,0.08087,0.07937067,0.08559289,sl,3,2,0.6300000000000000000000000000
ARIAUSDT,1,2026-08-06T19:15:44.0000000Z,0.03191,0.0321675,0.027367,sl,0,0,-1.3304356001253525540582889376
HEIUSDT,1,2026-08-06T19:15:49.0000000Z,0.20163,0.201714,0.1629955,sl,0,0,-0.1824907007885731289986609136
TUSDT,1,2026-08-06T21:09:16.0000000Z,0.003529,0.0035855,0.0031761,sl,11,0,-2.5215301785208274298668177954
GRVTUSDT,0,2026-08-06T21:58:46.0000000Z,0.2863,0.28393,0.3157,sl,0,0,-1.3617045057631854697869367796
MASKUSDT,1,2026-08-06T22:35:23.0000000Z,0.3564,0.363903,0.333891,sl,0,0,-3.2778282828282828282828282829
XNYUSDT,0,2026-08-07T01:00:04.0000000Z,0.006992,0.00661822,0.00811335,sl,2,1,-0.12
PIXELUSDT,0,2026-08-07T01:43:12.0000000Z,0.004553,0.00449454,0.00473715,sl,0,0,-2.0459828684383922688337359983
WDCUSDT,0,2026-08-07T02:08:38.0000000Z,455.75,442.239,507.5525,sl,32,3,1.3800000000000000000000000000
EULUSDT,0,2026-08-07T04:19:27.0000000Z,1.2608,1.253315,1.36854,sl,0,0,-1.0105060279187817258883248731
USARUSDT,1,2026-08-07T05:33:34.0000000Z,17.5,17.877,15.75,sl,10,0,-3.3514285714285714285714285713
AIOUSDT,0,2026-08-07T06:58:34.0000000Z,0.03879,0.03775198,0.04205976,tp,11,3,12.524083526682134570765661253
WAXPUSDT,0,2026-08-07T08:37:15.0000000Z,0.003667,0.00364035,0.0040013,sl,3,2,0.6300000000000000000000000000
KMNOUSDT,0,2026-08-07T09:01:22.0000000Z,0.02082,0.02019665,0.02278356,sl,0,0,-4.6109942363112391930835734870
TSLAUSDT,1,2026-08-07T09:51:02.0000000Z,323.52,330.5629,302.3913,sl,19,0,-3.3854395400593471810089020774
RESOLVUSDT,1,2026-08-07T10:28:53.0000000Z,0.02002,0.020172,0.0179965,tp,4,3,15.041088911088911088911088911
LITEUSDT,0,2026-08-07T10:29:03.0000000Z,875.4,868.151688,898.2321828,sl,11,1,-0.12
FIGHTUSDT,0,2026-08-07T11:09:30.0000000Z,0.003227,0.0032039,0.003841,tp,51,3,28.420440037186241090796405330
INXUSDT,0,2026-08-07T12:06:57.0000000Z,0.00733,0.00731075,0.0083657,sl,0,0,-0.5139290586630286493860845839
RECALLUSDT,0,2026-08-07T14:09:47.0000000Z,0.04456,0.04389427,0.04665704,sl,9,3,1.3800000000000000000000000000
WIFUSDT,0,2026-08-07T17:35:55.0000000Z,0.1396,0.1356345,0.1514965,sl,309,3,1.3799999999999999999999999999
MYXUSDT,0,2026-08-07T20:30:45.0000000Z,0.0738,0.0731215,0.081648,sl,9,0,-1.4990650406504065040650406504
GENIUSUSDT,0,2026-08-07T20:43:04.0000000Z,0.341,0.335285,0.36142,sl,7,2,0.6300000000000000000000000000
ACEUSDT,1,2026-08-07T21:22:29.0000000Z,0.10889,0.10925,0.090951,sl,0,0,-0.6159133070070713564147304619
CARVUSDT,0,2026-08-07T21:33:42.0000000Z,0.03134,0.03076272,0.03315844,sl,1,2,0.6300000000000000000000000000
CAPUSDT,0,2026-08-07T22:38:33.0000000Z,0.03514,0.03400568,0.03871311,sl,10,3,1.3800000000000000000000000000
4USDT,0,2026-08-08T01:09:07.0000000Z,0.011252,0.01102313,0.01140365,sl,0,0,-3.1710575897618201208674013508
COTIUSDT,0,2026-08-08T01:23:55.0000000Z,0.012964,0.01277005,0.01448185,sl,0,0,-2.3640990435050910212897253934
CTSIUSDT,0,2026-08-08T02:38:59.0000000Z,0.02587,0.02528792,0.02790726,sl,0,0,-3.4950289911093931194433706996
GRIFFAINUSDT,0,2026-08-08T02:51:10.0000000Z,0.010368,0.01020813,0.01082844,tp,0,0,6.5414583333333333333333333335
ALLOUSDT,1,2026-08-08T03:03:17.0000000Z,0.32522,0.328746,0.294099,sl,3,1,-0.12
REUSDT,1,2026-08-08T03:40:40.0000000Z,0.4063,0.411475,0.3748,sl,0,0,-2.0305340881122323406349987694
SIRENUSDT,1,2026-08-08T07:30:10.0000000Z,0.03265,0.033217,0.028343,sl,3,3,1.3800000000000000000000000000
1000BONKUSDT,0,2026-08-08T08:54:28.0000000Z,0.002532,0.00251625,0.00268175,sl,0,0,-1.0530568720379146919431279621
TSTUSDT,0,2026-08-08T09:18:39.0000000Z,0.01568,0.01477213,0.0185398,sl,0,0,-8.804980867346938775510204081
GUAUSDT,0,2026-08-08T09:54:10.0000000Z,0.03699,0.036474,0.044108,sl,0,0,-2.2124574209245742092457420925
BSBUSDT,0,2026-08-08T10:41:40.0000000Z,0.15549,0.1546685,0.192292,sl,0,0,-0.9124946941925525757283426587
DKNGUSDT,1,2026-08-08T11:42:29.0000000Z,23.99,24.442,22.634,sl,11,0,-2.9461775739891621508962067528
XAIUSDT,1,2026-08-08T12:45:00.0000000Z,0.00677,0.00686627,0.00643306,sl,10,0,-2.2530132939438700147710487445
GUNUSDT,0,2026-08-08T14:10:41.0000000Z,0.003163,0.00310493,0.00334593,sl,0,0,-2.8738729054694909895668668985
PEOPLEUSDT,0,2026-08-08T18:23:13.0000000Z,0.007083,0.00696001,0.00764964,tp,11,3,11.880000000000000000000000000
TRXUSDT,1,2026-08-08T22:07:41.0000000Z,0.32925,0.3338555,0.3154335,sl,238,0,-2.2181776765375854214123006834
PYTHUSDT,0,2026-08-08T22:08:05.0000000Z,0.04002,0.03971745,0.04097304,sl,3,2,0.6300000000000000000000000000
MAGMAUSDT,0,2026-08-08T23:30:44.0000000Z,0.23464,0.22989558,0.25124547,sl,0,0,-3.1529994885782475281281963859
BTRUSDT,0,2026-08-08T23:30:49.0000000Z,0.02658,0.02585756,0.02866064,sl,0,0,-4.1969751693002257336343115124
NILUSDT,0,2026-08-09T00:24:07.0000000Z,0.03535,0.03349985,0.04090045,sl,11,0,-7.970707213578500707213578501
BSPUSDT,0,2026-08-09T00:52:05.0000000Z,44.35,44.2035,47.957,sl,58,3,1.3800000000000000000000000000
ACTUSDT,0,2026-08-09T04:27:19.0000000Z,0.009755,0.00955385,0.0105683,sl,9,3,1.3800000000000000000000000000
PLAYUSDT,0,2026-08-09T04:27:34.0000000Z,0.03807,0.03732763,0.04040845,sl,2,0,-3.0450197005516154452324665090
BILLUSDT,0,2026-08-09T09:13:12.0000000Z,0.02652,0.02598377,0.02820914,sl,1,3,1.3800000000000000000000000000
THEUSDT,0,2026-08-09T09:13:17.0000000Z,0.06526,0.06237029,0.0743626,sl,0,0,-6.7619935642047195832056389825
HMSTRUSDT,0,2026-08-09T10:11:14.0000000Z,0.0002191,0.0002123,0.00024051,sl,0,0,-4.7754084892743039707895937928
CATIUSDT,0,2026-08-09T11:33:52.0000000Z,0.05013,0.04648154,0.06063757,sl,0,0,-11.036995810891681627767803710
XAUUSDT,1,2026-08-09T12:06:59.0000000Z,4345.43,4417.1138,3910.887,sl,144,0,-2.5944547720248629019452620369
ONDSUSDT,1,2026-08-09T21:32:28.0000000Z,9.175,9.3223,8.7331,sl,41,0,-2.5281743869209809264305177111
NFLXUSDT,1,2026-08-09T21:32:32.0000000Z,74.23,75.346,70.882,sl,61,2,0.6300000000000000000000000000
DOLOUSDT,1,2026-08-09T21:44:11.0000000Z,0.02442,0.0248864,0.021978,sl,11,0,-2.9848648648648648648648648649
MORPHOUSDT,1,2026-08-09T23:49:34.0000000Z,1.9349,1.970611,1.827767,sl,10,1,-0.12
ESPORTSUSDT,1,2026-08-10T00:27:53.0000000Z,0.01774,0.01803165,0.01690006,sl,2,1,-0.12
NILUSDT,1,2026-08-10T03:27:06.0000000Z,0.04372,0.0446255,0.039024,sl,0,0,-3.2267017383348581884720951510
BELUSDT,0,2026-08-10T04:02:32.0000000Z,0.10956,0.10618117,0.11929103,sl,7,3,1.3800000000000000000000000000
龙虾USDT,0,2026-08-10T04:27:10.0000000Z,0.022499,0.02069278,0.0252053,sl,0,0,-12.162001866749633317036312725
MAGMAUSDT,0,2026-08-10T06:49:27.0000000Z,0.18996,0.1852235,0.223194,sl,0,0,-3.8601295009475679090334807328
我踏马来了USDT,0,2026-08-10T06:49:33.0000000Z,0.010395,0.0099977,0.01164649,sl,0,0,-5.8530447330447330447330447330
BEATUSDT,1,2026-08-10T07:01:17.0000000Z,2.595,2.6362,2.1513,sl,1,3,1.3800000000000000000000000000
XNYUSDT,1,2026-08-10T09:48:39.0000000Z,0.007163,0.0072707,0.0058701,sl,4,2,0.6300000000000000000000000000
1000CATUSDT,0,2026-08-10T10:24:47.0000000Z,0.001826,0.0018066,0.0020995,sl,0,0,-1.7136473165388828039430449070
MVLLUSDT,0,2026-08-10T10:37:47.0000000Z,28.93,28.1506258,31.1745977,sl,0,0,-4.1610000000000000000000000000
我踏马来了USDT,0,2026-08-10T11:02:21.0000000Z,0.011086,0.01056119,0.01273916,sl,1,1,-0.12
ROBOUSDT,0,2026-08-10T11:59:56.0000000Z,0.01604,0.0153923,0.01808024,sl,0,0,-6.1770448877805486284289276810
BTCUSDT,0,2026-08-10T12:55:55.0000000Z,64290.7,63201.0475,69433.956,sl,9,1,-0.12
BSPUSDT,0,2026-08-10T15:24:18.0000000Z,52.74,51.4204452,56.54031782,sl,0,0,-3.8730000000000000000000000000
DODOXUSDT,0,2026-08-10T16:33:27.0000000Z,0.020313,0.02019345,0.02271765,tp,10,3,17.636978289765175011076650421
LIGHTUSDT,0,2026-08-10T16:33:38.0000000Z,0.15978,0.15635751,0.170724,tp,11,3,10.154126924521216672925272250
AKEUSDT,0,2026-08-10T18:33:48.0000000Z,0.0040523,0.00397109,0.00420566,sl,0,0,-3.1260706265577573230017520914
GUAUSDT,1,2026-08-10T20:04:00.0000000Z,0.05539,0.0590455,0.035438,sl,8,3,1.3800000000000000000000000000
ACTUSDT,0,2026-08-10T20:30:28.0000000Z,0.011153,0.01083112,0.01227956,sl,4,3,1.3800000000000000000000000000
VIRTUALUSDT,0,2026-08-10T21:08:34.0000000Z,0.5541,0.546579,0.598428,sl,70,0,-2.1560043313481321061180292366
BICOUSDT,0,2026-08-10T22:50:42.0000000Z,0.04315,0.03982,0.064622,sl,8,3,1.3800000000000000000000000000
CRWDUSDT,1,2026-08-10T23:17:44.0000000Z,225.25,229.4316,202.725,sl,57,3,1.3799999999999999999999999999
VELODROMEUSDT,0,2026-08-11T00:03:23.0000000Z,0.01746,0.0173065,0.021199,sl,7,3,1.3800000000000000000000000000
MERLUSDT,0,2026-08-11T02:19:13.0000000Z,0.02075,0.02038273,0.02190692,sl,2,2,0.6300000000000000000000000000
COHRUSDT,0,2026-08-11T02:28:37.0000000Z,331.42,327.106,360.753,sl,10,0,-2.0725073924325629111097700803
ERAUSDT,0,2026-08-11T04:26:00.0000000Z,0.06715,0.0658571,0.072522,sl,7,3,1.3800000000000000000000000000
SPACEUSDT,0,2026-08-11T04:49:19.0000000Z,0.005385,0.00520344,0.00592968,sl,4,2,0.6300000000000000000000000000
TRBUSDT,0,2026-08-11T05:00:47.0000000Z,13.6,13.245295,14.688,sl,38,1,-0.12
SAMSUNGUSDT,1,2026-08-11T21:25:04.0000000Z,171.49,174.95,164.0,sl,11,0,-3.1464155344334946644119190624
DOTUSDT,1,2026-08-11T22:09:50.0000000Z,0.7904,0.7927,0.7795,sl,11,0,-0.5564878542510121457489878543
BTCDOMUSDT,0,2026-08-11T22:20:48.0000000Z,5457.4,5379.957,5893.992,time,582,1,1.4054516802873163044673287646
AVAXUSDT,1,2026-08-12T04:36:07.0000000Z,6.32,6.34985714,6.22242857,tp,10,1,2.1957776107594936708860759493
DOTUSDT,1,2026-08-12T11:38:44.0000000Z,0.7944,0.79815714,0.78312857,tp,11,1,2.0082911631419939577039274924
ADAUSDT,1,2026-08-12T11:59:59.0000000Z,0.2023,0.205939,0.18207,tp,11,3,14.880000000000000000000000000
CSOPSKHYNIX2LUSDT,1,2026-08-12T16:12:09.0000000Z,4.146,4.36828571,3.37914286,sl,11,0,-8.162174746743849493487698987
GWEIUSDT,1,2026-08-12T18:44:23.0000000Z,0.02509,0.02665286,0.02079429,sl,9,3,1.3800000000000000000000000000
KORUUSDT,1,2026-08-12T21:13:23.0000000Z,20.39,21.12142857,18.68714286,sl,11,0,-5.5007888916135360470819028935
DRAMUSDT,1,2026-08-12T22:08:38.0000000Z,55.4,55.60428571,54.60142857,sl,7,1,-0.12
MINIMAXUSDT,1,2026-08-12T22:54:19.0000000Z,46.14,46.5425,44.855,sl,10,0,-1.4285175552665799739921976593
CSOPSAMSUNG2LUSDT,1,2026-08-12T23:23:26.0000000Z,10.19,10.54285714,9.41071429,sl,2,1,-0.12
MYXUSDT,1,2026-08-13T00:13:05.0000000Z,0.07313,0.07362571,0.07104286,sl,0,0,-1.1367715028032271297689046903
4USDT,1,2026-08-13T00:58:12.0000000Z,0.010823,0.01155525,0.00890625,sl,42,2,0.6300000000000000000000000000
CAPUSDT,1,2026-08-13T01:58:13.0000000Z,0.0574,0.06148321,0.04287036,sl,1,3,1.3800000000000000000000000000
REUSDT,1,2026-08-13T01:58:17.0000000Z,0.4349,0.45012429,0.38842714,sl,5,2,0.6300000000000000000000000000
HYPEUSDT,1,2026-08-13T02:31:57.0000000Z,57.14,57.24142857,56.18714286,sl,10,1,-0.12
EWYUSDT,1,2026-08-13T05:04:47.0000000Z,177.37,178.40928571,174.48142857,tp,11,2,2.3228353977561030613970795512
SKHYUSDT,1,2026-08-13T05:04:54.0000000Z,155.28,156.30321429,152.87357143,sl,0,0,-1.1084218411901081916537867079
BARDUSDT,1,2026-08-13T06:38:23.0000000Z,0.1152,0.11673036,0.11180929,sl,11,0,-2.1126562499999999999999999999
AVAAIUSDT,1,2026-08-13T06:45:58.0000000Z,0.011344,0.01270129,0.00904807,sl,5,3,1.3800000000000000000000000000
PRLUSDT,1,2026-08-13T07:19:21.0000000Z,0.3331,0.34128571,0.30952857,tp,11,3,10.494573701591113779645752026
ESPORTSUSDT,1,2026-08-13T07:34:39.0000000Z,0.01621,0.01657429,0.01498857,sl,4,3,1.3800000000000000000000000001
BEUSDT,1,2026-08-13T10:44:12.0000000Z,239.6,250.31285714,222.63071429,sl,11,2,0.6300000000000000000000000000
CYSUSDT,1,2026-08-13T11:01:30.0000000Z,1.6521,1.81445714,1.25782857,tp,10,3,35.677297076448156891229344470
STRKUSDT,1,2026-08-13T11:19:52.0000000Z,0.02346,0.02361321,0.02306357,tp,11,2,2.4147186700767263427109974425
SMCIUSDT,0,2026-08-13T11:20:05.0000000Z,39.26,38.8030136,40.69950716,sl,0,0,-1.8660000000000000000000000000
GIGGLEUSDT,1,2026-08-13T12:55:34.0000000Z,38.04,40.23142857,33.50714286,tp,8,3,17.754042350157728706624605678
STARUSDT,1,2026-08-13T12:55:40.0000000Z,0.08863,0.09253321,0.07968036,tp,11,3,15.026632065891910188423784271
LUNA2USDT,1,2026-08-13T13:43:58.0000000Z,0.04365,0.04466143,0.04210786,tp,11,3,5.1794501718213058419243986254
GUAUSDT,1,2026-08-13T15:08:29.0000000Z,0.05146,0.05363714,0.04492857,tp,11,3,18.918369607462106490478041197
EDUUSDT,1,2026-08-13T20:24:56.0000000Z,0.0406,0.04153214,0.03756357,sl,1,3,1.3800000000000000000000000000
GRVTUSDT,1,2026-08-13T20:40:24.0000000Z,0.3394,0.34348393,0.32553214,tp,11,3,6.0089893930465527401296405422
CTRUSDT,1,2026-08-13T21:07:24.0000000Z,0.008758,0.00889214,0.00823557,sl,3,3,1.3800000000000000000000000000
VELVETUSDT,1,2026-08-13T21:16:47.0000000Z,0.7155,0.78121429,0.54627143,sl,4,2,0.6300000000000000000000000000
SWARMSUSDT,1,2026-08-13T21:48:24.0000000Z,0.008383,0.00863104,0.00765089,sl,9,3,1.3800000000000000000000000000
EDENUSDT,1,2026-08-13T21:59:29.0000000Z,0.07392,0.07999143,0.05421714,sl,3,3,1.3800000000000000000000000000
LUMIAUSDT,1,2026-08-13T23:37:08.0000000Z,0.07833,0.07952857,0.07590286,tp,11,3,4.5279126771351972424358483340
USELESSUSDT,1,2026-08-13T23:56:05.0000000Z,0.03782,0.03890571,0.03472286,sl,11,0,-4.4260946589106292966684294024
HOMEUSDT,1,2026-08-14T01:30:25.0000000Z,0.010793,0.01122371,0.00907657,sl,4,3,1.3800000000000000000000000000
2ZUSDT,1,2026-08-14T02:11:15.0000000Z,0.0517,0.05331714,0.04801571,sl,2,3,1.3800000000000000000000000000
HOMEUSDT,1,2026-08-14T03:43:47.0000000Z,0.011161,0.01144689,0.01037621,sl,1,3,1.3800000000000000000000000000
GENIUSUSDT,1,2026-08-14T04:46:27.0000000Z,0.3935,0.398575,0.37855,sl,3,3,1.3800000000000000000000000000
BSVUSDT,1,2026-08-14T06:41:22.0000000Z,15.284,15.39471429,14.99357143,sl,0,0,-1.2065704985605862339701648783
MOVEUSDT,1,2026-08-14T10:11:34.0000000Z,0.00673,0.00713143,0.00548571,sl,1,3,1.3800000000000000000000000000
BOMEUSDT,1,2026-08-14T11:40:02.0000000Z,0.0007689,0.00083653,0.00055249,sl,11,3,1.3800000000000000000000000000
GRVTUSDT,1,2026-08-14T11:40:14.0000000Z,0.34319,0.34955429,0.32848143,sl,0,0,-2.9016763308954223607913983508
ALGOUSDT,1,2026-08-14T13:00:41.0000000Z,0.07903,0.07983429,0.07657714,sl,10,0,-1.6465532076426673415158800455
SHAZUSDT,1,2026-08-14T13:11:50.0000000Z,71.78,74.49857143,64.90285714,sl,1,3,1.3800000000000000000000000000
AVNTUSDT,1,2026-08-14T14:43:50.0000000Z,0.10853,0.11497607,0.08899179,sl,9,3,1.3800000000000000000000000000
BTWUSDT,1,2026-08-14T15:23:35.0000000Z,0.304,0.31232393,0.28645214,sl,2,1,-0.12
ACEUSDT,1,2026-08-14T18:02:06.0000000Z,0.29477,0.33137143,0.15428571,sl,3,3,1.3800000000000000000000000000
HEIUSDT,1,2026-08-14T20:02:06.0000000Z,0.16639,0.16888585,0.11208857,sl,10,3,1.3800000000000000000000000000
RECALLUSDT,1,2026-08-14T21:40:40.0000000Z,0.04968,0.05039357,0.04807286,sl,9,1,-0.12
UNIUSDT,1,2026-08-14T21:54:00.0000000Z,3.202,3.23514286,3.08257143,sl,11,0,-1.6726011867582760774515927545
ROBOUSDT,1,2026-08-14T22:46:07.0000000Z,0.01738,0.01793714,0.01426857,sl,8,3,1.3799999999999999999999999999
BLESSUSDT,1,2026-08-14T22:58:31.0000000Z,0.010291,0.01107971,0.00868057,sl,8,3,1.3800000000000000000000000000
BRUSDT,1,2026-08-15T00:00:24.0000000Z,0.23515,0.24044087,0.16488607,sl,4,3,1.3800000000000000000000000000
APRUSDT,1,2026-08-15T00:46:39.0000000Z,0.5311,0.56037857,0.36366429,sl,1,3,1.3800000000000000000000000000
ROBOUSDT,1,2026-08-15T00:58:07.0000000Z,0.0189,0.019065,0.01500107,sl,4,3,1.3800000000000000000000000001
CHIPUSDT,1,2026-08-15T01:40:33.0000000Z,0.02351,0.02401393,0.02215821,sl,11,0,-3.3352062951935346660995321140
4USDT,1,2026-08-15T02:00:08.0000000Z,0.010231,0.01076686,0.00915329,sl,10,0,-7.976416772554002541296060991
KITEUSDT,1,2026-08-15T02:10:47.0000000Z,0.09651,0.09767286,0.09115429,sl,11,0,-1.9273671122163506372396642835
VELVETUSDT,1,2026-08-15T02:54:09.0000000Z,1.0331,1.1129,0.74390357,sl,1,3,1.3800000000000000000000000000
NILUSDT,1,2026-08-15T03:27:30.0000000Z,0.04756,0.049476,0.039915,sl,7,3,1.3800000000000000000000000000
ONGUSDT,1,2026-08-15T03:37:28.0000000Z,0.04719,0.04826929,0.04255214,sl,10,3,1.3800000000000000000000000000
HUSDT,1,2026-08-15T05:20:01.0000000Z,0.12013,0.12587714,0.09158429,sl,3,3,1.3800000000000000000000000000
FOLKSUSDT,1,2026-08-15T05:32:10.0000000Z,2.074,2.13693333,1.80571429,sl,10,0,-4.6715908871745419479267116682
HEMIUSDT,1,2026-08-15T05:32:16.0000000Z,0.0057,0.005704,0.00492954,sl,9,3,1.3800000000000000000000000000
HPEUSDT,1,2026-08-15T05:53:37.0000000Z,61.88,63.51857143,58.39714286,tp,11,3,8.322607805429864253393665158
AKEUSDT,1,2026-08-15T06:14:00.0000000Z,0.0102461,0.01152233,0.00427154,sl,10,3,1.3800000000000000000000000000
COAIUSDT,1,2026-08-15T06:14:03.0000000Z,0.343,0.34384643,0.33140714,tp,11,3,4.9497638483965014577259475218
PRLUSDT,1,2026-08-15T06:39:24.0000000Z,0.3955,0.43047143,0.34429286,sl,1,2,0.6300000000000000000000000000
COWUSDT,1,2026-08-15T09:23:03.0000000Z,0.1509,0.16359286,0.13261071,sl,1,3,1.3799999999999999999999999999
ZEREBROUSDT,1,2026-08-15T13:09:25.0000000Z,0.038638,0.03921268,0.03735064,sl,2,1,-0.12
ICNTUSDT,1,2026-08-15T14:06:28.0000000Z,0.137,0.14055357,0.12959286,tp,11,3,7.990007299270072992700729927
TURTLEUSDT,1,2026-08-15T16:07:34.0000000Z,0.04377,0.04413179,0.04265643,sl,11,0,-1.3598560657984921178889650446
PIPPINUSDT,1,2026-08-15T18:55:02.0000000Z,0.01738,0.01748786,0.01686429,sl,5,2,0.6300000000000000000000000000
JELLYJELLYUSDT,1,2026-08-15T20:26:11.0000000Z,0.0598,0.06000964,0.05890071,tp,2,1,2.1357441471571906354515050167
PIXELUSDT,1,2026-08-15T23:11:04.0000000Z,0.005064,0.00512586,0.00413029,sl,8,3,1.3800000000000000000000000000
USUSDT,1,2026-08-15T23:11:15.0000000Z,0.017481,0.01849667,0.01458221,sl,3,0,-8.835205079800926720439334134
ANTHROPICUSDT,1,2026-08-16T01:38:55.0000000Z,1814.31,1840.65928571,1735.94214286,sl,9,3,1.3799999999999999999999999999
HUMAUSDT,1,2026-08-16T02:44:27.0000000Z,0.021545,0.022478,0.0200155,tp,10,3,10.528642376421443490368995126
CETUSUSDT,1,2026-08-16T04:26:43.0000000Z,0.02153,0.02178682,0.02074636,sl,0,0,-1.9092707849512308406874129122
OPGUSDT,1,2026-08-16T04:48:01.0000000Z,0.0997,0.10038214,0.09533571,sl,6,3,1.3800000000000000000000000000
ETHFIUSDT,1,2026-08-16T05:44:11.0000000Z,0.477,0.4877325,0.42010714,sl,3,2,0.6300000000000000000000000000
AIOUSDT,1,2026-08-16T06:07:40.0000000Z,0.06486,0.06573033,0.04265607,sl,1,3,1.3800000000000000000000000000
TOWNSUSDT,1,2026-08-16T06:19:55.0000000Z,0.002265,0.00230261,0.00215379,sl,1,2,0.6300000000000000000000000000
GRIFFAINUSDT,1,2026-08-16T08:39:23.0000000Z,0.013221,0.0136152,0.01168425,sl,11,3,1.3800000000000000000000000000
YBUSDT,1,2026-08-16T09:11:20.0000000Z,0.08199,0.08380607,0.07817786,sl,1,2,0.6300000000000000000000000000
HEIUSDT,1,2026-08-16T09:11:31.0000000Z,0.13561,0.14016133,0.12137179,sl,1,3,1.3800000000000000000000000000
ROBOUSDT,1,2026-08-16T09:44:31.0000000Z,0.01426,0.01459,0.01279,sl,6,3,1.3800000000000000000000000000
ARIAUSDT,1,2026-08-16T10:15:25.0000000Z,0.03456,0.03504714,0.03355571,sl,1,2,0.6300000000000000000000000000
HUSDT,1,2026-08-16T10:28:02.0000000Z,0.16604,0.17330857,0.13066214,tp,11,3,31.840244519392917369308600338
BUSDT,1,2026-08-16T10:28:11.0000000Z,0.1511,0.15286429,0.14300714,sl,7,2,0.6300000000000000000000000000
币安人生USDT,1,2026-08-16T11:12:36.0000000Z,0.5008,0.51063036,0.48023929,sl,3,3,1.3800000000000000000000000000
BTCUSDT,1,2026-08-16T13:10:18.0000000Z,62961.3,63317.6,61967.6,sl,12,0,-0.9688547726937023219025019999
BICOUSDT,0,2026-08-16T13:19:45.0000000Z,0.02363,0.02241636,0.02751364,sl,9,3,1.3800000000000000000000000000
EPICUSDT,1,2026-08-16T13:54:28.0000000Z,0.3587,0.37135714,0.33396429,sl,1,1,-0.12
SENTUSDT,1,2026-08-16T13:54:33.0000000Z,0.012915,0.01291571,0.01277286,tp,16,0,1.5308710801393728222996515679
PORTALUSDT,1,2026-08-16T14:04:01.0000000Z,0.014219,0.01436757,0.01076886,sl,0,0,-1.6873043111329910682889092059
AKEUSDT,1,2026-08-16T15:01:33.0000000Z,0.010217,0.01223191,0.00753213,sl,3,3,1.3800000000000000000000000000
BTRUSDT,1,2026-08-16T15:12:43.0000000Z,0.03033,0.030665,0.02954,sl,10,2,0.6300000000000000000000000000
TAKEUSDT,1,2026-08-16T15:42:49.0000000Z,0.05013,0.051522,0.04332214,sl,4,3,1.3800000000000000000000000000
USUSDT,1,2026-08-16T17:04:03.0000000Z,0.018006,0.01871367,0.01596479,sl,2,2,0.6300000000000000000000000000
THETAUSDT,1,2026-08-16T18:43:27.0000000Z,0.1456,0.14958571,0.13642857,tp,11,3,9.328588598901098901098901099
RVNUSDT,1,2026-08-16T18:43:41.0000000Z,0.002873,0.00290925,0.0027945,sl,7,1,-0.12
ONGUSDT,1,2026-08-16T22:13:11.0000000Z,0.05269,0.05708714,0.04511929,sl,11,0,-12.637954070981210855949895616
NXPCUSDT,1,2026-08-16T22:13:16.0000000Z,0.1935,0.1975,0.184,sl,11,0,-3.2207751937984496124031007752
ACUUSDT,1,2026-08-16T23:29:25.0000000Z,0.12896,0.135346,0.10747071,tp,11,3,24.875296991315136476426799006
GPSUSDT,1,2026-08-16T23:49:50.0000000Z,0.01137,0.01226443,0.00932586,sl,4,3,1.3800000000000000000000000000
ICPUSDT,1,2026-08-17T03:49:49.0000000Z,2.298,2.3245,2.1505,sl,10,1,-0.12
BSBUSDT,1,2026-08-17T05:41:42.0000000Z,0.12827,0.13411,0.11055,sl,2,1,-0.12
APEUSDT,1,2026-08-17T05:41:53.0000000Z,0.1245,0.12507964,0.12334071,sl,6,0,-0.8183614457831325301204819277
ACEUSDT,1,2026-08-17T07:04:31.0000000Z,0.15639,0.16981643,0.12668714,sl,6,3,1.3800000000000000000000000001
XANUSDT,1,2026-08-17T07:04:43.0000000Z,0.010178,0.01032257,0.00974029,sl,10,0,-2.2506248771860876400078600903
PRLUSDT,0,2026-08-17T09:26:22.0000000Z,0.4014,0.39080304,0.43191924,sl,2,0,-4.0800000000000000000000000000
POWERUSDT,1,2026-08-17T09:56:54.0000000Z,0.09124,0.09350429,0.08280714,sl,1,2,0.6300000000000000000000000000
XPTUSDT,1,2026-08-17T10:09:44.0000000Z,1765.55,1770.37107143,1747.32785714,sl,0,0,-0.5295951485372829996318427685
DOGEUSDT,1,2026-08-17T12:03:33.0000000Z,0.07013,0.07028679,0.06975643,sl,10,0,-0.4553557678596891487237986596
BLUAIUSDT,1,2026-08-17T12:03:47.0000000Z,0.013204,0.01321757,0.01258886,sl,3,3,1.3800000000000000000000000000
TUTUSDT,1,2026-08-17T12:44:10.0000000Z,0.03888,0.040207,0.02754236,sl,9,3,1.3800000000000000000000000000
CLUSDT,1,2026-08-17T14:15:55.0000000Z,82.05,82.285,80.89,sl,10,0,-0.5496160877513711151736745887
JCTUSDT,1,2026-08-17T14:16:08.0000000Z,0.002461,0.00247054,0.00233393,tp,0,0,7.6250223486387647297846403901
GWEIUSDT,1,2026-08-17T16:02:31.0000000Z,0.02347,0.02428333,0.02097429,sl,4,3,1.3800000000000000000000000000
ATUSDT,1,2026-08-17T16:02:51.0000000Z,0.1588,0.16356714,0.14926571,tp,10,3,8.885941435768261964735516372
SXTUSDT,1,2026-08-17T18:25:16.0000000Z,0.007176,0.007295,0.006899,sl,3,1,-0.12
DEXEUSDT,1,2026-08-17T19:28:13.0000000Z,1.951,1.9805,1.886,sl,4,1,-0.12
BEATUSDT,1,2026-08-17T20:01:23.0000000Z,0.448,0.4588,0.25686429,tp,10,3,63.876331473214285714285714285
DOLOUSDT,1,2026-08-17T21:13:40.0000000Z,0.02458,0.02697,0.01755321,sl,3,3,1.3800000000000000000000000000
STBLUSDT,1,2026-08-17T21:13:55.0000000Z,0.02649,0.02803143,0.02482786,time,11,0,-2.9512570781426953567383918460
BLESSUSDT,1,2026-08-17T21:14:12.0000000Z,0.008261,0.00843771,0.00766286,time,11,3,6.9614671347294516402372594118
LABUSDT,1,2026-08-17T22:06:35.0000000Z,0.083,0.08688857,0.07492286,time,7,3,2.5004819277108433734939759036
PIEVERSEUSDT,1,2026-08-18T02:05:49.0000000Z,0.9871,1.02634286,0.88401429,sl,1,1,-0.12
HYUNDAIUSDT,1,2026-08-18T21:04:00.0000000Z,297.17,299.86428571,293.84714286,tp,10,0,1.5572506343170575764713800182
CYSUSDT,1,2026-08-19T06:08:03.0000000Z,0.5468,0.58118571,0.39312857,sl,4,3,1.3800000000000000000000000000
LLYUSDT,1,2026-08-19T08:19:17.0000000Z,1227.2,1229.90142857,1218.67714286,sl,10,0,-0.4501941700619295958279009126
RSRUSDT,1,2026-08-19T09:04:10.0000000Z,0.001204,0.00120697,0.00114106,sl,7,3,1.3800000000000000000000000000
MEITUANUSDT,1,2026-08-19T13:41:12.0000000Z,11.36,11.54285714,10.87428571,tp,11,3,6.2934809419014084507042253521
BMTUSDT,1,2026-08-19T14:08:31.0000000Z,0.01622,0.01675033,0.01424221,sl,5,3,1.3799999999999999999999999999
HUMAUSDT,1,2026-08-19T18:04:50.0000000Z,0.02108,0.02124607,0.02074786,tp,1,0,2.2434250474383301707779886148
COOKIEUSDT,1,2026-08-19T18:05:01.0000000Z,0.011332,0.01136036,0.01098429,sl,2,2,0.6300000000000000000000000000
ARCUSDT,1,2026-08-19T19:46:23.0000000Z,0.07297,0.07430036,0.07004946,sl,4,3,1.3800000000000000000000000000
CASHCATUSDT,1,2026-08-19T21:24:06.0000000Z,0.11324,0.11687321,0.09751357,sl,1,3,1.3800000000000000000000000000
ZHONGJIUSDT,1,2026-08-19T22:02:59.0000000Z,141.16,142.05928571,134.66214286,sl,5,2,0.6300000000000000000000000000
MOUSDT,1,2026-08-20T00:46:20.0000000Z,65.98,66.97821429,63.68357143,sl,9,0,-2.3893565247044558957259775690
2ZUSDT,1,2026-08-20T05:17:58.0000000Z,0.05289,0.05320357,0.05151286,sl,8,2,0.6300000000000000000000000000
PUMPFUNUSDT,1,2026-08-20T06:27:26.0000000Z,0.003146,0.00330667,0.00270629,sl,9,0,-7.7806802288620470438652256834
PIEVERSEUSDT,1,2026-08-20T07:49:37.0000000Z,0.9334,0.949575,0.89715,sl,0,0,-2.7193679022926933790443539747
BRETTUSDT,1,2026-08-20T08:39:56.0000000Z,0.004363,0.00451786,0.00402029,sl,1,3,1.3800000000000000000000000000
XTZUSDT,1,2026-08-20T09:59:51.0000000Z,0.2175,0.21959286,0.21271429,sl,20,0,-1.5633517241379310344827586207
DEEPUSDT,1,2026-08-20T11:14:35.0000000Z,0.01439,0.0146125,0.013825,sl,0,0,-2.4393189715079916608756080611
VELODROMEUSDT,1,2026-08-21T05:58:47.0000000Z,0.019964,0.02057686,0.01812543,sl,11,0,-4.7247385293528351031857343218
RSRUSDT,1,2026-08-21T05:58:51.0000000Z,0.001438,0.00147657,0.00132514,sl,1,0,-4.1432962447844228094575799723
PIEVERSEUSDT,1,2026-08-21T07:04:43.0000000Z,1.0977,1.12075333,0.88692143,sl,6,3,1.3800000000000000000000000000
ICXUSDT,1,2026-08-21T07:16:43.0000000Z,0.01663,0.01718433,0.01493929,sl,2,1,-0.12
SCRTUSDT,1,2026-08-21T07:33:43.0000000Z,0.02229,0.02400714,0.01648571,sl,10,3,1.3800000000000000000000000000
BICOUSDT,1,2026-08-21T11:30:53.0000000Z,0.01947,0.0201996,0.01532379,sl,2,3,1.3800000000000000000000000000
MINAUSDT,1,2026-08-21T15:22:48.0000000Z,0.0512,0.05302357,0.04620929,sl,11,0,-5.462490234375
GASUSDT,1,2026-08-21T21:04:11.0000000Z,1.163,1.21014286,1.05757143,sl,11,0,-6.2003344797936371453138435083
MUBARAKUSDT,1,2026-08-22T00:34:33.0000000Z,0.02264,0.02355971,0.01957057,sl,7,3,1.3800000000000000000000000000
MUBARAKUSDT,1,2026-08-22T00:34:37.0000000Z,0.02266,0.022971,0.01923814,sl,7,3,1.3800000000000000000000000000
ASTRUSDT,1,2026-08-22T00:34:54.0000000Z,0.005452,0.00556214,0.00521371,sl,5,0,-3.1502641232575201760821716801
SSVUSDT,1,2026-08-22T02:05:25.0000000Z,2.858,3.08171429,2.56742857,sl,3,1,-0.12
FORMUSDT,1,2026-08-22T02:05:37.0000000Z,0.2805,0.28881429,0.23717143,sl,3,3,1.3800000000000000000000000000
MELANIAUSDT,1,2026-08-22T02:06:02.0000000Z,0.14064,0.1427496,0.08992143,sl,9,3,1.3800000000000000000000000000
DRIFTUSDT,1,2026-08-22T02:14:44.0000000Z,0.01368,0.01442429,0.01188714,sl,5,3,1.3800000000000000000000000000
BSVUSDT,1,2026-08-22T02:14:46.0000000Z,18.52,19.00357143,17.10928571,sl,1,2,0.6300000000000000000000000000
LYNUSDT,1,2026-08-23T03:35:08.0000000Z,0.04016,0.0453894,0.0192424,time,1333,3,15.193745019920318725099601594
SCRTUSDT,0,2026-08-23T22:44:35.0000000Z,0.01768,0.017405,0.018655,sl,0,0,-2.4531447963800904977375565610
INXUSDT,1,2026-08-24T12:35:19.0000000Z,0.006937,0.00713207,0.00612318,sl,5,3,1.3800000000000000000000000000
ZHONGJIUSDT,0,2026-08-24T22:33:23.0000000Z,130.98,128.43,135.6095,sl,6,0,-3.0402931745304626660558863949
STORJUSDT,0,2026-08-25T01:13:10.0000000Z,0.05141,0.04878192,0.05968845,sl,2,3,1.3800000000000000000000000000
CSOPSKHYNIX2LUSDT,1,2026-08-25T11:55:45.0000000Z,4.75,4.78725,4.625875,sl,0,0,-1.2963157894736842105263157895
MELANIAUSDT,0,2026-08-25T13:16:20.0000000Z,0.10687,0.106706,0.11006325,sl,0,0,-0.3501862075418733040142228876
PUNDIXUSDT,0,2026-08-25T14:23:59.0000000Z,0.09194,0.0915065,0.097238,sl,0,0,-0.8272547313465303458777463563
USUALUSDT,0,2026-08-25T15:47:12.0000000Z,0.01158,0.0115254,0.0120048,sl,0,0,-0.8272538860103626943005181347
KMNOUSDT,0,2026-08-25T16:03:06.0000000Z,0.02667,0.02621874,0.02809146,sl,1,3,1.3800000000000000000000000000
FLNCUSDT,0,2026-08-25T16:17:07.0000000Z,11.4,11.288,11.795,sl,10,0,-1.5936842105263157894736842105
USTCUSDT,0,2026-08-25T16:38:27.0000000Z,0.00539,0.0053631,0.00558725,sl,0,0,-0.8686085343228200371057513915
SKRUSDT,1,2026-08-27T00:26:10.0000000Z,0.008285,0.00829425,0.007948,sl,0,0,-0.2874713337356668678334339167
MUBARAKUSDT,0,2026-08-27T01:41:14.0000000Z,0.019392,0.019272,0.02065625,sl,0,0,-1.0482178217821782178217821782
MRNAUSDT,1,2026-08-27T08:22:33.0000000Z,158.0,161.63607143,142.49178571,tp,11,3,14.602988250000000000000000000
BRETTUSDT,0,2026-08-27T15:30:10.0000000Z,0.005449,0.00533457,0.0057019,sl,3,1,-0.12
BRETTUSDT,0,2026-08-27T15:30:15.0000000Z,0.005449,0.00525284,0.0057019,sl,3,1,-0.12
SAMSUNGEMUSDT,0,2026-08-28T02:19:08.0000000Z,1040.58,1027.3438224,1082.27395944,sl,14,0,-2.0280000000000000000000000005
WENUSDT,1,2026-08-28T08:35:17.0000000Z,7.76,8.10546667,6.83375,sl,22,0,-6.7978351159793814432989690721
LSKUSDT,0,2026-08-28T13:01:00.0000000Z,0.09628,0.095736,0.101025,sl,1,0,-0.9675280432073120066472787703
CTRUSDT,0,2026-08-28T13:01:07.0000000Z,0.009732,0.00953075,0.0101006,sl,1,3,1.3800000000000000000000000000
PYPLUSDT,1,2026-08-28T14:17:44.0000000Z,54.0,54.225,52.306,sl,0,0,-0.7450000000000000000000000000
CRMUSDT,0,2026-08-28T15:51:07.0000000Z,260.36,257.9855168,267.83962208,sl,11,0,-1.4880000000000000000000000000
FWDIUSDT,0,2026-08-29T10:05:14.0000000Z,5.944,5.9241,6.20325,sl,0,0,-0.6221870794078061911170928668
KOMAUSDT,1,2026-08-29T10:34:42.0000000Z,0.014263,0.01457827,0.012101,sl,3,3,1.3800000000000000000000000000
SKYAI1USDT,1,2026-08-29T13:20:37.0000000Z,0.05516,0.05612429,0.05182714,sl,5,1,-0.12
SKRUSDT,0,2026-08-29T23:41:05.0000000Z,0.011235,0.01031688,0.0118812,tp,2,0,8.507503337783711615487316422
SHAZUSDT,1,2026-08-30T06:43:09.0000000Z,53.03,53.19714286,52.52857143,tp,11,0,1.2983346313407505185743918537
ZKPUSDT,0,2026-08-30T06:43:13.0000000Z,0.05398,0.053574,0.0579055,sl,1,0,-1.2481956280103742126713597629
SUPERUSDT,1,2026-08-30T20:49:48.0000000Z,0.12795,0.133548,0.10558286,tp,10,3,26.101735052754982415005861665
AEVOUSDT,0,2026-08-31T03:29:08.0000000Z,0.02275,0.0223945,0.024212,sl,7,3,1.3800000000000000000000000000
NOTUSDT,1,2026-08-31T06:16:35.0000000Z,0.0004408,0.00044609,0.00041701,sl,0,0,-1.9201361161524500907441016334
TWTUSDT,1,2026-08-31T06:38:08.0000000Z,0.485,0.50550357,0.44228929,sl,11,3,1.3800000000000000000000000000
ORCAUSDT,0,2026-08-31T08:48:46.0000000Z,1.2904,1.28255,1.33015,sl,0,0,-1.0325077495350278983261004339
FLUXUSDT,0,2026-08-31T09:36:40.0000000Z,0.04979,0.04842177,0.05409992,sl,16,0,-4.2420024101225145611568588070
ANIMEUSDT,0,2026-08-31T11:25:13.0000000Z,0.002948,0.00279199,0.0030353,sl,3,2,0.6300000000000000000000000000
MINAUSDT,1,2026-08-31T13:15:23.0000000Z,0.06472,0.0651195,0.061988,sl,9,3,1.3800000000000000000000000000
XVGUSDT,1,2026-08-31T14:15:15.0000000Z,0.002585,0.00266497,0.00227879,sl,9,3,1.3800000000000000000000000000
BTRUSDT,1,2026-09-01T02:58:01.0000000Z,0.19644,0.197966,0.08465357,sl,9,3,1.3800000000000000000000000000
NOTUSDT,0,2026-09-01T03:48:43.0000000Z,0.0005052,0.00048678,0.00056324,sl,0,0,-5.5891211401425178147268408551
ZKPUSDT,0,2026-09-01T04:24:39.0000000Z,0.04541,0.045285,0.04926825,sl,0,0,-0.5329046465536225500990971152
AXLUSDT,0,2026-09-01T05:20:38.0000000Z,0.04376,0.04322,0.04566125,sl,2,0,-1.9710054844606946983546617916
HUMAUSDT,1,2026-09-01T10:24:27.0000000Z,0.02089,0.0209938,0.0203903,sl,6,1,-0.12
BELUSDT,1,2026-09-03T12:53:23.0000000Z,0.12174,0.12754433,0.11023857,tp,145,3,14.051303597831444061113849187
CIENUSDT,0,2026-09-04T06:14:55.0000000Z,320.95,320.3985,335.50675,sl,0,0,-0.3777504284156410655865399595
SNOWUSDT,1,2026-09-04T09:12:23.0000000Z,368.05,371.32,354.31375,tp,10,3,5.4782543132726531721233528051
FWDIUSDT,1,2026-09-04T10:00:43.0000000Z,6.768,6.7957,6.5459,sl,0,0,-0.7339184397163120567375886525
MUBARAKUSDT,1,2026-09-04T15:29:51.0000000Z,0.030027,0.0304705,0.02824,sl,2,3,1.3800000000000000000000000000
SKUUUSDT,0,2026-09-04T16:42:00.0000000Z,25.01,24.572325,26.38867625,tp,10,3,8.148750000000000000000000000
ROSEUSDT,0,2026-09-05T05:00:47.0000000Z,0.006779,0.00664756,0.00719305,sl,2,3,1.3800000000000000000000000000
ROSEUSDT,0,2026-09-05T05:00:51.0000000Z,0.006787,0.0066554,0.00720154,sl,2,3,1.3800000000000000000000000000
